
[1m[30m[46m RUN [49m[39m[22m [36mv4.1.10 [39m[90mC:/Users/BigotSmasher/Desktop/@Everything/quick-pt/SS-PT/tmp/worktrees/swan-coach-astra-owned-20260906/frontend[39m

 [32m✓[39m src/components/BadgeCreator/BadgeCreatorAuthPipeline.truth.test.ts [2m([22m[2m7 tests[22m[2m)[22m[32m 5[2mms[22m[39m
 [32m✓[39m src/components/WorkoutLogger/WorkoutLogger.clientRoute.test.ts [2m([22m[2m42 tests[22m[2m)[22m[32m 13[2mms[22m[39m
 [32m✓[39m src/components/UniversalMasterSchedule/SessionDetailModalAuthPipeline.truth.test.ts [2m([22m[2m7 tests[22m[2m)[22m[32m 9[2mms[22m[39m
 [32m✓[39m src/components/AvatarHome/AvatarHomeAuthPipeline.truth.test.ts [2m([22m[2m9 tests[22m[2m)[22m[32m 6[2mms[22m[39m
 [32m✓[39m src/components/UserDashboard/UserDashboardBannerCrop.contract.test.ts [2m([22m[2m13 tests[22m[2m)[22m[32m 5[2mms[22m[39m
 [32m✓[39m src/components/AdvancedGamification/AdvancedGamificationAuthPipeline.truth.test.ts [2m([22m[2m22 tests[22m[2m)[22m[32m 6[2mms[22m[39m
 [32m✓[39m src/components/UserDashboard/UserDashboardDailyLoop.contract.test.ts [2m([22m[2m34 tests[22m[2m)[22m[32m 37[2mms[22m[39m
 [32m✓[39m src/components/FoodTracker/FoodTrackerAuthPipeline.truth.test.ts [2m([22m[2m6 tests[22m[2m)[22m[32m 14[2mms[22m[39m
 [32m✓[39m src/components/WorkoutLogger/WorkoutLogger.submitContract.test.tsx [2m([22m[2m23 tests[22m[2m)[22m[32m 6[2mms[22m[39m
 [32m✓[39m src/hooks/analytics/useClientProgressCharts.test.ts [2m([22m[2m20 tests[22m[2m)[22m[32m 7[2mms[22m[39m
 [32m✓[39m src/components/UniversalMasterSchedule/ui/TimeWheelPicker/useTimeWheelState.test.ts [2m([22m[2m61 tests[22m[2m)[22m[32m 27[2mms[22m[39m
 [32m✓[39m src/context/ThemeContext/UniversalThemeContext.themeCycle.test.ts [2m([22m[2m16 tests[22m[2m)[22m[32m 40[2mms[22m[39m
 [32m✓[39m src/components/UserDashboard/HomeTabViewModel.test.ts [2m([22m[2m18 tests[22m[2m)[22m[32m 9[2mms[22m[39m
 [32m✓[39m src/hooks/gamification/gamificationMappers.test.ts [2m([22m[2m10 tests[22m[2m)[22m[32m 6[2mms[22m[39m
 [32m✓[39m src/components/BootcampBuilder/runner/runnerCore.test.ts [2m([22m[2m18 tests[22m[2m)[22m[32m 8[2mms[22m[39m
 [32m✓[39m src/adapters/style-lens-swan/worlds/registry.test.ts [2m([22m[2m17 tests[22m[2m)[22m[32m 39[2mms[22m[39m
 [32m✓[39m src/components/PlaudClipMerge/PlaudClipMerge.test.tsx [2m([22m[2m39 tests[22m[2m)[22m[32m 172[2mms[22m[39m
 [32m✓[39m src/components/ui/forge/ForgeButton.parity.test.tsx [2m([22m[2m20 tests[22m[2m)[22m[32m 194[2mms[22m[39m
[90mstderr[2m | src/components/CoachConfirm/ConfirmationSheet.robustness.test.tsx[2m > [22m[2mG02 robustness — hook lifetime and transport ownership[2m > [22m[2mR06: the same-turn confirm latch permits one POST only
[22m[39mWarning: An update to HookHarness inside a test was not wrapped in act(...).

When testing, code that causes React state updates should be wrapped into act(...):

act(() => {
  /* fire events that update state */
});
/* assert on the output */

This ensures that you're testing the behavior the user would see in the browser. Learn more at https://reactjs.org/link/wrap-tests-with-act
    at HookHarness (C:/Users/BigotSmasher/Desktop/@Everything/quick-pt/SS-PT/tmp/worktrees/swan-coach-astra-owned-20260906/frontend/src/components/CoachConfirm/ConfirmationSheet.robustness.test.tsx:99:3)

[90mstderr[2m | src/components/CoachConfirm/ConfirmationSheet.robustness.test.tsx[2m > [22m[2mG02 robustness — hook lifetime and transport ownership[2m > [22m[2mR06: same-turn confirm and cancel compete for one action latch
[22m[39mWarning: An update to HookHarness inside a test was not wrapped in act(...).

When testing, code that causes React state updates should be wrapped into act(...):

act(() => {
  /* fire events that update state */
});
/* assert on the output */

This ensures that you're testing the behavior the user would see in the browser. Learn more at https://reactjs.org/link/wrap-tests-with-act
    at HookHarness (C:/Users/BigotSmasher/Desktop/@Everything/quick-pt/SS-PT/tmp/worktrees/swan-coach-astra-owned-20260906/frontend/src/components/CoachConfirm/ConfirmationSheet.robustness.test.tsx:99:3)

 [32m✓[39m src/pages/AdvancedGamificationPage.truth.test.tsx [2m([22m[2m12 tests[22m[2m)[22m[33m 329[2mms[22m[39m
 [32m✓[39m src/components/DashBoard/workspaces/ClientsWorkspace.logic.test.ts [2m([22m[2m22 tests[22m[2m)[22m[32m 11[2mms[22m[39m
 [32m✓[39m src/components/WorkoutLogger/CorrectiveRecommendationsPanel.test.tsx [2m([22m[2m19 tests[22m[2m)[22m[33m 696[2mms[22m[39m
[90mstdout[2m | src/components/WorkoutLogger/WorkoutLogger.submitSuccess.test.tsx
[22m[39m[API] Production mode: false
[API] Base URL: http://localhost:10000

[90mstdout[2m | src/components/WorkoutLogger/WorkoutLogger.l4Prefill.test.tsx
[22m[39m[API] Production mode: false
[API] Base URL: http://localhost:10000

 [32m✓[39m src/components/DashBoard/workspaces/clients-team/ClientTrainingCommandBar.test.tsx [2m([22m[2m14 tests[22m[2m)[22m[33m 693[2mms[22m[39m
 [32m✓[39m src/components/ClientProgressCharts/ClientProgressCharts.test.tsx [2m([22m[2m16 tests[22m[2m)[22m[33m 638[2mms[22m[39m
     [33m[2m✓[22m[39m hides the NASM chart when the backend returns no truthful categories [33m 307[2mms[22m[39m
 [32m✓[39m src/components/Social/Challenges/ChallengesView.cards.test.tsx [2m([22m[2m13 tests[22m[2m)[22m[33m 457[2mms[22m[39m
 [32m✓[39m src/hooks/gamification/useGamificationData.cacheHardening.test.tsx [2m([22m[2m9 tests[22m[2m)[22m[33m 1170[2mms[22m[39m
 [32m✓[39m src/components/UserDashboard/components/HomeCommunityFeed.test.tsx [2m([22m[2m8 tests[22m[2m)[22m[33m 364[2mms[22m[39m
 [32m✓[39m src/components/Admin/SessionAllocationManager.truth.test.tsx [2m([22m[2m11 tests[22m[2m)[22m[33m 840[2mms[22m[39m
[90mstdout[2m | src/components/DashBoard/workspaces/clients-team/tabs/TrainingTabContent.defaultSection.test.tsx
[22m[39m[API] Production mode: false
[API] Base URL: http://localhost:10000

 [32m✓[39m src/components/DashBoard/workspaces/clients-team/ClientDetailView.test.tsx [2m([22m[2m16 tests[22m[2m)[22m[32m 6[2mms[22m[39m
[90mstdout[2m | src/components/WorkoutLogger/WorkoutLogger.ghostPrefill.test.tsx
[22m[39m[API] Production mode: false
[API] Base URL: http://localhost:10000

 [32m✓[39m src/components/DashBoard/Pages/workout-design-lab/lensRepresentation.coverage.test.tsx [2m([22m[2m18 tests[22m[2m)[22m[32m 270[2mms[22m[39m
 [32m✓[39m src/styles/tokenDiscipline.contract.test.ts [2m([22m[2m6 tests[22m[2m)[22m[33m 3205[2mms[22m[39m
     [33m[2m✓[22m[39m bans retired Galaxy-Swan colours in mounted source (hex AND rgb notation) [33m 630[2mms[22m[39m
     [33m[2m✓[22m[39m keeps tokens.css the sole declarer of the Obsidian/Carbon/Graphite trio [33m 541[2mms[22m[39m
     [33m[2m✓[22m[39m keeps themeUtils.ts the sole injector of the semantic vars [33m 617[2mms[22m[39m
     [33m[2m✓[22m[39m ratchets importers of the duplicate fallback token block (universal-theme-styles.css) [33m 698[2mms[22m[39m
     [33m[2m✓[22m[39m ratchets down theme/tokens.ts (static, theme-blind, competing) [33m 714[2mms[22m[39m
 [32m✓[39m src/components/DashBoard/workspaces/clients-team/clientCardSystem.contract.test.ts [2m([22m[2m6 tests[22m[2m)[22m[32m 5[2mms[22m[39m
 [32m✓[39m src/components/CoachConfirm/ConfirmationSheet.robustness.test.tsx [2m([22m[2m31 tests[22m[2m)[22m[33m 2243[2mms[22m[39m
   [33m[2m✓[22m[39m R11: late A1 digest success cannot replace ready A2 or prevent one A2 confirm [33m 310[2mms[22m[39m
   [33m[2m✓[22m[39m R11: late A1 digest rejection cannot publish stale error or affect A2 [33m 325[2mms[22m[39m
 [32m✓[39m src/components/WorkoutLogger/WorkoutLogger.protocolSections.test.tsx [2m([22m[2m32 tests[22m[2m)[22m[33m 529[2mms[22m[39m
 [32m✓[39m src/components/CoachConfirm/ConfirmationSheet.test.tsx [2m([22m[2m17 tests[22m[2m)[22m[33m 1101[2mms[22m[39m
 [32m✓[39m src/components/DashBoard/workspaces/marketing/useSocialPublish.test.ts [2m([22m[2m10 tests[22m[2m)[22m[32m 37[2mms[22m[39m
 [32m✓[39m src/components/TrainerDashboard/WorkoutLogging/EnhancedWorkoutLogger.autoMount.test.tsx [2m([22m[2m15 tests[22m[2m)[22m[33m 609[2mms[22m[39m
 [32m✓[39m src/components/Admin/TrainerPermissionsManager.truth.test.tsx [2m([22m[2m6 tests[22m[2m)[22m[33m 2060[2mms[22m[39m
     [33m[2m✓[22m[39m locks trainers whose permission truth failed to load instead of showing false OFF toggles [33m 659[2mms[22m[39m
     [33m[2m✓[22m[39m does not revoke existing permissions when a template grant fails [33m 538[2mms[22m[39m
     [33m[2m✓[22m[39m applies the New Trainer template from a guarded header command [33m 408[2mms[22m[39m
     [33m[2m✓[22m[39m revokes permissions outside the template only after missing grants succeed [33m 441[2mms[22m[39m
[90mstdout[2m | src/components/WorkoutLogger/runner/shell/shell.save-path.canonical.test.tsx
[22m[39m[API] Production mode: false
[API] Base URL: http://localhost:10000

 [32m✓[39m src/components/DashBoard/workspaces/clients-team/ClientHubGridCard.test.tsx [2m([22m[2m15 tests[22m[2m)[22m[33m 870[2mms[22m[39m
 [32m✓[39m src/components/DashBoard/workspaces/clients-team/useClientAccountLifecycle.test.tsx [2m([22m[2m7 tests[22m[2m)[22m[33m 1035[2mms[22m[39m
 [32m✓[39m src/components/WorkoutLogger/runner/shell/shell.features.batch4.test.tsx [2m([22m[2m10 tests[22m[2m)[22m[33m 468[2mms[22m[39m
 [32m✓[39m src/components/FoodTracker/MealPlanApproveSavePanel.test.tsx [2m([22m[2m15 tests[22m[2m)[22m[33m 2074[2mms[22m[39m
     [33m[2m✓[22m[39m lets the user edit and save generated meal-plan macros through /api/macros [33m 698[2mms[22m[39m
 [32m✓[39m src/components/DashBoard/workspaces/clients-team/ClientNutritionEstimateReviewPanel.test.tsx [2m([22m[2m6 tests[22m[2m)[22m[33m 521[2mms[22m[39m
 [32m✓[39m src/components/Social/Challenges/ChallengesView.render.test.tsx [2m([22m[2m10 tests[22m[2m)[22m[33m 1745[2mms[22m[39m
     [33m[2m✓[22m[39m renders a retryable unavailable panel instead of the normal empty state when challenge fetch fails [33m 447[2mms[22m[39m
 [32m✓[39m src/components/DashBoard/workspaces/clients-team/manualClientCreationHandoff.test.ts [2m([22m[2m6 tests[22m[2m)[22m[32m 7[2mms[22m[39m
 [32m✓[39m src/components/WorkoutLogger/runner/shell/shell.zones.noticelane.test.tsx [2m([22m[2m12 tests[22m[2m)[22m[32m 286[2mms[22m[39m
[90mstdout[2m | src/components/WorkoutLogger/runner/shell/shell.stage-swap.page.test.tsx
[22m[39m[API] Production mode: false
[API] Base URL: http://localhost:10000

 [32m✓[39m src/components/DashBoard/workspaces/clients-team/useManualClientCreation.test.tsx [2m([22m[2m6 tests[22m[2m)[22m[33m 627[2mms[22m[39m
[90mstdout[2m | src/components/DashBoard/Pages/coach-assistant/CoachCommandCenterWorkoutRoutes.test.tsx
[22m[39mAPI clients configured for SwanStudios backend

[90mstdout[2m | src/components/WorkoutLogger/runner/shell/shell.hardening.batch3.test.tsx
[22m[39m[API] Production mode: false
[API] Base URL: http://localhost:10000

[90mstdout[2m | src/components/WorkoutLogger/runner/shell/shell.hardening.batch3.test.tsx
[22m[39mAPI clients configured for SwanStudios backend

Error: zone exploded
    at Bomb (C:/Users/BigotSmasher/Desktop/@Everything/quick-pt/SS-PT/tmp/worktrees/swan-coach-astra-owned-20260906/frontend/src/components/WorkoutLogger/runner/shell/shell.hardening.batch3.test.tsx:25:40)
    at renderWithHooks (C:\Users\BigotSmasher\Desktop\@Everything\quick-pt\SS-PT\tmp\worktrees\swan-coach-astra-owned-20260906\frontend\node_modules\react-dom\cjs\react-dom.development.js:15486:18)
    at mountIndeterminateComponent (C:\Users\BigotSmasher\Desktop\@Everything\quick-pt\SS-PT\tmp\worktrees\swan-coach-astra-owned-20260906\frontend\node_modules\react-dom\cjs\react-dom.development.js:20103:13)
    at beginWork (C:\Users\BigotSmasher\Desktop\@Everything\quick-pt\SS-PT\tmp\worktrees\swan-coach-astra-owned-20260906\frontend\node_modules\react-dom\cjs\react-dom.development.js:21626:16)
    at HTMLUnknownElement.callCallback (C:\Users\BigotSmasher\Desktop\@Everything\quick-pt\SS-PT\tmp\worktrees\swan-coach-astra-owned-20260906\frontend\node_modules\react-dom\cjs\react-dom.development.js:4164:14)
    at HTMLUnknownElement.callTheUserObjectsOperation (C:\Users\BigotSmasher\Desktop\@Everything\quick-pt\SS-PT\tmp\worktrees\swan-coach-astra-owned-20260906\frontend\node_modules\jsdom\lib\jsdom\living\generated\EventListener.js:26:30)
    at innerInvokeEventListeners (C:\Users\BigotSmasher\Desktop\@Everything\quick-pt\SS-PT\tmp\worktrees\swan-coach-astra-owned-20260906\frontend\node_modules\jsdom\lib\jsdom\living\events\EventTarget-impl.js:360:16)
    at invokeEventListeners (C:\Users\BigotSmasher\Desktop\@Everything\quick-pt\SS-PT\tmp\worktrees\swan-coach-astra-owned-20260906\frontend\node_modules\jsdom\lib\jsdom\living\events\EventTarget-impl.js:296:3)
    at HTMLUnknownElementImpl._dispatch (C:\Users\BigotSmasher\Desktop\@Everything\quick-pt\SS-PT\tmp\worktrees\swan-coach-astra-owned-20260906\frontend\node_modules\jsdom\lib\jsdom\living\events\EventTarget-impl.js:243:9)
    at HTMLUnknownElementImpl.dispatchEvent (C:\Users\BigotSmasher\Desktop\@Everything\quick-pt\SS-PT\tmp\worktrees\swan-coach-astra-owned-20260906\frontend\node_modules\jsdom\lib\jsdom\living\events\EventTarget-impl.js:114:17)
Error: zone exploded
    at Bomb (C:/Users/BigotSmasher/Desktop/@Everything/quick-pt/SS-PT/tmp/worktrees/swan-coach-astra-owned-20260906/frontend/src/components/WorkoutLogger/runner/shell/shell.hardening.batch3.test.tsx:25:40)
    at renderWithHooks (C:\Users\BigotSmasher\Desktop\@Everything\quick-pt\SS-PT\tmp\worktrees\swan-coach-astra-owned-20260906\frontend\node_modules\react-dom\cjs\react-dom.development.js:15486:18)
    at mountIndeterminateComponent (C:\Users\BigotSmasher\Desktop\@Everything\quick-pt\SS-PT\tmp\worktrees\swan-coach-astra-owned-20260906\frontend\node_modules\react-dom\cjs\react-dom.development.js:20103:13)
    at beginWork (C:\Users\BigotSmasher\Desktop\@Everything\quick-pt\SS-PT\tmp\worktrees\swan-coach-astra-owned-20260906\frontend\node_modules\react-dom\cjs\react-dom.development.js:21626:16)
    at HTMLUnknownElement.callCallback (C:\Users\BigotSmasher\Desktop\@Everything\quick-pt\SS-PT\tmp\worktrees\swan-coach-astra-owned-20260906\frontend\node_modules\react-dom\cjs\react-dom.development.js:4164:14)
    at HTMLUnknownElement.callTheUserObjectsOperation (C:\Users\BigotSmasher\Desktop\@Everything\quick-pt\SS-PT\tmp\worktrees\swan-coach-astra-owned-20260906\frontend\node_modules\jsdom\lib\jsdom\living\generated\EventListener.js:26:30)
    at innerInvokeEventListeners (C:\Users\BigotSmasher\Desktop\@Everything\quick-pt\SS-PT\tmp\worktrees\swan-coach-astra-owned-20260906\frontend\node_modules\jsdom\lib\jsdom\living\events\EventTarget-impl.js:360:16)
    at invokeEventListeners (C:\Users\BigotSmasher\Desktop\@Everything\quick-pt\SS-PT\tmp\worktrees\swan-coach-astra-owned-20260906\frontend\node_modules\jsdom\lib\jsdom\living\events\EventTarget-impl.js:296:3)
    at HTMLUnknownElementImpl._dispatch (C:\Users\BigotSmasher\Desktop\@Everything\quick-pt\SS-PT\tmp\worktrees\swan-coach-astra-owned-20260906\frontend\node_modules\jsdom\lib\jsdom\living\events\EventTarget-impl.js:243:9)
    at HTMLUnknownElementImpl.dispatchEvent (C:\Users\BigotSmasher\Desktop\@Everything\quick-pt\SS-PT\tmp\worktrees\swan-coach-astra-owned-20260906\frontend\node_modules\jsdom\lib\jsdom\living\events\EventTarget-impl.js:114:17)
Error: zone exploded
    at Bomb (C:/Users/BigotSmasher/Desktop/@Everything/quick-pt/SS-PT/tmp/worktrees/swan-coach-astra-owned-20260906/frontend/src/components/WorkoutLogger/runner/shell/shell.hardening.batch3.test.tsx:25:40)
    at renderWithHooks (C:\Users\BigotSmasher\Desktop\@Everything\quick-pt\SS-PT\tmp\worktrees\swan-coach-astra-owned-20260906\frontend\node_modules\react-dom\cjs\react-dom.development.js:15486:18)
    at mountIndeterminateComponent (C:\Users\BigotSmasher\Desktop\@Everything\quick-pt\SS-PT\tmp\worktrees\swan-coach-astra-owned-20260906\frontend\node_modules\react-dom\cjs\react-dom.development.js:20103:13)
    at beginWork (C:\Users\BigotSmasher\Desktop\@Everything\quick-pt\SS-PT\tmp\worktrees\swan-coach-astra-owned-20260906\frontend\node_modules\react-dom\cjs\react-dom.development.js:21626:16)
    at HTMLUnknownElement.callCallback (C:\Users\BigotSmasher\Desktop\@Everything\quick-pt\SS-PT\tmp\worktrees\swan-coach-astra-owned-20260906\frontend\node_modules\react-dom\cjs\react-dom.development.js:4164:14)
    at HTMLUnknownElement.callTheUserObjectsOperation (C:\Users\BigotSmasher\Desktop\@Everything\quick-pt\SS-PT\tmp\worktrees\swan-coach-astra-owned-20260906\frontend\node_modules\jsdom\lib\jsdom\living\generated\EventListener.js:26:30)
    at innerInvokeEventListeners (C:\Users\BigotSmasher\Desktop\@Everything\quick-pt\SS-PT\tmp\worktrees\swan-coach-astra-owned-20260906\frontend\node_modules\jsdom\lib\jsdom\living\events\EventTarget-impl.js:360:16)
    at invokeEventListeners (C:\Users\BigotSmasher\Desktop\@Everything\quick-pt\SS-PT\tmp\worktrees\swan-coach-astra-owned-20260906\frontend\node_modules\jsdom\lib\jsdom\living\events\EventTarget-impl.js:296:3)
    at HTMLUnknownElementImpl._dispatch (C:\Users\BigotSmasher\Desktop\@Everything\quick-pt\SS-PT\tmp\worktrees\swan-coach-astra-owned-20260906\frontend\node_modules\jsdom\lib\jsdom\living\events\EventTarget-impl.js:243:9)
    at HTMLUnknownElementImpl.dispatchEvent (C:\Users\BigotSmasher\Desktop\@Everything\quick-pt\SS-PT\tmp\worktrees\swan-coach-astra-owned-20260906\frontend\node_modules\jsdom\lib\jsdom\living\events\EventTarget-impl.js:114:17)
Error: zone exploded
    at Bomb (C:/Users/BigotSmasher/Desktop/@Everything/quick-pt/SS-PT/tmp/worktrees/swan-coach-astra-owned-20260906/frontend/src/components/WorkoutLogger/runner/shell/shell.hardening.batch3.test.tsx:25:40)
    at renderWithHooks (C:\Users\BigotSmasher\Desktop\@Everything\quick-pt\SS-PT\tmp\worktrees\swan-coach-astra-owned-20260906\frontend\node_modules\react-dom\cjs\react-dom.development.js:15486:18)
    at mountIndeterminateComponent (C:\Users\BigotSmasher\Desktop\@Everything\quick-pt\SS-PT\tmp\worktrees\swan-coach-astra-owned-20260906\frontend\node_modules\react-dom\cjs\react-dom.development.js:20103:13)
    at beginWork (C:\Users\BigotSmasher\Desktop\@Everything\quick-pt\SS-PT\tmp\worktrees\swan-coach-astra-owned-20260906\frontend\node_modules\react-dom\cjs\react-dom.development.js:21626:16)
    at HTMLUnknownElement.callCallback (C:\Users\BigotSmasher\Desktop\@Everything\quick-pt\SS-PT\tmp\worktrees\swan-coach-astra-owned-20260906\frontend\node_modules\react-dom\cjs\react-dom.development.js:4164:14)
    at HTMLUnknownElement.callTheUserObjectsOperation (C:\Users\BigotSmasher\Desktop\@Everything\quick-pt\SS-PT\tmp\worktrees\swan-coach-astra-owned-20260906\frontend\node_modules\jsdom\lib\jsdom\living\generated\EventListener.js:26:30)
    at innerInvokeEventListeners (C:\Users\BigotSmasher\Desktop\@Everything\quick-pt\SS-PT\tmp\worktrees\swan-coach-astra-owned-20260906\frontend\node_modules\jsdom\lib\jsdom\living\events\EventTarget-impl.js:360:16)
    at invokeEventListeners (C:\Users\BigotSmasher\Desktop\@Everything\quick-pt\SS-PT\tmp\worktrees\swan-coach-astra-owned-20260906\frontend\node_modules\jsdom\lib\jsdom\living\events\EventTarget-impl.js:296:3)
    at HTMLUnknownElementImpl._dispatch (C:\Users\BigotSmasher\Desktop\@Everything\quick-pt\SS-PT\tmp\worktrees\swan-coach-astra-owned-20260906\frontend\node_modules\jsdom\lib\jsdom\living\events\EventTarget-impl.js:243:9)
    at HTMLUnknownElementImpl.dispatchEvent (C:\Users\BigotSmasher\Desktop\@Everything\quick-pt\SS-PT\tmp\worktrees\swan-coach-astra-owned-20260906\frontend\node_modules\jsdom\lib\jsdom\living\events\EventTarget-impl.js:114:17)
[90mstdout[2m | src/components/WorkoutLogger/runner/shell/shell.recipes.wiring.test.tsx
[22m[39m[API] Production mode: false
[API] Base URL: http://localhost:10000

[90mstdout[2m | src/components/WorkoutLogger/runner/shell/shell.receipt.terminal.test.tsx
[22m[39m[API] Production mode: false
[API] Base URL: http://localhost:10000

[90mstdout[2m | src/components/DashBoard/Pages/coach-assistant/CoachCommandOpsRail.test.tsx
[22m[39mAPI clients configured for SwanStudios backend

 [32m✓[39m src/components/UserDashboard/components/RestoreToday/RestoreCard.test.tsx [2m([22m[2m10 tests[22m[2m)[22m[33m 550[2mms[22m[39m
 [32m✓[39m src/components/WorkoutLogger/runner/shell/shell.hardening.batch3.test.tsx [2m([22m[2m8 tests[22m[2m)[22m[33m 368[2mms[22m[39m
[90mstdout[2m | src/components/WorkoutLogger/runner/shell/shell.law0.tap-budget.test.tsx
[22m[39m[API] Production mode: false
[API] Base URL: http://localhost:10000

 [32m✓[39m src/components/WorkoutLogger/runner/shell/shell.world-seam.test.ts [2m([22m[2m5 tests[22m[2m)[22m[32m 24[2mms[22m[39m
 [32m✓[39m src/components/DashBoard/Pages/admin-clients/components/AdminViewAsWrapper.viewAs.test.tsx [2m([22m[2m5 tests[22m[2m)[22m[32m 236[2mms[22m[39m
[90mstdout[2m | src/components/DashBoard/workspaces/clients-team/tabs/TrainingTabContent.defaultSection.test.tsx[2m > [22m[2mTrainingTabContent daily workflow default[2m > [22m[2mshows a post-save receipt with a one-tap progress proof action
[22m[39mAPI clients configured for SwanStudios backend

 [32m✓[39m src/services/pdfExportService.populatedPlan.test.ts [2m([22m[2m18 tests[22m[2m)[22m[32m 29[2mms[22m[39m
[90mstderr[2m | src/components/DashBoard/Pages/client-dashboard/ClientHomeTab.test.tsx[2m > [22m[2mClientHomeTab — NextSessionCard explicit-static truth lock[2m > [22m[2mrenders the NextSessionCard with an explicit "Not booked yet" subtext (not a fake live schedule)
[22m[39mRestore panel fetch failed { message: [32m'empty restore payload'[39m }

[90mstderr[2m | src/components/DashBoard/Pages/client-dashboard/ClientHomeTab.test.tsx[2m > [22m[2mClientHomeTab — NextSessionCard explicit-static truth lock[2m > [22m[2mdoes NOT render any fake upcoming-session time string on the canonical /overview surface
[22m[39mRestore panel fetch failed { message: [32m'empty restore payload'[39m }

 [32m✓[39m src/components/WorkoutLogger/runner/shell/shell.zones.actionbar.test.tsx [2m([22m[2m13 tests[22m[2m)[22m[33m 431[2mms[22m[39m
[90mstderr[2m | src/components/DashBoard/Pages/client-dashboard/ClientHomeTab.test.tsx[2m > [22m[2mClientHomeTab — NextSessionCard explicit-static truth lock[2m > [22m[2mBook Session CTA is present inside the NextSessionCard and navigates to /dashboard/client/schedule
[22m[39mRestore panel fetch failed { message: [32m'empty restore payload'[39m }

[90mstdout[2m | src/components/Social/Feed/components/SocialCoverEditor.drag.test.tsx
[22m[39m[API] Production mode: false
[API] Base URL: http://localhost:10000

[90mstderr[2m | src/components/DashBoard/Pages/client-dashboard/ClientHomeTab.test.tsx[2m > [22m[2mClientHomeTab — NextSessionCard explicit-static truth lock[2m > [22m[2mkeeps Log Workout and Progress as first-viewport hero actions
[22m[39mRestore panel fetch failed { message: [32m'empty restore payload'[39m }

 [32m✓[39m src/components/DashBoard/workspaces/marketing/useSocialPublish.retry.test.ts [2m([22m[2m6 tests[22m[2m)[22m[32m 48[2mms[22m[39m
 [32m✓[39m src/components/DashBoard/workspaces/clients-team/clientOptionMappers.test.ts [2m([22m[2m9 tests[22m[2m)[22m[32m 7[2mms[22m[39m
 [32m✓[39m src/components/DashBoard/Pages/admin-clients/components/LongHorizonPlanReviewEditor.test.tsx [2m([22m[2m3 tests[22m[2m)[22m[33m 482[2mms[22m[39m
     [33m[2m✓[22m[39m keeps review edits, export, and regenerate actions wired [33m 375[2mms[22m[39m
 [32m✓[39m src/components/DashBoard/workspaces/clients-team/ClientSelectorDropdown.test.tsx [2m([22m[2m6 tests[22m[2m)[22m[33m 556[2mms[22m[39m
[90mstderr[2m | src/components/DashBoard/workspaces/marketing/SocialPostGenerator.retry.test.tsx[2m > [22m[2mSocialPostGenerator — retry affordance[2m > [22m[2moffers a retry naming how many platforms failed, and keeps the draft
[22m[39mWarning: An update to SocialPostGenerator inside a test was not wrapped in act(...).

When testing, code that causes React state updates should be wrapped into act(...):

act(() => {
  /* fire events that update state */
});
/* assert on the output */

This ensures that you're testing the behavior the user would see in the browser. Learn more at https://reactjs.org/link/wrap-tests-with-act
    at SocialPostGenerator (C:/Users/BigotSmasher/Desktop/@Everything/quick-pt/SS-PT/tmp/worktrees/swan-coach-astra-owned-20260906/frontend/src/components/DashBoard/workspaces/marketing/SocialPostGenerator.tsx:50:69)
Warning: An update to SocialPostGenerator inside a test was not wrapped in act(...).

When testing, code that causes React state updates should be wrapped into act(...):

act(() => {
  /* fire events that update state */
});
/* assert on the output */

This ensures that you're testing the behavior the user would see in the browser. Learn more at https://reactjs.org/link/wrap-tests-with-act
    at SocialPostGenerator (C:/Users/BigotSmasher/Desktop/@Everything/quick-pt/SS-PT/tmp/worktrees/swan-coach-astra-owned-20260906/frontend/src/components/DashBoard/workspaces/marketing/SocialPostGenerator.tsx:50:69)
Warning: An update to SocialPostGenerator inside a test was not wrapped in act(...).

When testing, code that causes React state updates should be wrapped into act(...):

act(() => {
  /* fire events that update state */
});
/* assert on the output */

This ensures that you're testing the behavior the user would see in the browser. Learn more at https://reactjs.org/link/wrap-tests-with-act
    at SocialPostGenerator (C:/Users/BigotSmasher/Desktop/@Everything/quick-pt/SS-PT/tmp/worktrees/swan-coach-astra-owned-20260906/frontend/src/components/DashBoard/workspaces/marketing/SocialPostGenerator.tsx:50:69)
Warning: An update to SocialPostGenerator inside a test was not wrapped in act(...).

When testing, code that causes React state updates should be wrapped into act(...):

act(() => {
  /* fire events that update state */
});
/* assert on the output */

This ensures that you're testing the behavior the user would see in the browser. Learn more at https://reactjs.org/link/wrap-tests-with-act
    at SocialPostGenerator (C:/Users/BigotSmasher/Desktop/@Everything/quick-pt/SS-PT/tmp/worktrees/swan-coach-astra-owned-20260906/frontend/src/components/DashBoard/workspaces/marketing/SocialPostGenerator.tsx:50:69)

[90mstderr[2m | src/components/DashBoard/Pages/client-dashboard/ClientHomeTab.test.tsx[2m > [22m[2mClientHomeTab — NextSessionCard explicit-static truth lock[2m > [22m[2mdoes not expose SwanStudios booking actions for Move Fitness clients
[22m[39mRestore panel fetch failed { message: [32m'empty restore payload'[39m }

[90mstderr[2m | src/components/DashBoard/workspaces/marketing/SocialPostGenerator.retry.test.tsx[2m > [22m[2mSocialPostGenerator — retry affordance[2m > [22m[2mretries the job the server named, and clears the draft once it publishes
[22m[39mWarning: An update to SocialPostGenerator inside a test was not wrapped in act(...).

When testing, code that causes React state updates should be wrapped into act(...):

act(() => {
  /* fire events that update state */
});
/* assert on the output */

This ensures that you're testing the behavior the user would see in the browser. Learn more at https://reactjs.org/link/wrap-tests-with-act
    at SocialPostGenerator (C:/Users/BigotSmasher/Desktop/@Everything/quick-pt/SS-PT/tmp/worktrees/swan-coach-astra-owned-20260906/frontend/src/components/DashBoard/workspaces/marketing/SocialPostGenerator.tsx:50:69)
Warning: An update to SocialPostGenerator inside a test was not wrapped in act(...).

When testing, code that causes React state updates should be wrapped into act(...):

act(() => {
  /* fire events that update state */
});
/* assert on the output */

This ensures that you're testing the behavior the user would see in the browser. Learn more at https://reactjs.org/link/wrap-tests-with-act
    at SocialPostGenerator (C:/Users/BigotSmasher/Desktop/@Everything/quick-pt/SS-PT/tmp/worktrees/swan-coach-astra-owned-20260906/frontend/src/components/DashBoard/workspaces/marketing/SocialPostGenerator.tsx:50:69)
Warning: An update to SocialPostGenerator inside a test was not wrapped in act(...).

When testing, code that causes React state updates should be wrapped into act(...):

act(() => {
  /* fire events that update state */
});
/* assert on the output */

This ensures that you're testing the behavior the user would see in the browser. Learn more at https://reactjs.org/link/wrap-tests-with-act
    at SocialPostGenerator (C:/Users/BigotSmasher/Desktop/@Everything/quick-pt/SS-PT/tmp/worktrees/swan-coach-astra-owned-20260906/frontend/src/components/DashBoard/workspaces/marketing/SocialPostGenerator.tsx:50:69)
Warning: An update to SocialPostGenerator inside a test was not wrapped in act(...).

When testing, code that causes React state updates should be wrapped into act(...):

act(() => {
  /* fire events that update state */
});
/* assert on the output */

This ensures that you're testing the behavior the user would see in the browser. Learn more at https://reactjs.org/link/wrap-tests-with-act
    at SocialPostGenerator (C:/Users/BigotSmasher/Desktop/@Everything/quick-pt/SS-PT/tmp/worktrees/swan-coach-astra-owned-20260906/frontend/src/components/DashBoard/workspaces/marketing/SocialPostGenerator.tsx:50:69)

 [32m✓[39m src/pages/HomePage/components/sections/NewsletterSection.test.tsx [2m([22m[2m7 tests[22m[2m)[22m[33m 501[2mms[22m[39m
[90mstderr[2m | src/components/DashBoard/Pages/client-dashboard/ClientHomeTab.test.tsx[2m > [22m[2mClientHomeTab — NextSessionCard explicit-static truth lock[2m > [22m[2mrenders the active current workout with a one-tap log action from the canonical workout endpoint
[22m[39mRestore panel fetch failed { message: [32m'empty restore payload'[39m }

[90mstderr[2m | src/components/DashBoard/workspaces/marketing/SocialPostGenerator.retry.test.tsx[2m > [22m[2mSocialPostGenerator — retry affordance[2m > [22m[2mwarns that a retry sends the original text once the composer is edited
[22m[39mWarning: An update to SocialPostGenerator inside a test was not wrapped in act(...).

When testing, code that causes React state updates should be wrapped into act(...):

act(() => {
  /* fire events that update state */
});
/* assert on the output */

This ensures that you're testing the behavior the user would see in the browser. Learn more at https://reactjs.org/link/wrap-tests-with-act
    at SocialPostGenerator (C:/Users/BigotSmasher/Desktop/@Everything/quick-pt/SS-PT/tmp/worktrees/swan-coach-astra-owned-20260906/frontend/src/components/DashBoard/workspaces/marketing/SocialPostGenerator.tsx:50:69)
Warning: An update to SocialPostGenerator inside a test was not wrapped in act(...).

When testing, code that causes React state updates should be wrapped into act(...):

act(() => {
  /* fire events that update state */
});
/* assert on the output */

This ensures that you're testing the behavior the user would see in the browser. Learn more at https://reactjs.org/link/wrap-tests-with-act
    at SocialPostGenerator (C:/Users/BigotSmasher/Desktop/@Everything/quick-pt/SS-PT/tmp/worktrees/swan-coach-astra-owned-20260906/frontend/src/components/DashBoard/workspaces/marketing/SocialPostGenerator.tsx:50:69)
Warning: An update to SocialPostGenerator inside a test was not wrapped in act(...).

When testing, code that causes React state updates should be wrapped into act(...):

act(() => {
  /* fire events that update state */
});
/* assert on the output */

This ensures that you're testing the behavior the user would see in the browser. Learn more at https://reactjs.org/link/wrap-tests-with-act
    at SocialPostGenerator (C:/Users/BigotSmasher/Desktop/@Everything/quick-pt/SS-PT/tmp/worktrees/swan-coach-astra-owned-20260906/frontend/src/components/DashBoard/workspaces/marketing/SocialPostGenerator.tsx:50:69)
Warning: An update to SocialPostGenerator inside a test was not wrapped in act(...).

When testing, code that causes React state updates should be wrapped into act(...):

act(() => {
  /* fire events that update state */
});
/* assert on the output */

This ensures that you're testing the behavior the user would see in the browser. Learn more at https://reactjs.org/link/wrap-tests-with-act
    at SocialPostGenerator (C:/Users/BigotSmasher/Desktop/@Everything/quick-pt/SS-PT/tmp/worktrees/swan-coach-astra-owned-20260906/frontend/src/components/DashBoard/workspaces/marketing/SocialPostGenerator.tsx:50:69)

[90mstderr[2m | src/components/DashBoard/Pages/client-dashboard/ClientHomeTab.test.tsx[2m > [22m[2mClientHomeTab — NextSessionCard explicit-static truth lock[2m > [22m[2mroutes completed planned homework to workout history instead of another log attempt
[22m[39mRestore panel fetch failed { message: [32m'empty restore payload'[39m }

[90mstderr[2m | src/components/DashBoard/Pages/client-dashboard/ClientHomeTab.test.tsx[2m > [22m[2mClientHomeTab — NextSessionCard explicit-static truth lock[2m > [22m[2mroutes trainer-led plan assignments to schedule instead of client self-logging
[22m[39mRestore panel fetch failed { message: [32m'empty restore payload'[39m }

[90mstdout[2m | src/components/DashBoard/workspaces/clients-team/ClientCreationHandoffPanel.test.tsx
[22m[39m[API] Production mode: false
[API] Base URL: http://localhost:10000

 [32m✓[39m src/components/DashBoard/workspaces/marketing/SocialPostGenerator.publishTruth.test.ts [2m([22m[2m10 tests[22m[2m)[22m[32m 6[2mms[22m[39m
[90mstderr[2m | src/components/DashBoard/workspaces/marketing/SocialPostGenerator.retry.test.tsx[2m > [22m[2mSocialPostGenerator — retry affordance[2m > [22m[2moffers no retry when the content was refused by the compliance gate
[22m[39mWarning: An update to SocialPostGenerator inside a test was not wrapped in act(...).

When testing, code that causes React state updates should be wrapped into act(...):

act(() => {
  /* fire events that update state */
});
/* assert on the output */

This ensures that you're testing the behavior the user would see in the browser. Learn more at https://reactjs.org/link/wrap-tests-with-act
    at SocialPostGenerator (C:/Users/BigotSmasher/Desktop/@Everything/quick-pt/SS-PT/tmp/worktrees/swan-coach-astra-owned-20260906/frontend/src/components/DashBoard/workspaces/marketing/SocialPostGenerator.tsx:50:69)
Warning: An update to SocialPostGenerator inside a test was not wrapped in act(...).

When testing, code that causes React state updates should be wrapped into act(...):

act(() => {
  /* fire events that update state */
});
/* assert on the output */

This ensures that you're testing the behavior the user would see in the browser. Learn more at https://reactjs.org/link/wrap-tests-with-act
    at SocialPostGenerator (C:/Users/BigotSmasher/Desktop/@Everything/quick-pt/SS-PT/tmp/worktrees/swan-coach-astra-owned-20260906/frontend/src/components/DashBoard/workspaces/marketing/SocialPostGenerator.tsx:50:69)
Warning: An update to SocialPostGenerator inside a test was not wrapped in act(...).

When testing, code that causes React state updates should be wrapped into act(...):

act(() => {
  /* fire events that update state */
});
/* assert on the output */

This ensures that you're testing the behavior the user would see in the browser. Learn more at https://reactjs.org/link/wrap-tests-with-act
    at SocialPostGenerator (C:/Users/BigotSmasher/Desktop/@Everything/quick-pt/SS-PT/tmp/worktrees/swan-coach-astra-owned-20260906/frontend/src/components/DashBoard/workspaces/marketing/SocialPostGenerator.tsx:50:69)

[90mstderr[2m | src/components/DashBoard/Pages/client-dashboard/ClientHomeTab.test.tsx[2m > [22m[2mClientHomeTab — NextSessionCard explicit-static truth lock[2m > [22m[2mrenders backend pending assignment details when the client has plan arcs but no active workout yet
[22m[39mRestore panel fetch failed { message: [32m'empty restore payload'[39m }

 [32m✓[39m src/components/DashBoard/Pages/admin-clients/components/AdminViewAsWrapper.recentWorkoutsClick.test.tsx [2m([22m[2m3 tests[22m[2m)[22m[33m 424[2mms[22m[39m
     [33m[2m✓[22m[39m renders Recent Workouts items as clickable buttons (not static text) [33m 301[2mms[22m[39m
[90mstderr[2m | src/components/DashBoard/Pages/client-dashboard/ClientHomeTab.test.tsx[2m > [22m[2mClientHomeTab — NextSessionCard explicit-static truth lock[2m > [22m[2mdoes NOT mount any weight or body-measurement widget on canonical /overview
[22m[39mRestore panel fetch failed { message: [32m'empty restore payload'[39m }

[90mstderr[2m | src/components/DashBoard/workspaces/marketing/SocialPostGenerator.retry.test.tsx[2m > [22m[2mSocialPostGenerator — retry affordance[2m > [22m[2mblocks a fresh publish while a retry is in flight, so nothing double-posts
[22m[39mWarning: An update to SocialPostGenerator inside a test was not wrapped in act(...).

When testing, code that causes React state updates should be wrapped into act(...):

act(() => {
  /* fire events that update state */
});
/* assert on the output */

This ensures that you're testing the behavior the user would see in the browser. Learn more at https://reactjs.org/link/wrap-tests-with-act
    at SocialPostGenerator (C:/Users/BigotSmasher/Desktop/@Everything/quick-pt/SS-PT/tmp/worktrees/swan-coach-astra-owned-20260906/frontend/src/components/DashBoard/workspaces/marketing/SocialPostGenerator.tsx:50:69)
Warning: An update to SocialPostGenerator inside a test was not wrapped in act(...).

When testing, code that causes React state updates should be wrapped into act(...):

act(() => {
  /* fire events that update state */
});
/* assert on the output */

This ensures that you're testing the behavior the user would see in the browser. Learn more at https://reactjs.org/link/wrap-tests-with-act
    at SocialPostGenerator (C:/Users/BigotSmasher/Desktop/@Everything/quick-pt/SS-PT/tmp/worktrees/swan-coach-astra-owned-20260906/frontend/src/components/DashBoard/workspaces/marketing/SocialPostGenerator.tsx:50:69)
Warning: An update to SocialPostGenerator inside a test was not wrapped in act(...).

When testing, code that causes React state updates should be wrapped into act(...):

act(() => {
  /* fire events that update state */
});
/* assert on the output */

This ensures that you're testing the behavior the user would see in the browser. Learn more at https://reactjs.org/link/wrap-tests-with-act
    at SocialPostGenerator (C:/Users/BigotSmasher/Desktop/@Everything/quick-pt/SS-PT/tmp/worktrees/swan-coach-astra-owned-20260906/frontend/src/components/DashBoard/workspaces/marketing/SocialPostGenerator.tsx:50:69)
Warning: An update to SocialPostGenerator inside a test was not wrapped in act(...).

When testing, code that causes React state updates should be wrapped into act(...):

act(() => {
  /* fire events that update state */
});
/* assert on the output */

This ensures that you're testing the behavior the user would see in the browser. Learn more at https://reactjs.org/link/wrap-tests-with-act
    at SocialPostGenerator (C:/Users/BigotSmasher/Desktop/@Everything/quick-pt/SS-PT/tmp/worktrees/swan-coach-astra-owned-20260906/frontend/src/components/DashBoard/workspaces/marketing/SocialPostGenerator.tsx:50:69)

[90mstderr[2m | src/components/DashBoard/Pages/client-dashboard/ClientHomeTab.test.tsx[2m > [22m[2mClientHomeTab — NextSessionCard explicit-static truth lock[2m > [22m[2mswaps community noise for the orientation strip on a zero-history client
[22m[39mRestore panel fetch failed { message: [32m'empty restore payload'[39m }

 [32m✓[39m src/components/DashBoard/workspaces/marketing/SocialPostGenerator.retry.test.tsx [2m([22m[2m6 tests[22m[2m)[22m[33m 1717[2mms[22m[39m
     [33m[2m✓[22m[39m offers no retry until a publish has actually failed [33m 444[2mms[22m[39m
     [33m[2m✓[22m[39m retries the job the server named, and clears the draft once it publishes [33m 304[2mms[22m[39m
[90mstderr[2m | src/components/DashBoard/Pages/client-dashboard/ClientHomeTab.test.tsx[2m > [22m[2mClientHomeTab — NextSessionCard explicit-static truth lock[2m > [22m[2mnever mistakes a FAILED session fetch for zero history
[22m[39mRestore panel fetch failed { message: [32m'empty restore payload'[39m }

 [32m✓[39m src/components/DashBoard/workspaces/marketing/LeadPipelinePanel.test.tsx [2m([22m[2m6 tests[22m[2m)[22m[33m 415[2mms[22m[39m
[90mstderr[2m | src/components/DashBoard/Pages/client-dashboard/ClientHomeTab.test.tsx[2m > [22m[2mClientHomeTab — NextSessionCard explicit-static truth lock[2m > [22m[2mkeeps the composer and hides the orientation strip once history exists
[22m[39mRestore panel fetch failed { message: [32m'empty restore payload'[39m }

 [32m✓[39m src/components/DashBoard/workspaces/clients-team/ClientCreationHandoffPanel.test.tsx [2m([22m[2m5 tests[22m[2m)[22m[33m 460[2mms[22m[39m
     [33m[2m✓[22m[39m renders a mobile-safe claim handoff with copy actions and no password exposure [33m 305[2mms[22m[39m
[90mstderr[2m | src/components/DashBoard/Pages/client-dashboard/ClientHomeTab.test.tsx[2m > [22m[2mClientHomeTab — NextSessionCard explicit-static truth lock[2m > [22m[2mturns the Reels spotlight into a structured workout post action
[22m[39mRestore panel fetch failed { message: [32m'empty restore payload'[39m }

[90mstdout[2m | src/components/DashBoard/Pages/coach-assistant/CoachIntakeWorkspacePostActionFlow.test.tsx
[22m[39m[API] Production mode: false
[API] Base URL: http://localhost:10000

[90mstdout[2m | src/components/DashBoard/Pages/coach-assistant/CoachCommandCenterVoice.test.tsx
[22m[39m[API] Production mode: false
[API] Base URL: http://localhost:10000

[90mstdout[2m | src/components/DashBoard/Pages/coach-assistant/CoachCommandCenterVoiceLifecycle.test.tsx
[22m[39m[API] Production mode: false
[API] Base URL: http://localhost:10000

 [32m✓[39m src/components/DashBoard/Pages/workout-design-lab/WorkoutDesignLab.styleAxis.test.tsx [2m([22m[2m27 tests[22m[2m)[22m[33m 5201[2mms[22m[39m
     [33m[2m✓[22m[39m switches between World, Style, and Compare without duplicating the catalog [33m 2205[2mms[22m[39m
[90mstdout[2m | src/components/DashBoard/Pages/coach-assistant/CoachCommandCenterThreadTargetRoutes.test.tsx
[22m[39mAPI clients configured for SwanStudios backend

[90mstdout[2m | src/components/DashBoard/Pages/coach-assistant/CoachCommandCenterVoice.test.tsx
[22m[39mAPI clients configured for SwanStudios backend

[90mstdout[2m | src/components/DashBoard/Pages/coach-assistant/CoachCommandCenterVoiceLifecycle.test.tsx
[22m[39mAPI clients configured for SwanStudios backend

[90mstdout[2m | src/components/DashBoard/Pages/coach-assistant/CoachIntakeWorkspaceFocus.test.tsx
[22m[39m[API] Production mode: false
[API] Base URL: http://localhost:10000

[90mstderr[2m | src/components/DashBoard/Pages/coach-assistant/CoachCommandOpsRail.test.tsx[2m > [22m[2mCoachCommandOpsRail workout command panel[2m > [22m[2mshows route-safe Logger and Planner actions when Coach has a selected route client
[22m[39mWarning: An update to CoachCommandCenterPage inside a test was not wrapped in act(...).

When testing, code that causes React state updates should be wrapped into act(...):

act(() => {
  /* fire events that update state */
});
/* assert on the output */

This ensures that you're testing the behavior the user would see in the browser. Learn more at https://reactjs.org/link/wrap-tests-with-act
    at CoachCommandCenterPage (C:/Users/BigotSmasher/Desktop/@Everything/quick-pt/SS-PT/tmp/worktrees/swan-coach-astra-owned-20260906/frontend/src/components/DashBoard/Pages/coach-assistant/CoachCommandCenterPage.tsx:42:117)
    at CoachSessionDraftProvider (C:/Users/BigotSmasher/Desktop/@Everything/quick-pt/SS-PT/tmp/worktrees/swan-coach-astra-owned-20260906/frontend/src/components/DashBoard/Pages/coach-assistant/CoachSessionDraftContext.tsx:15:38)
    at Router (C:\Users\BigotSmasher\Desktop\@Everything\quick-pt\SS-PT\tmp\worktrees\swan-coach-astra-owned-20260906\frontend\node_modules\react-router\dist\umd\react-router.development.js:1203:17)
    at MemoryRouter (C:\Users\BigotSmasher\Desktop\@Everything\quick-pt\SS-PT\tmp\worktrees\swan-coach-astra-owned-20260906\frontend\node_modules\react-router\dist\umd\react-router.development.js:1097:7)

[90mstderr[2m | src/components/DashBoard/Pages/coach-assistant/CoachCommandCenterWorkoutRoutes.test.tsx[2m > [22m[2mCoachCommandCenterPage workout route actions[2m > [22m[2moffers Sean/admin personal Logger and Planner inside More when no route client is loaded
[22m[39mWarning: An update to CoachCommandCenterPage inside a test was not wrapped in act(...).

When testing, code that causes React state updates should be wrapped into act(...):

act(() => {
  /* fire events that update state */
});
/* assert on the output */

This ensures that you're testing the behavior the user would see in the browser. Learn more at https://reactjs.org/link/wrap-tests-with-act
    at CoachCommandCenterPage (C:/Users/BigotSmasher/Desktop/@Everything/quick-pt/SS-PT/tmp/worktrees/swan-coach-astra-owned-20260906/frontend/src/components/DashBoard/Pages/coach-assistant/CoachCommandCenterPage.tsx:42:117)
    at CoachSessionDraftProvider (C:/Users/BigotSmasher/Desktop/@Everything/quick-pt/SS-PT/tmp/worktrees/swan-coach-astra-owned-20260906/frontend/src/components/DashBoard/Pages/coach-assistant/CoachSessionDraftContext.tsx:15:38)
    at Router (C:\Users\BigotSmasher\Desktop\@Everything\quick-pt\SS-PT\tmp\worktrees\swan-coach-astra-owned-20260906\frontend\node_modules\react-router\dist\umd\react-router.development.js:1203:17)
    at MemoryRouter (C:\Users\BigotSmasher\Desktop\@Everything\quick-pt\SS-PT\tmp\worktrees\swan-coach-astra-owned-20260906\frontend\node_modules\react-router\dist\umd\react-router.development.js:1097:7)

[90mstderr[2m | src/components/DashBoard/Pages/coach-assistant/CoachCommandOpsRail.test.tsx[2m > [22m[2mCoachCommandOpsRail workout command panel[2m > [22m[2mshows route-safe Logger and Planner actions when Coach has a selected route client
[22m[39mWarning: An update to CoachCommandCenterPage inside a test was not wrapped in act(...).

When testing, code that causes React state updates should be wrapped into act(...):

act(() => {
  /* fire events that update state */
});
/* assert on the output */

This ensures that you're testing the behavior the user would see in the browser. Learn more at https://reactjs.org/link/wrap-tests-with-act
    at CoachCommandCenterPage (C:/Users/BigotSmasher/Desktop/@Everything/quick-pt/SS-PT/tmp/worktrees/swan-coach-astra-owned-20260906/frontend/src/components/DashBoard/Pages/coach-assistant/CoachCommandCenterPage.tsx:42:117)
    at CoachSessionDraftProvider (C:/Users/BigotSmasher/Desktop/@Everything/quick-pt/SS-PT/tmp/worktrees/swan-coach-astra-owned-20260906/frontend/src/components/DashBoard/Pages/coach-assistant/CoachSessionDraftContext.tsx:15:38)
    at Router (C:\Users\BigotSmasher\Desktop\@Everything\quick-pt\SS-PT\tmp\worktrees\swan-coach-astra-owned-20260906\frontend\node_modules\react-router\dist\umd\react-router.development.js:1203:17)
    at MemoryRouter (C:\Users\BigotSmasher\Desktop\@Everything\quick-pt\SS-PT\tmp\worktrees\swan-coach-astra-owned-20260906\frontend\node_modules\react-router\dist\umd\react-router.development.js:1097:7)

[90mstderr[2m | src/components/DashBoard/Pages/coach-assistant/CoachCommandCenterWorkoutRoutes.test.tsx[2m > [22m[2mCoachCommandCenterPage workout route actions[2m > [22m[2moffers Sean/admin personal Logger and Planner inside More when no route client is loaded
[22m[39mWarning: An update to CoachCommandCenterPage inside a test was not wrapped in act(...).

When testing, code that causes React state updates should be wrapped into act(...):

act(() => {
  /* fire events that update state */
});
/* assert on the output */

This ensures that you're testing the behavior the user would see in the browser. Learn more at https://reactjs.org/link/wrap-tests-with-act
    at CoachCommandCenterPage (C:/Users/BigotSmasher/Desktop/@Everything/quick-pt/SS-PT/tmp/worktrees/swan-coach-astra-owned-20260906/frontend/src/components/DashBoard/Pages/coach-assistant/CoachCommandCenterPage.tsx:42:117)
    at CoachSessionDraftProvider (C:/Users/BigotSmasher/Desktop/@Everything/quick-pt/SS-PT/tmp/worktrees/swan-coach-astra-owned-20260906/frontend/src/components/DashBoard/Pages/coach-assistant/CoachSessionDraftContext.tsx:15:38)
    at Router (C:\Users\BigotSmasher\Desktop\@Everything\quick-pt\SS-PT\tmp\worktrees\swan-coach-astra-owned-20260906\frontend\node_modules\react-router\dist\umd\react-router.development.js:1203:17)
    at MemoryRouter (C:\Users\BigotSmasher\Desktop\@Everything\quick-pt\SS-PT\tmp\worktrees\swan-coach-astra-owned-20260906\frontend\node_modules\react-router\dist\umd\react-router.development.js:1097:7)

 [32m✓[39m src/components/Social/Feed/components/SocialCoverEditor.drag.test.tsx [2m([22m[2m6 tests[22m[2m)[22m[33m 1399[2mms[22m[39m
     [33m[2m✓[22m[39m docks the live preview beside the cover controls [33m 857[2mms[22m[39m
 [31m❯[39m src/components/DashBoard/workspaces/clients-team/tabs/TrainingTabContent.defaultSection.test.tsx [2m([22m[2m22 tests[22m[2m | [22m[31m1 failed[39m[2m)[22m[33m 5550[2mms[22m[39m
     [33m[2m✓[22m[39m opens on Today so the selected-client workflow starts with the daily log [33m 375[2mms[22m[39m
     [32m✓[39m renders exactly three workflow modes with no seven-tab sprawl[32m 64[2mms[22m[39m
     [32m✓[39m can open directly on Workout History after returning from a saved full-page log[32m 244[2mms[22m[39m
     [32m✓[39m can open directly on Plan Library after returning from a saved full-page planner[32m 102[2mms[22m[39m
     [32m✓[39m opens deep-linked PLAUD uploads inside History & Inputs[32m 102[2mms[22m[39m
     [32m✓[39m opens the logger from the saved plan card action[32m 149[2mms[22m[39m
     [32m✓[39m loads today from the active plan when opening the logger from a saved plan[32m 114[2mms[22m[39m
     [32m✓[39m opens and refreshes Plan Library after Build Plan saves a generated plan[32m 180[2mms[22m[39m
     [32m✓[39m names the plan-generation lane as Build Plan, not a generic architect[32m 122[2mms[22m[39m
     [32m✓[39m forwards scheduled session context into the embedded log workout[32m 8[2mms[22m[39m
[31m     [31m×[31m forwards scheduled session context into inline Swan workout commands[39m[33m 886[2mms[22m[39m
     [32m✓[39m keeps workflow mode and lane tabs as explicit non-submit buttons[32m 22[2mms[22m[39m
     [32m✓[39m announces manual workflow mode changes to the parent route state[32m 84[2mms[22m[39m
     [32m✓[39m announces manual lane changes to the parent route state[32m 118[2mms[22m[39m
     [32m✓[39m moves to Workout History after a logged workout completes[32m 188[2mms[22m[39m
     [32m✓[39m shows a post-save receipt with a one-tap progress proof action[32m 112[2mms[22m[39m
     [32m✓[39m keeps the post-save receipt when parent route state syncs to history[32m 109[2mms[22m[39m
     [33m[2m✓[22m[39m re-opens the logger before inline Swan workout-form commands dispatch [33m 822[2mms[22m[39m
     [33m[2m✓[22m[39m re-opens the logger for natural trainer dictation from history [33m 995[2mms[22m[39m
     [33m[2m✓[22m[39m does not leave history for non-workout command-lane text [33m 721[2mms[22m[39m
     [32m✓[39m blocks invalid client ids before training tools receive NaN[32m 27[2mms[22m[39m
     [32m✓[39m does not treat completed workouts as console-only events[32m 0[2mms[22m[39m
 [32m✓[39m src/components/DashBoard/workspaces/ClientsWorkspace.manualCreate.test.tsx [2m([22m[2m5 tests[22m[2m)[22m[33m 4999[2mms[22m[39m
     [33m[2m✓[22m[39m opens a manual client form from Client Hub and refreshes the client list after submit [33m 2537[2mms[22m[39m
     [33m[2m✓[22m[39m shows a copyable reset link handoff when selected-client reset email falls back to manual delivery [33m 1486[2mms[22m[39m
     [33m[2m✓[22m[39m shows reset-link-unavailable when selected-client reset generation fails closed [33m 542[2mms[22m[39m
[90mstderr[2m | src/components/DashBoard/Pages/coach-assistant/CoachCommandCenterWorkoutRoutes.test.tsx[2m > [22m[2mCoachCommandCenterPage workout route actions[2m > [22m[2mlinks route clients to the canonical client training logger and planner surfaces inside More
[22m[39mWarning: An update to CoachCommandCenterPage inside a test was not wrapped in act(...).

When testing, code that causes React state updates should be wrapped into act(...):

act(() => {
  /* fire events that update state */
});
/* assert on the output */

This ensures that you're testing the behavior the user would see in the browser. Learn more at https://reactjs.org/link/wrap-tests-with-act
    at CoachCommandCenterPage (C:/Users/BigotSmasher/Desktop/@Everything/quick-pt/SS-PT/tmp/worktrees/swan-coach-astra-owned-20260906/frontend/src/components/DashBoard/Pages/coach-assistant/CoachCommandCenterPage.tsx:42:117)
    at CoachSessionDraftProvider (C:/Users/BigotSmasher/Desktop/@Everything/quick-pt/SS-PT/tmp/worktrees/swan-coach-astra-owned-20260906/frontend/src/components/DashBoard/Pages/coach-assistant/CoachSessionDraftContext.tsx:15:38)
    at Router (C:\Users\BigotSmasher\Desktop\@Everything\quick-pt\SS-PT\tmp\worktrees\swan-coach-astra-owned-20260906\frontend\node_modules\react-router\dist\umd\react-router.development.js:1203:17)
    at MemoryRouter (C:\Users\BigotSmasher\Desktop\@Everything\quick-pt\SS-PT\tmp\worktrees\swan-coach-astra-owned-20260906\frontend\node_modules\react-router\dist\umd\react-router.development.js:1097:7)

[90mstderr[2m | src/components/DashBoard/Pages/coach-assistant/CoachCommandCenterWorkoutRoutes.test.tsx[2m > [22m[2mCoachCommandCenterPage workout route actions[2m > [22m[2mlinks route clients to the canonical client training logger and planner surfaces inside More
[22m[39mWarning: An update to CoachCommandCenterPage inside a test was not wrapped in act(...).

When testing, code that causes React state updates should be wrapped into act(...):

act(() => {
  /* fire events that update state */
});
/* assert on the output */

This ensures that you're testing the behavior the user would see in the browser. Learn more at https://reactjs.org/link/wrap-tests-with-act
    at CoachCommandCenterPage (C:/Users/BigotSmasher/Desktop/@Everything/quick-pt/SS-PT/tmp/worktrees/swan-coach-astra-owned-20260906/frontend/src/components/DashBoard/Pages/coach-assistant/CoachCommandCenterPage.tsx:42:117)
    at CoachSessionDraftProvider (C:/Users/BigotSmasher/Desktop/@Everything/quick-pt/SS-PT/tmp/worktrees/swan-coach-astra-owned-20260906/frontend/src/components/DashBoard/Pages/coach-assistant/CoachSessionDraftContext.tsx:15:38)
    at Router (C:\Users\BigotSmasher\Desktop\@Everything\quick-pt\SS-PT\tmp\worktrees\swan-coach-astra-owned-20260906\frontend\node_modules\react-router\dist\umd\react-router.development.js:1203:17)
    at MemoryRouter (C:\Users\BigotSmasher\Desktop\@Everything\quick-pt\SS-PT\tmp\worktrees\swan-coach-astra-owned-20260906\frontend\node_modules\react-router\dist\umd\react-router.development.js:1097:7)

 [32m✓[39m src/components/BadgeCreator/BatchGenerationPanel.safeMutation.test.tsx [2m([22m[2m10 tests[22m[2m)[22m[33m 6342[2mms[22m[39m
     [33m[2m✓[22m[39m uses safe batch generation failure copy without leaking backend messages [33m 771[2mms[22m[39m
     [33m[2m✓[22m[39m blocks concurrent batch generation before React can rerender disabled state [33m 614[2mms[22m[39m
     [33m[2m✓[22m[39m marks provider-success results skipped when the returned image URL is unsafe [33m 574[2mms[22m[39m
     [33m[2m✓[22m[39m uses generation error copy when provider success has a malformed image collection [33m 539[2mms[22m[39m
     [33m[2m✓[22m[39m drops malformed batch image rows while preserving valid generated images [33m 527[2mms[22m[39m
     [33m[2m✓[22m[39m caps oversized provider batch payloads to the promised five variations [33m 578[2mms[22m[39m
     [33m[2m✓[22m[39m uses safe save failure copy without leaking backend messages [33m 1051[2mms[22m[39m
     [33m[2m✓[22m[39m blocks concurrent save before React can rerender disabled state [33m 933[2mms[22m[39m
     [33m[2m✓[22m[39m uses safe network copy for transport failures [33m 544[2mms[22m[39m
[90mstderr[2m | src/components/DashBoard/Pages/coach-assistant/CoachCommandCenterWorkoutRoutes.test.tsx[2m > [22m[2mCoachCommandCenterPage workout route actions[2m > [22m[2mroutes trainer command clients to trainer logger and planner surfaces inside More
[22m[39mWarning: An update to CoachCommandCenterPage inside a test was not wrapped in act(...).

When testing, code that causes React state updates should be wrapped into act(...):

act(() => {
  /* fire events that update state */
});
/* assert on the output */

This ensures that you're testing the behavior the user would see in the browser. Learn more at https://reactjs.org/link/wrap-tests-with-act
    at CoachCommandCenterPage (C:/Users/BigotSmasher/Desktop/@Everything/quick-pt/SS-PT/tmp/worktrees/swan-coach-astra-owned-20260906/frontend/src/components/DashBoard/Pages/coach-assistant/CoachCommandCenterPage.tsx:42:117)
    at CoachSessionDraftProvider (C:/Users/BigotSmasher/Desktop/@Everything/quick-pt/SS-PT/tmp/worktrees/swan-coach-astra-owned-20260906/frontend/src/components/DashBoard/Pages/coach-assistant/CoachSessionDraftContext.tsx:15:38)
    at Router (C:\Users\BigotSmasher\Desktop\@Everything\quick-pt\SS-PT\tmp\worktrees\swan-coach-astra-owned-20260906\frontend\node_modules\react-router\dist\umd\react-router.development.js:1203:17)
    at MemoryRouter (C:\Users\BigotSmasher\Desktop\@Everything\quick-pt\SS-PT\tmp\worktrees\swan-coach-astra-owned-20260906\frontend\node_modules\react-router\dist\umd\react-router.development.js:1097:7)

[90mstderr[2m | src/components/DashBoard/Pages/coach-assistant/CoachCommandCenterWorkoutRoutes.test.tsx[2m > [22m[2mCoachCommandCenterPage workout route actions[2m > [22m[2mroutes trainer command clients to trainer logger and planner surfaces inside More
[22m[39mWarning: An update to CoachCommandCenterPage inside a test was not wrapped in act(...).

When testing, code that causes React state updates should be wrapped into act(...):

act(() => {
  /* fire events that update state */
});
/* assert on the output */

This ensures that you're testing the behavior the user would see in the browser. Learn more at https://reactjs.org/link/wrap-tests-with-act
    at CoachCommandCenterPage (C:/Users/BigotSmasher/Desktop/@Everything/quick-pt/SS-PT/tmp/worktrees/swan-coach-astra-owned-20260906/frontend/src/components/DashBoard/Pages/coach-assistant/CoachCommandCenterPage.tsx:42:117)
    at CoachSessionDraftProvider (C:/Users/BigotSmasher/Desktop/@Everything/quick-pt/SS-PT/tmp/worktrees/swan-coach-astra-owned-20260906/frontend/src/components/DashBoard/Pages/coach-assistant/CoachSessionDraftContext.tsx:15:38)
    at Router (C:\Users\BigotSmasher\Desktop\@Everything\quick-pt\SS-PT\tmp\worktrees\swan-coach-astra-owned-20260906\frontend\node_modules\react-router\dist\umd\react-router.development.js:1203:17)
    at MemoryRouter (C:\Users\BigotSmasher\Desktop\@Everything\quick-pt\SS-PT\tmp\worktrees\swan-coach-astra-owned-20260906\frontend\node_modules\react-router\dist\umd\react-router.development.js:1097:7)

[90mstdout[2m | src/components/DashBoard/Pages/coach-assistant/CoachIntakeWorkspace.test.tsx
[22m[39m[API] Production mode: false
[API] Base URL: http://localhost:10000

[90mstderr[2m | src/components/DashBoard/Pages/client-dashboard/ClientHomeTab.test.tsx[2m > [22m[2mClientHomeTab — NextSessionCard explicit-static truth lock[2m > [22m[2mqueues selected media through the existing social post mutation
[22m[39mRestore panel fetch failed { message: [32m'empty restore payload'[39m }

[90mstderr[2m | src/components/DashBoard/Pages/coach-assistant/CoachCommandCenterWorkoutRoutes.test.tsx[2m > [22m[2mCoachCommandCenterPage workout route actions[2m > [22m[2mroutes client command actions to self logging and workout history inside More
[22m[39mWarning: An update to CoachCommandCenterPage inside a test was not wrapped in act(...).

When testing, code that causes React state updates should be wrapped into act(...):

act(() => {
  /* fire events that update state */
});
/* assert on the output */

This ensures that you're testing the behavior the user would see in the browser. Learn more at https://reactjs.org/link/wrap-tests-with-act
    at CoachCommandCenterPage (C:/Users/BigotSmasher/Desktop/@Everything/quick-pt/SS-PT/tmp/worktrees/swan-coach-astra-owned-20260906/frontend/src/components/DashBoard/Pages/coach-assistant/CoachCommandCenterPage.tsx:42:117)
    at CoachSessionDraftProvider (C:/Users/BigotSmasher/Desktop/@Everything/quick-pt/SS-PT/tmp/worktrees/swan-coach-astra-owned-20260906/frontend/src/components/DashBoard/Pages/coach-assistant/CoachSessionDraftContext.tsx:15:38)
    at Router (C:\Users\BigotSmasher\Desktop\@Everything\quick-pt\SS-PT\tmp\worktrees\swan-coach-astra-owned-20260906\frontend\node_modules\react-router\dist\umd\react-router.development.js:1203:17)
    at MemoryRouter (C:\Users\BigotSmasher\Desktop\@Everything\quick-pt\SS-PT\tmp\worktrees\swan-coach-astra-owned-20260906\frontend\node_modules\react-router\dist\umd\react-router.development.js:1097:7)

[90mstderr[2m | src/components/DashBoard/Pages/coach-assistant/CoachCommandCenterWorkoutRoutes.test.tsx[2m > [22m[2mCoachCommandCenterPage workout route actions[2m > [22m[2mroutes client command actions to self logging and workout history inside More
[22m[39mWarning: An update to CoachCommandCenterPage inside a test was not wrapped in act(...).

When testing, code that causes React state updates should be wrapped into act(...):

act(() => {
  /* fire events that update state */
});
/* assert on the output */

This ensures that you're testing the behavior the user would see in the browser. Learn more at https://reactjs.org/link/wrap-tests-with-act
    at CoachCommandCenterPage (C:/Users/BigotSmasher/Desktop/@Everything/quick-pt/SS-PT/tmp/worktrees/swan-coach-astra-owned-20260906/frontend/src/components/DashBoard/Pages/coach-assistant/CoachCommandCenterPage.tsx:42:117)
    at CoachSessionDraftProvider (C:/Users/BigotSmasher/Desktop/@Everything/quick-pt/SS-PT/tmp/worktrees/swan-coach-astra-owned-20260906/frontend/src/components/DashBoard/Pages/coach-assistant/CoachSessionDraftContext.tsx:15:38)
    at Router (C:\Users\BigotSmasher\Desktop\@Everything\quick-pt\SS-PT\tmp\worktrees\swan-coach-astra-owned-20260906\frontend\node_modules\react-router\dist\umd\react-router.development.js:1203:17)
    at MemoryRouter (C:\Users\BigotSmasher\Desktop\@Everything\quick-pt\SS-PT\tmp\worktrees\swan-coach-astra-owned-20260906\frontend\node_modules\react-router\dist\umd\react-router.development.js:1097:7)

[90mstdout[2m | src/components/DashBoard/Pages/coach-assistant/CoachIntakeWorkspaceDirectProposal.test.tsx
[22m[39m[API] Production mode: false
[API] Base URL: http://localhost:10000

[90mstderr[2m | src/components/DashBoard/Pages/coach-assistant/CoachCommandOpsRail.test.tsx[2m > [22m[2mCoachCommandOpsRail workout command panel[2m > [22m[2moffers self logging and a Client Hub picker when no route client is loaded
[22m[39mWarning: An update to CoachCommandCenterPage inside a test was not wrapped in act(...).

When testing, code that causes React state updates should be wrapped into act(...):

act(() => {
  /* fire events that update state */
});
/* assert on the output */

This ensures that you're testing the behavior the user would see in the browser. Learn more at https://reactjs.org/link/wrap-tests-with-act
    at CoachCommandCenterPage (C:/Users/BigotSmasher/Desktop/@Everything/quick-pt/SS-PT/tmp/worktrees/swan-coach-astra-owned-20260906/frontend/src/components/DashBoard/Pages/coach-assistant/CoachCommandCenterPage.tsx:42:117)
    at CoachSessionDraftProvider (C:/Users/BigotSmasher/Desktop/@Everything/quick-pt/SS-PT/tmp/worktrees/swan-coach-astra-owned-20260906/frontend/src/components/DashBoard/Pages/coach-assistant/CoachSessionDraftContext.tsx:15:38)
    at Router (C:\Users\BigotSmasher\Desktop\@Everything\quick-pt\SS-PT\tmp\worktrees\swan-coach-astra-owned-20260906\frontend\node_modules\react-router\dist\umd\react-router.development.js:1203:17)
    at MemoryRouter (C:\Users\BigotSmasher\Desktop\@Everything\quick-pt\SS-PT\tmp\worktrees\swan-coach-astra-owned-20260906\frontend\node_modules\react-router\dist\umd\react-router.development.js:1097:7)

[90mstderr[2m | src/components/DashBoard/Pages/coach-assistant/CoachCommandOpsRail.test.tsx[2m > [22m[2mCoachCommandOpsRail workout command panel[2m > [22m[2moffers self logging and a Client Hub picker when no route client is loaded
[22m[39mWarning: An update to CoachCommandCenterPage inside a test was not wrapped in act(...).

When testing, code that causes React state updates should be wrapped into act(...):

act(() => {
  /* fire events that update state */
});
/* assert on the output */

This ensures that you're testing the behavior the user would see in the browser. Learn more at https://reactjs.org/link/wrap-tests-with-act
    at CoachCommandCenterPage (C:/Users/BigotSmasher/Desktop/@Everything/quick-pt/SS-PT/tmp/worktrees/swan-coach-astra-owned-20260906/frontend/src/components/DashBoard/Pages/coach-assistant/CoachCommandCenterPage.tsx:42:117)
    at CoachSessionDraftProvider (C:/Users/BigotSmasher/Desktop/@Everything/quick-pt/SS-PT/tmp/worktrees/swan-coach-astra-owned-20260906/frontend/src/components/DashBoard/Pages/coach-assistant/CoachSessionDraftContext.tsx:15:38)
    at Router (C:\Users\BigotSmasher\Desktop\@Everything\quick-pt\SS-PT\tmp\worktrees\swan-coach-astra-owned-20260906\frontend\node_modules\react-router\dist\umd\react-router.development.js:1203:17)
    at MemoryRouter (C:\Users\BigotSmasher\Desktop\@Everything\quick-pt\SS-PT\tmp\worktrees\swan-coach-astra-owned-20260906\frontend\node_modules\react-router\dist\umd\react-router.development.js:1097:7)

[90mstdout[2m | src/components/DashBoard/Pages/coach-assistant/CoachIntakeWorkspaceScopeUrl.test.tsx
[22m[39m[API] Production mode: false
[API] Base URL: http://localhost:10000

[90mstdout[2m | src/components/DashBoard/Pages/coach-assistant/CoachMessageLoggerHandoff.test.tsx
[22m[39m[API] Production mode: false
[API] Base URL: http://localhost:10000

[90mstderr[2m | src/components/DashBoard/Pages/coach-assistant/CoachCommandOpsRail.test.tsx[2m > [22m[2mCoachCommandOpsRail workout command panel[2m > [22m[2mkeeps owner account controls collapsed behind an admin-only toggle
[22m[39mWarning: An update to CoachCommandCenterPage inside a test was not wrapped in act(...).

When testing, code that causes React state updates should be wrapped into act(...):

act(() => {
  /* fire events that update state */
});
/* assert on the output */

This ensures that you're testing the behavior the user would see in the browser. Learn more at https://reactjs.org/link/wrap-tests-with-act
    at CoachCommandCenterPage (C:/Users/BigotSmasher/Desktop/@Everything/quick-pt/SS-PT/tmp/worktrees/swan-coach-astra-owned-20260906/frontend/src/components/DashBoard/Pages/coach-assistant/CoachCommandCenterPage.tsx:42:117)
    at CoachSessionDraftProvider (C:/Users/BigotSmasher/Desktop/@Everything/quick-pt/SS-PT/tmp/worktrees/swan-coach-astra-owned-20260906/frontend/src/components/DashBoard/Pages/coach-assistant/CoachSessionDraftContext.tsx:15:38)
    at Router (C:\Users\BigotSmasher\Desktop\@Everything\quick-pt\SS-PT\tmp\worktrees\swan-coach-astra-owned-20260906\frontend\node_modules\react-router\dist\umd\react-router.development.js:1203:17)
    at MemoryRouter (C:\Users\BigotSmasher\Desktop\@Everything\quick-pt\SS-PT\tmp\worktrees\swan-coach-astra-owned-20260906\frontend\node_modules\react-router\dist\umd\react-router.development.js:1097:7)

[90mstderr[2m | src/components/DashBoard/Pages/coach-assistant/CoachCommandOpsRail.test.tsx[2m > [22m[2mCoachCommandOpsRail workout command panel[2m > [22m[2mkeeps owner account controls collapsed behind an admin-only toggle
[22m[39mWarning: An update to CoachCommandCenterPage inside a test was not wrapped in act(...).

When testing, code that causes React state updates should be wrapped into act(...):

act(() => {
  /* fire events that update state */
});
/* assert on the output */

This ensures that you're testing the behavior the user would see in the browser. Learn more at https://reactjs.org/link/wrap-tests-with-act
    at CoachCommandCenterPage (C:/Users/BigotSmasher/Desktop/@Everything/quick-pt/SS-PT/tmp/worktrees/swan-coach-astra-owned-20260906/frontend/src/components/DashBoard/Pages/coach-assistant/CoachCommandCenterPage.tsx:42:117)
    at CoachSessionDraftProvider (C:/Users/BigotSmasher/Desktop/@Everything/quick-pt/SS-PT/tmp/worktrees/swan-coach-astra-owned-20260906/frontend/src/components/DashBoard/Pages/coach-assistant/CoachSessionDraftContext.tsx:15:38)
    at Router (C:\Users\BigotSmasher\Desktop\@Everything\quick-pt\SS-PT\tmp\worktrees\swan-coach-astra-owned-20260906\frontend\node_modules\react-router\dist\umd\react-router.development.js:1203:17)
    at MemoryRouter (C:\Users\BigotSmasher\Desktop\@Everything\quick-pt\SS-PT\tmp\worktrees\swan-coach-astra-owned-20260906\frontend\node_modules\react-router\dist\umd\react-router.development.js:1097:7)

 [32m✓[39m src/components/DashBoard/Pages/coach-assistant/CoachIntakeWorkspaceFocus.test.tsx [2m([22m[2m17 tests[22m[2m)[22m[33m 1121[2mms[22m[39m
     [33m[2m✓[22m[39m scrolls and focuses the active dossier after a direct intake link opens [33m 502[2mms[22m[39m
[90mstderr[2m | src/components/DashBoard/Pages/coach-assistant/CoachCommandOpsRail.test.tsx[2m > [22m[2mCoachCommandOpsRail workout command panel[2m > [22m[2mhides owner account controls for trainer mode
[22m[39mWarning: An update to CoachCommandCenterPage inside a test was not wrapped in act(...).

When testing, code that causes React state updates should be wrapped into act(...):

act(() => {
  /* fire events that update state */
});
/* assert on the output */

This ensures that you're testing the behavior the user would see in the browser. Learn more at https://reactjs.org/link/wrap-tests-with-act
    at CoachCommandCenterPage (C:/Users/BigotSmasher/Desktop/@Everything/quick-pt/SS-PT/tmp/worktrees/swan-coach-astra-owned-20260906/frontend/src/components/DashBoard/Pages/coach-assistant/CoachCommandCenterPage.tsx:42:117)
    at CoachSessionDraftProvider (C:/Users/BigotSmasher/Desktop/@Everything/quick-pt/SS-PT/tmp/worktrees/swan-coach-astra-owned-20260906/frontend/src/components/DashBoard/Pages/coach-assistant/CoachSessionDraftContext.tsx:15:38)
    at Router (C:\Users\BigotSmasher\Desktop\@Everything\quick-pt\SS-PT\tmp\worktrees\swan-coach-astra-owned-20260906\frontend\node_modules\react-router\dist\umd\react-router.development.js:1203:17)
    at MemoryRouter (C:\Users\BigotSmasher\Desktop\@Everything\quick-pt\SS-PT\tmp\worktrees\swan-coach-astra-owned-20260906\frontend\node_modules\react-router\dist\umd\react-router.development.js:1097:7)

[90mstderr[2m | src/components/DashBoard/Pages/coach-assistant/CoachCommandOpsRail.test.tsx[2m > [22m[2mCoachCommandOpsRail workout command panel[2m > [22m[2mhides owner account controls for trainer mode
[22m[39mWarning: An update to CoachCommandCenterPage inside a test was not wrapped in act(...).

When testing, code that causes React state updates should be wrapped into act(...):

act(() => {
  /* fire events that update state */
});
/* assert on the output */

This ensures that you're testing the behavior the user would see in the browser. Learn more at https://reactjs.org/link/wrap-tests-with-act
    at CoachCommandCenterPage (C:/Users/BigotSmasher/Desktop/@Everything/quick-pt/SS-PT/tmp/worktrees/swan-coach-astra-owned-20260906/frontend/src/components/DashBoard/Pages/coach-assistant/CoachCommandCenterPage.tsx:42:117)
    at CoachSessionDraftProvider (C:/Users/BigotSmasher/Desktop/@Everything/quick-pt/SS-PT/tmp/worktrees/swan-coach-astra-owned-20260906/frontend/src/components/DashBoard/Pages/coach-assistant/CoachSessionDraftContext.tsx:15:38)
    at Router (C:\Users\BigotSmasher\Desktop\@Everything\quick-pt\SS-PT\tmp\worktrees\swan-coach-astra-owned-20260906\frontend\node_modules\react-router\dist\umd\react-router.development.js:1203:17)
    at MemoryRouter (C:\Users\BigotSmasher\Desktop\@Everything\quick-pt\SS-PT\tmp\worktrees\swan-coach-astra-owned-20260906\frontend\node_modules\react-router\dist\umd\react-router.development.js:1097:7)

 [32m✓[39m src/components/DashBoard/workspaces/clients-team/ClientHubGridCard.styleExtraction.test.ts [2m([22m[2m8 tests[22m[2m)[22m[32m 5[2mms[22m[39m
[90mstdout[2m | src/components/DashBoard/workspaces/NutritionWorkspace.macroRefresh.test.tsx
[22m[39m[API] Production mode: false
[API] Base URL: http://localhost:10000

[90mstdout[2m | src/components/DashBoard/Pages/coach-assistant/CoachMessageResponseVariants.test.tsx
[22m[39m[API] Production mode: false
[API] Base URL: http://localhost:10000

[90mstdout[2m | src/components/DashBoard/Pages/coach-assistant/CoachCommandLogEntry.test.tsx
[22m[39m[API] Production mode: false
[API] Base URL: http://localhost:10000

[90mstderr[2m | src/components/DashBoard/Pages/coach-assistant/CoachCommandOpsRail.test.tsx[2m > [22m[2mCoachCommandOpsRail workout command panel[2m > [22m[2mkeeps Teach Mode guidance collapsed behind a compact toggle
[22m[39mWarning: An update to CoachCommandCenterPage inside a test was not wrapped in act(...).

When testing, code that causes React state updates should be wrapped into act(...):

act(() => {
  /* fire events that update state */
});
/* assert on the output */

This ensures that you're testing the behavior the user would see in the browser. Learn more at https://reactjs.org/link/wrap-tests-with-act
    at CoachCommandCenterPage (C:/Users/BigotSmasher/Desktop/@Everything/quick-pt/SS-PT/tmp/worktrees/swan-coach-astra-owned-20260906/frontend/src/components/DashBoard/Pages/coach-assistant/CoachCommandCenterPage.tsx:42:117)
    at CoachSessionDraftProvider (C:/Users/BigotSmasher/Desktop/@Everything/quick-pt/SS-PT/tmp/worktrees/swan-coach-astra-owned-20260906/frontend/src/components/DashBoard/Pages/coach-assistant/CoachSessionDraftContext.tsx:15:38)
    at Router (C:\Users\BigotSmasher\Desktop\@Everything\quick-pt\SS-PT\tmp\worktrees\swan-coach-astra-owned-20260906\frontend\node_modules\react-router\dist\umd\react-router.development.js:1203:17)
    at MemoryRouter (C:\Users\BigotSmasher\Desktop\@Everything\quick-pt\SS-PT\tmp\worktrees\swan-coach-astra-owned-20260906\frontend\node_modules\react-router\dist\umd\react-router.development.js:1097:7)

[90mstderr[2m | src/components/DashBoard/Pages/coach-assistant/CoachCommandOpsRail.test.tsx[2m > [22m[2mCoachCommandOpsRail workout command panel[2m > [22m[2mkeeps Teach Mode guidance collapsed behind a compact toggle
[22m[39mWarning: An update to CoachCommandCenterPage inside a test was not wrapped in act(...).

When testing, code that causes React state updates should be wrapped into act(...):

act(() => {
  /* fire events that update state */
});
/* assert on the output */

This ensures that you're testing the behavior the user would see in the browser. Learn more at https://reactjs.org/link/wrap-tests-with-act
    at CoachCommandCenterPage (C:/Users/BigotSmasher/Desktop/@Everything/quick-pt/SS-PT/tmp/worktrees/swan-coach-astra-owned-20260906/frontend/src/components/DashBoard/Pages/coach-assistant/CoachCommandCenterPage.tsx:42:117)
    at CoachSessionDraftProvider (C:/Users/BigotSmasher/Desktop/@Everything/quick-pt/SS-PT/tmp/worktrees/swan-coach-astra-owned-20260906/frontend/src/components/DashBoard/Pages/coach-assistant/CoachSessionDraftContext.tsx:15:38)
    at Router (C:\Users\BigotSmasher\Desktop\@Everything\quick-pt\SS-PT\tmp\worktrees\swan-coach-astra-owned-20260906\frontend\node_modules\react-router\dist\umd\react-router.development.js:1203:17)
    at MemoryRouter (C:\Users\BigotSmasher\Desktop\@Everything\quick-pt\SS-PT\tmp\worktrees\swan-coach-astra-owned-20260906\frontend\node_modules\react-router\dist\umd\react-router.development.js:1097:7)

 [32m✓[39m src/components/DashBoard/workspaces/clients-team/ClientNutritionRosterTriagePanel.logic.test.ts [2m([22m[2m7 tests[22m[2m)[22m[32m 15[2mms[22m[39m
 [32m✓[39m src/components/DashBoard/Pages/client-dashboard/ClientHomeTab.test.tsx [2m([22m[2m15 tests[22m[2m)[22m[33m 5200[2mms[22m[39m
     [33m[2m✓[22m[39m renders the NextSessionCard with an explicit "Not booked yet" subtext (not a fake live schedule) [33m 1359[2mms[22m[39m
     [33m[2m✓[22m[39m keeps Log Workout and Progress as first-viewport hero actions [33m 328[2mms[22m[39m
     [33m[2m✓[22m[39m turns the Reels spotlight into a structured workout post action [33m 1189[2mms[22m[39m
     [33m[2m✓[22m[39m queues selected media through the existing social post mutation [33m 883[2mms[22m[39m
 [32m✓[39m src/components/DashBoard/Pages/coach-assistant/CoachIntakeWorkspace.test.tsx [2m([22m[2m7 tests[22m[2m)[22m[33m 950[2mms[22m[39m
     [33m[2m✓[22m[39m renders the PLAUD intake bridge for trainer/admin roles with one-click review and Coach command support [33m 637[2mms[22m[39m
 [32m✓[39m src/components/DashBoard/Pages/coach-assistant/CoachIntakeWorkspaceScopeUrl.test.tsx [2m([22m[2m6 tests[22m[2m)[22m[33m 717[2mms[22m[39m
[90mstderr[2m | src/components/DashBoard/Pages/coach-assistant/CoachCommandOpsRail.test.tsx[2m > [22m[2mCoachCommandOpsRail workout command panel[2m > [22m[2mshows an explicit drawer header close control that collapses Operations
[22m[39mWarning: An update to CoachCommandCenterPage inside a test was not wrapped in act(...).

When testing, code that causes React state updates should be wrapped into act(...):

act(() => {
  /* fire events that update state */
});
/* assert on the output */

This ensures that you're testing the behavior the user would see in the browser. Learn more at https://reactjs.org/link/wrap-tests-with-act
    at CoachCommandCenterPage (C:/Users/BigotSmasher/Desktop/@Everything/quick-pt/SS-PT/tmp/worktrees/swan-coach-astra-owned-20260906/frontend/src/components/DashBoard/Pages/coach-assistant/CoachCommandCenterPage.tsx:42:117)
    at CoachSessionDraftProvider (C:/Users/BigotSmasher/Desktop/@Everything/quick-pt/SS-PT/tmp/worktrees/swan-coach-astra-owned-20260906/frontend/src/components/DashBoard/Pages/coach-assistant/CoachSessionDraftContext.tsx:15:38)
    at Router (C:\Users\BigotSmasher\Desktop\@Everything\quick-pt\SS-PT\tmp\worktrees\swan-coach-astra-owned-20260906\frontend\node_modules\react-router\dist\umd\react-router.development.js:1203:17)
    at MemoryRouter (C:\Users\BigotSmasher\Desktop\@Everything\quick-pt\SS-PT\tmp\worktrees\swan-coach-astra-owned-20260906\frontend\node_modules\react-router\dist\umd\react-router.development.js:1097:7)

[90mstderr[2m | src/components/DashBoard/Pages/coach-assistant/CoachCommandOpsRail.test.tsx[2m > [22m[2mCoachCommandOpsRail workout command panel[2m > [22m[2mshows an explicit drawer header close control that collapses Operations
[22m[39mWarning: An update to CoachCommandCenterPage inside a test was not wrapped in act(...).

When testing, code that causes React state updates should be wrapped into act(...):

act(() => {
  /* fire events that update state */
});
/* assert on the output */

This ensures that you're testing the behavior the user would see in the browser. Learn more at https://reactjs.org/link/wrap-tests-with-act
    at CoachCommandCenterPage (C:/Users/BigotSmasher/Desktop/@Everything/quick-pt/SS-PT/tmp/worktrees/swan-coach-astra-owned-20260906/frontend/src/components/DashBoard/Pages/coach-assistant/CoachCommandCenterPage.tsx:42:117)
    at CoachSessionDraftProvider (C:/Users/BigotSmasher/Desktop/@Everything/quick-pt/SS-PT/tmp/worktrees/swan-coach-astra-owned-20260906/frontend/src/components/DashBoard/Pages/coach-assistant/CoachSessionDraftContext.tsx:15:38)
    at Router (C:\Users\BigotSmasher\Desktop\@Everything\quick-pt\SS-PT\tmp\worktrees\swan-coach-astra-owned-20260906\frontend\node_modules\react-router\dist\umd\react-router.development.js:1203:17)
    at MemoryRouter (C:\Users\BigotSmasher\Desktop\@Everything\quick-pt\SS-PT\tmp\worktrees\swan-coach-astra-owned-20260906\frontend\node_modules\react-router\dist\umd\react-router.development.js:1097:7)

 [32m✓[39m src/components/DashBoard/Pages/coach-assistant/CoachIntakeWorkspacePostActionFlow.test.tsx [2m([22m[2m8 tests[22m[2m)[22m[33m 1721[2mms[22m[39m
     [33m[2m✓[22m[39m opens and renders the linked prepared proposal from the active dossier [33m 756[2mms[22m[39m
 [32m✓[39m src/components/DashBoard/Pages/coach-assistant/CoachCommandOpsRail.test.tsx [2m([22m[2m7 tests[22m[2m)[22m[33m 4809[2mms[22m[39m
     [33m[2m✓[22m[39m shows route-safe Logger and Planner actions when Coach has a selected route client [33m 3073[2mms[22m[39m
     [33m[2m✓[22m[39m opens Intake and Audio from Operations without staging prompt text or submitting chat [33m 555[2mms[22m[39m
 [32m✓[39m src/components/DashBoard/Pages/coach-assistant/CoachIntakeWorkspaceDirectProposal.test.tsx [2m([22m[2m5 tests[22m[2m)[22m[33m 991[2mms[22m[39m
     [33m[2m✓[22m[39m opens the linked prepared draft panel from the URL proposal parameter [33m 603[2mms[22m[39m
 [32m✓[39m src/components/WorkoutLogger/runner/shell/shell.focus-return.test.tsx [2m([22m[2m5 tests[22m[2m)[22m[32m 238[2mms[22m[39m
 [32m✓[39m src/components/DashBoard/workspaces/clients-team/ClientNutritionRosterTriagePanel.test.tsx [2m([22m[2m5 tests[22m[2m)[22m[33m 381[2mms[22m[39m
 [32m✓[39m src/components/DashBoard/Pages/coach-assistant/CoachMessageLoggerHandoff.test.tsx [2m([22m[2m9 tests[22m[2m)[22m[33m 944[2mms[22m[39m
     [33m[2m✓[22m[39m stores a generated chat workout and routes to the active logger for review [33m 391[2mms[22m[39m
 [32m✓[39m src/components/FoodTracker/FoodIntakeForm.test.tsx [2m([22m[2m7 tests[22m[2m)[22m[33m 8086[2mms[22m[39m
     [33m[2m✓[22m[39m hands a new manual meal to the shared review contract without writing first [33m 900[2mms[22m[39m
     [33m[2m✓[22m[39m creates a manual macro row, lets the client edit it, and updates through /api/macros/:id [33m 2427[2mms[22m[39m
     [33m[2m✓[22m[39m shows safe update failure copy without leaking raw API errors [33m 1121[2mms[22m[39m
     [33m[2m✓[22m[39m shows safe create failure copy without leaking raw API errors [33m 885[2mms[22m[39m
     [33m[2m✓[22m[39m does not turn exponent or hex manual macro edits into credible payload numbers [33m 373[2mms[22m[39m
     [33m[2m✓[22m[39m removes a saved macro row through /api/macros/:id with safe failure copy [33m 2086[2mms[22m[39m
[90mstderr[2m | src/components/DashBoard/Pages/coach-assistant/CoachCommandCenterWorkoutRoutes.test.tsx[2m > [22m[2mCoachCommandCenterPage workout route actions[2m > [22m[2mpreserves a safe trainer return route in the planner handoff inside More
[22m[39mWarning: An update to CoachCommandCenterPage inside a test was not wrapped in act(...).

When testing, code that causes React state updates should be wrapped into act(...):

act(() => {
  /* fire events that update state */
});
/* assert on the output */

This ensures that you're testing the behavior the user would see in the browser. Learn more at https://reactjs.org/link/wrap-tests-with-act
    at CoachCommandCenterPage (C:/Users/BigotSmasher/Desktop/@Everything/quick-pt/SS-PT/tmp/worktrees/swan-coach-astra-owned-20260906/frontend/src/components/DashBoard/Pages/coach-assistant/CoachCommandCenterPage.tsx:42:117)
    at CoachSessionDraftProvider (C:/Users/BigotSmasher/Desktop/@Everything/quick-pt/SS-PT/tmp/worktrees/swan-coach-astra-owned-20260906/frontend/src/components/DashBoard/Pages/coach-assistant/CoachSessionDraftContext.tsx:15:38)
    at Router (C:\Users\BigotSmasher\Desktop\@Everything\quick-pt\SS-PT\tmp\worktrees\swan-coach-astra-owned-20260906\frontend\node_modules\react-router\dist\umd\react-router.development.js:1203:17)
    at MemoryRouter (C:\Users\BigotSmasher\Desktop\@Everything\quick-pt\SS-PT\tmp\worktrees\swan-coach-astra-owned-20260906\frontend\node_modules\react-router\dist\umd\react-router.development.js:1097:7)

[90mstderr[2m | src/components/DashBoard/Pages/coach-assistant/CoachCommandCenterWorkoutRoutes.test.tsx[2m > [22m[2mCoachCommandCenterPage workout route actions[2m > [22m[2mpreserves a safe trainer return route in the planner handoff inside More
[22m[39mWarning: An update to CoachCommandCenterPage inside a test was not wrapped in act(...).

When testing, code that causes React state updates should be wrapped into act(...):

act(() => {
  /* fire events that update state */
});
/* assert on the output */

This ensures that you're testing the behavior the user would see in the browser. Learn more at https://reactjs.org/link/wrap-tests-with-act
    at CoachCommandCenterPage (C:/Users/BigotSmasher/Desktop/@Everything/quick-pt/SS-PT/tmp/worktrees/swan-coach-astra-owned-20260906/frontend/src/components/DashBoard/Pages/coach-assistant/CoachCommandCenterPage.tsx:42:117)
    at CoachSessionDraftProvider (C:/Users/BigotSmasher/Desktop/@Everything/quick-pt/SS-PT/tmp/worktrees/swan-coach-astra-owned-20260906/frontend/src/components/DashBoard/Pages/coach-assistant/CoachSessionDraftContext.tsx:15:38)
    at Router (C:\Users\BigotSmasher\Desktop\@Everything\quick-pt\SS-PT\tmp\worktrees\swan-coach-astra-owned-20260906\frontend\node_modules\react-router\dist\umd\react-router.development.js:1203:17)
    at MemoryRouter (C:\Users\BigotSmasher\Desktop\@Everything\quick-pt\SS-PT\tmp\worktrees\swan-coach-astra-owned-20260906\frontend\node_modules\react-router\dist\umd\react-router.development.js:1097:7)

 [32m✓[39m src/components/DashBoard/Pages/coach-assistant/CoachMessageResponseVariants.test.tsx [2m([22m[2m6 tests[22m[2m)[22m[33m 887[2mms[22m[39m
     [33m[2m✓[22m[39m switches a normal assistant answer between Science and Keep It 100 without showing both at once [33m 321[2mms[22m[39m
     [33m[2m✓[22m[39m copies and reads the visible answer variant instead of the hidden full response [33m 313[2mms[22m[39m
 [32m✓[39m src/components/DashBoard/Pages/coach-assistant/CoachCommandLogEntry.test.tsx [2m([22m[2m12 tests[22m[2m)[22m[33m 1006[2mms[22m[39m
[90mstderr[2m | src/components/DashBoard/Pages/coach-assistant/CoachCommandCenterWorkoutRoutes.test.tsx[2m > [22m[2mCoachCommandCenterPage workout route actions[2m > [22m[2mpreserves booked-session context in the rendered trainer planner handoff
[22m[39mWarning: An update to CoachCommandCenterPage inside a test was not wrapped in act(...).

When testing, code that causes React state updates should be wrapped into act(...):

act(() => {
  /* fire events that update state */
});
/* assert on the output */

This ensures that you're testing the behavior the user would see in the browser. Learn more at https://reactjs.org/link/wrap-tests-with-act
    at CoachCommandCenterPage (C:/Users/BigotSmasher/Desktop/@Everything/quick-pt/SS-PT/tmp/worktrees/swan-coach-astra-owned-20260906/frontend/src/components/DashBoard/Pages/coach-assistant/CoachCommandCenterPage.tsx:42:117)
    at CoachSessionDraftProvider (C:/Users/BigotSmasher/Desktop/@Everything/quick-pt/SS-PT/tmp/worktrees/swan-coach-astra-owned-20260906/frontend/src/components/DashBoard/Pages/coach-assistant/CoachSessionDraftContext.tsx:15:38)
    at Router (C:\Users\BigotSmasher\Desktop\@Everything\quick-pt\SS-PT\tmp\worktrees\swan-coach-astra-owned-20260906\frontend\node_modules\react-router\dist\umd\react-router.development.js:1203:17)
    at MemoryRouter (C:\Users\BigotSmasher\Desktop\@Everything\quick-pt\SS-PT\tmp\worktrees\swan-coach-astra-owned-20260906\frontend\node_modules\react-router\dist\umd\react-router.development.js:1097:7)

[90mstderr[2m | src/components/DashBoard/Pages/coach-assistant/CoachCommandCenterWorkoutRoutes.test.tsx[2m > [22m[2mCoachCommandCenterPage workout route actions[2m > [22m[2mpreserves booked-session context in the rendered trainer planner handoff
[22m[39mWarning: An update to CoachCommandCenterPage inside a test was not wrapped in act(...).

When testing, code that causes React state updates should be wrapped into act(...):

act(() => {
  /* fire events that update state */
});
/* assert on the output */

This ensures that you're testing the behavior the user would see in the browser. Learn more at https://reactjs.org/link/wrap-tests-with-act
    at CoachCommandCenterPage (C:/Users/BigotSmasher/Desktop/@Everything/quick-pt/SS-PT/tmp/worktrees/swan-coach-astra-owned-20260906/frontend/src/components/DashBoard/Pages/coach-assistant/CoachCommandCenterPage.tsx:42:117)
    at CoachSessionDraftProvider (C:/Users/BigotSmasher/Desktop/@Everything/quick-pt/SS-PT/tmp/worktrees/swan-coach-astra-owned-20260906/frontend/src/components/DashBoard/Pages/coach-assistant/CoachSessionDraftContext.tsx:15:38)
    at Router (C:\Users\BigotSmasher\Desktop\@Everything\quick-pt\SS-PT\tmp\worktrees\swan-coach-astra-owned-20260906\frontend\node_modules\react-router\dist\umd\react-router.development.js:1203:17)
    at MemoryRouter (C:\Users\BigotSmasher\Desktop\@Everything\quick-pt\SS-PT\tmp\worktrees\swan-coach-astra-owned-20260906\frontend\node_modules\react-router\dist\umd\react-router.development.js:1097:7)

 [32m✓[39m src/components/DashBoard/Pages/admin-clients/components/HistoryBackfillDialog.test.tsx [2m([22m[2m4 tests[22m[2m)[22m[33m 3907[2mms[22m[39m
     [33m[2m✓[22m[39m previews with the grounding answers and reports the honest summary [33m 999[2mms[22m[39m
     [33m[2m✓[22m[39m gates commit behind a 10+ character attestation, then posts days + grounding [33m 1210[2mms[22m[39m
     [33m[2m✓[22m[39m undoes a committed run in one tap and refreshes the history [33m 1220[2mms[22m[39m
     [33m[2m✓[22m[39m surfaces backend rejections honestly (e.g. range cap) [33m 475[2mms[22m[39m
 [32m✓[39m src/components/DashBoard/workspaces/marketing/SocialPostComplianceResult.test.tsx [2m([22m[2m8 tests[22m[2m)[22m[32m 89[2mms[22m[39m
 [32m✓[39m src/components/DashBoard/workspaces/clients-team/clientCardReadiness.test.ts [2m([22m[2m13 tests[22m[2m)[22m[32m 22[2mms[22m[39m
 [32m✓[39m src/components/DashBoard/shared/client-training/TodayTrainingModule.logic.test.ts [2m([22m[2m8 tests[22m[2m)[22m[32m 6[2mms[22m[39m
 [32m✓[39m src/components/WorkoutLogger/runner/shell/shell.stage-swap.preserves-drafts.test.ts [2m([22m[2m6 tests[22m[2m)[22m[32m 7[2mms[22m[39m
[90mstderr[2m | src/components/DashBoard/Pages/coach-assistant/CoachCommandCenterVoiceLifecycle.test.tsx[2m > [22m[2mCoachCommandCenter foreground voice lifecycle (G06)[2m > [22m[2mbackgrounding the tab stops dictation and TTS output; an in-flight write is not cancelled
[22m[39mWarning: An update to CoachCommandCenterPage inside a test was not wrapped in act(...).

When testing, code that causes React state updates should be wrapped into act(...):

act(() => {
  /* fire events that update state */
});
/* assert on the output */

This ensures that you're testing the behavior the user would see in the browser. Learn more at https://reactjs.org/link/wrap-tests-with-act
    at CoachCommandCenterPage (C:/Users/BigotSmasher/Desktop/@Everything/quick-pt/SS-PT/tmp/worktrees/swan-coach-astra-owned-20260906/frontend/src/components/DashBoard/Pages/coach-assistant/CoachCommandCenterPage.tsx:42:117)
    at CoachSessionDraftProvider (C:/Users/BigotSmasher/Desktop/@Everything/quick-pt/SS-PT/tmp/worktrees/swan-coach-astra-owned-20260906/frontend/src/components/DashBoard/Pages/coach-assistant/CoachSessionDraftContext.tsx:15:38)
    at Router (C:\Users\BigotSmasher\Desktop\@Everything\quick-pt\SS-PT\tmp\worktrees\swan-coach-astra-owned-20260906\frontend\node_modules\react-router\dist\umd\react-router.development.js:1203:17)
    at MemoryRouter (C:\Users\BigotSmasher\Desktop\@Everything\quick-pt\SS-PT\tmp\worktrees\swan-coach-astra-owned-20260906\frontend\node_modules\react-router\dist\umd\react-router.development.js:1097:7)
Warning: An update to CoachCommandCenterPage inside a test was not wrapped in act(...).

When testing, code that causes React state updates should be wrapped into act(...):

act(() => {
  /* fire events that update state */
});
/* assert on the output */

This ensures that you're testing the behavior the user would see in the browser. Learn more at https://reactjs.org/link/wrap-tests-with-act
    at CoachCommandCenterPage (C:/Users/BigotSmasher/Desktop/@Everything/quick-pt/SS-PT/tmp/worktrees/swan-coach-astra-owned-20260906/frontend/src/components/DashBoard/Pages/coach-assistant/CoachCommandCenterPage.tsx:42:117)
    at CoachSessionDraftProvider (C:/Users/BigotSmasher/Desktop/@Everything/quick-pt/SS-PT/tmp/worktrees/swan-coach-astra-owned-20260906/frontend/src/components/DashBoard/Pages/coach-assistant/CoachSessionDraftContext.tsx:15:38)
    at Router (C:\Users\BigotSmasher\Desktop\@Everything\quick-pt\SS-PT\tmp\worktrees\swan-coach-astra-owned-20260906\frontend\node_modules\react-router\dist\umd\react-router.development.js:1203:17)
    at MemoryRouter (C:\Users\BigotSmasher\Desktop\@Everything\quick-pt\SS-PT\tmp\worktrees\swan-coach-astra-owned-20260906\frontend\node_modules\react-router\dist\umd\react-router.development.js:1097:7)
Warning: An update to CoachChatTranscript inside a test was not wrapped in act(...).

When testing, code that causes React state updates should be wrapped into act(...):

act(() => {
  /* fire events that update state */
});
/* assert on the output */

This ensures that you're testing the behavior the user would see in the browser. Learn more at https://reactjs.org/link/wrap-tests-with-act
    at CoachChatTranscript (C:/Users/BigotSmasher/Desktop/@Everything/quick-pt/SS-PT/tmp/worktrees/swan-coach-astra-owned-20260906/frontend/src/components/DashBoard/Pages/coach-assistant/CoachChatTranscript.tsx:23:3)
    at div
    at div
    at div
    at div
    at S (C:\Users\BigotSmasher\Desktop\@Everything\quick-pt\SS-PT\tmp\worktrees\swan-coach-astra-owned-20260906\frontend\node_modules\styled-components\dist\styled-components.cjs.js:1:27898)
    at CoachCommandCenterPage (C:/Users/BigotSmasher/Desktop/@Everything/quick-pt/SS-PT/tmp/worktrees/swan-coach-astra-owned-20260906/frontend/src/components/DashBoard/Pages/coach-assistant/CoachCommandCenterPage.tsx:42:117)
    at CoachSessionDraftProvider (C:/Users/BigotSmasher/Desktop/@Everything/quick-pt/SS-PT/tmp/worktrees/swan-coach-astra-owned-20260906/frontend/src/components/DashBoard/Pages/coach-assistant/CoachSessionDraftContext.tsx:15:38)
    at Router (C:\Users\BigotSmasher\Desktop\@Everything\quick-pt\SS-PT\tmp\worktrees\swan-coach-astra-owned-20260906\frontend\node_modules\react-router\dist\umd\react-router.development.js:1203:17)
    at MemoryRouter (C:\Users\BigotSmasher\Desktop\@Everything\quick-pt\SS-PT\tmp\worktrees\swan-coach-astra-owned-20260906\frontend\node_modules\react-router\dist\umd\react-router.development.js:1097:7)

 [32m✓[39m src/components/WorkoutLogger/runner/shell/shell.laws.static.test.ts [2m([22m[2m7 tests[22m[2m)[22m[32m 31[2mms[22m[39m
 [32m✓[39m src/components/DashBoard/Pages/admin-clients/components/AdminViewAsWrapper.bannerClientName.test.tsx [2m([22m[2m4 tests[22m[2m)[22m[32m 185[2mms[22m[39m
 [32m✓[39m src/components/DashBoard/shared/client-training/TodayTrainingModule.mount.test.ts [2m([22m[2m3 tests[22m[2m)[22m[32m 7[2mms[22m[39m
 [32m✓[39m src/components/DashBoard/workspaces/ClientsWorkspace.viewAsCta.test.tsx [2m([22m[2m17 tests[22m[2m)[22m[33m 8418[2mms[22m[39m
     [33m[2m✓[22m[39m loads all clients by default so soft-deactivated accounts remain recoverable [33m 1304[2mms[22m[39m
     [33m[2m✓[22m[39m navigates to canonical /dashboard/admin/client-management/view-as/:userId when clicked with a selected client [33m 690[2mms[22m[39m
     [33m[2m✓[22m[39m renders the daily training cockpit actions for the selected client [33m 1214[2mms[22m[39m
     [33m[2m✓[22m[39m keeps Log Today inside the selected-client Client Hub training logger [33m 340[2mms[22m[39m
     [33m[2m✓[22m[39m preserves Move Fitness free-tracking copy in the selected-client daily cockpit [33m 499[2mms[22m[39m
     [33m[2m✓[22m[39m opens the workout planner with the selected client preloaded [33m 326[2mms[22m[39m
     [33m[2m✓[22m[39m opens Swan Coach with selected-client daily logging context [33m 327[2mms[22m[39m
     [33m[2m✓[22m[39m soft-deactivates the selected client from the canonical Client Hub with a retention warning [33m 809[2mms[22m[39m
     [33m[2m✓[22m[39m reactivates an inactive selected client without losing retained records [33m 335[2mms[22m[39m
     [33m[2m✓[22m[39m opens the embedded workout logger from a client grid quick action without leaving the Client Hub [33m 359[2mms[22m[39m
     [33m[2m✓[22m[39m does not render the View As button when no client is selected [33m 1088[2mms[22m[39m
[90mstdout[2m | src/components/WorkoutLogger/runner/shell/shell.zones.contextbar.test.tsx
[22m[39m[API] Production mode: false
[API] Base URL: http://localhost:10000

[90mstdout[2m | src/components/WorkoutLogger/runner/shell/shell.zones.contextbar.test.tsx
[22m[39mAPI clients configured for SwanStudios backend

 [32m✓[39m src/components/UserDashboard/components/MuscleReadiness/MuscleReadinessCard.test.tsx [2m([22m[2m7 tests[22m[2m)[22m[33m 319[2mms[22m[39m
 [32m✓[39m src/components/WorkoutLogger/runner/shell/contrast.recipes.audit.test.ts [2m([22m[2m19 tests[22m[2m)[22m[32m 6[2mms[22m[39m
 [32m✓[39m src/components/DashBoard/workspaces/clients-team/ClientDailyActionStrip.test.tsx [2m([22m[2m7 tests[22m[2m)[22m[33m 542[2mms[22m[39m
     [33m[2m✓[22m[39m keeps the daily action buttons wired [33m 357[2mms[22m[39m
[90mstdout[2m | src/components/DashBoard/workspaces/clients-team/ClientTrainingCommandBar.commandError.test.tsx
[22m[39m[API] Production mode: false
[API] Base URL: http://localhost:10000

 [32m✓[39m src/components/WorkoutLogger/runner/shell/shell.zones.contextbar.test.tsx [2m([22m[2m6 tests[22m[2m)[22m[33m 348[2mms[22m[39m
 [32m✓[39m src/components/DashBoard/workspaces/clients-team/useClientAccountLifecycle.claimLink.test.tsx [2m([22m[2m1 test[22m[2m)[22m[32m 300[2mms[22m[39m
 [32m✓[39m src/components/DashBoard/Pages/coach-assistant/CoachCommandCenterThreadTargetRoutes.test.tsx [2m([22m[2m2 tests[22m[2m)[22m[33m 4244[2mms[22m[39m
     [33m[2m✓[22m[39m uses active thread targetUserId for Logger and Planner routes when URL has no clientId [33m 3634[2mms[22m[39m
     [33m[2m✓[22m[39m rebases stale routed client context when a History thread is selected [33m 607[2mms[22m[39m
[90mstderr[2m | src/components/DashBoard/Pages/coach-assistant/CoachCommandCenterVoiceLifecycle.test.tsx
[22m[39m[API] Response error: {
  status: [90mundefined[39m,
  message: [32m'Network Error'[39m,
  url: [32m'/api/ai-command/commands'[39m
}

[90mstderr[2m | src/components/DashBoard/Pages/coach-assistant/CoachCommandCenterVoiceLifecycle.test.tsx
[22m[39m[API] Response error: {
  status: [90mundefined[39m,
  message: [32m'Network Error'[39m,
  url: [32m'/api/ai-command/commands'[39m
}

[90mstderr[2m | src/components/DashBoard/Pages/coach-assistant/CoachCommandCenterVoiceLifecycle.test.tsx
[22m[39m[API] Response error: {
  status: [90mundefined[39m,
  message: [32m'Network Error'[39m,
  url: [32m'/api/ai-command/commands'[39m
}

 [32m✓[39m src/components/DashBoard/workspaces/clients-team/ClientHeaderCard.test.tsx [2m([22m[2m7 tests[22m[2m)[22m[32m 227[2mms[22m[39m
[90mstderr[2m | src/components/DashBoard/Pages/coach-assistant/CoachCommandCenterVoiceLifecycle.test.tsx
[22m[39m[API] Response error: {
  status: [90mundefined[39m,
  message: [32m'Network Error'[39m,
  url: [32m'/api/ai-command/commands'[39m
}

[90mstderr[2m | src/components/DashBoard/Pages/coach-assistant/CoachCommandCenterVoiceLifecycle.test.tsx
[22m[39m[API] Response error: {
  status: [90mundefined[39m,
  message: [32m'Network Error'[39m,
  url: [32m'/api/ai-command/commands'[39m
}

[90mstderr[2m | src/components/DashBoard/Pages/coach-assistant/CoachCommandCenterVoiceLifecycle.test.tsx
[22m[39m[API] Response error: {
  status: [90mundefined[39m,
  message: [32m'Network Error'[39m,
  url: [32m'/api/ai-command/commands'[39m
}

 [32m✓[39m src/components/DashBoard/Pages/coach-assistant/CoachCommandCenterVoiceLifecycle.test.tsx [2m([22m[2m6 tests[22m[2m)[22m[33m 4208[2mms[22m[39m
     [33m[2m✓[22m[39m backgrounding the tab stops dictation and TTS output; an in-flight write is not cancelled [33m 3344[2mms[22m[39m
     [33m[2m✓[22m[39m T32: resuming capture after a submission never replays the submitted intent [33m 393[2mms[22m[39m
 [32m✓[39m src/components/WorkoutLogger/runner/shell/shell.law0.tap-budget.test.tsx [2m([22m[2m1 test[22m[2m)[22m[33m 2328[2mms[22m[39m
     [33m[2m✓[22m[39m assigned session: the first set commits in ONE tap — 0 stage changes, 0 sheets [33m 2326[2mms[22m[39m
 [32m✓[39m src/components/WorkoutLogger/runner/shell/sessionTools.test.ts [2m([22m[2m12 tests[22m[2m)[22m[32m 6[2mms[22m[39m
 [32m✓[39m src/components/WorkoutLogger/WorkoutLogger.ghostPrefill.test.tsx [2m([22m[2m2 tests[22m[2m)[22m[33m 2378[2mms[22m[39m
     [33m[2m✓[22m[39m client self-mode: selecting an exercise does NOT fire /api/admin/clients/:id/workouts [33m 1987[2mms[22m[39m
     [33m[2m✓[22m[39m trainer/admin mode: selecting an exercise DOES request /api/admin/clients/:id/workouts (ghost pre-fill preserved) [33m 388[2mms[22m[39m
 [32m✓[39m src/components/DashBoard/workspaces/clients-team/ClientTrainingCommandBar.commandError.test.tsx [2m([22m[2m2 tests[22m[2m)[22m[33m 310[2mms[22m[39m
 [32m✓[39m src/components/DashBoard/workspaces/NutritionWorkspace.macroRefresh.test.tsx [2m([22m[2m10 tests[22m[2m)[22m[33m 2728[2mms[22m[39m
     [33m[2m✓[22m[39m refreshes macro totals after a successful meal log [33m 830[2mms[22m[39m
     [33m[2m✓[22m[39m does not refresh macro totals when voice or search reports a failed save [33m 406[2mms[22m[39m
 [32m✓[39m src/components/WorkoutLogger/runner/shell/shell.receipt.terminal.test.tsx [2m([22m[2m1 test[22m[2m)[22m[33m 2499[2mms[22m[39m
     [33m[2m✓[22m[39m after save: the rail unmounts (not navigable), the canvas becomes the receipt [33m 2497[2mms[22m[39m
 [32m✓[39m src/components/WorkoutLogger/runner/shell/shell.zones.coachdrawer.test.tsx [2m([22m[2m4 tests[22m[2m)[22m[32m 248[2mms[22m[39m
[90mstderr[2m | src/components/DashBoard/Pages/coach-assistant/CoachCommandCenterVoice.test.tsx
[22m[39m[API] Response error: {
  status: [90mundefined[39m,
  message: [32m'Network Error'[39m,
  url: [32m'/api/ai-command/commands'[39m
}

[90mstderr[2m | src/components/DashBoard/Pages/coach-assistant/CoachCommandCenterVoice.test.tsx
[22m[39m[API] Response error: {
  status: [90mundefined[39m,
  message: [32m'Network Error'[39m,
  url: [32m'/api/ai-command/commands'[39m
}

[90mstderr[2m | src/components/DashBoard/Pages/coach-assistant/CoachCommandCenterVoice.test.tsx
[22m[39m[API] Response error: {
  status: [90mundefined[39m,
  message: [32m'Network Error'[39m,
  url: [32m'/api/ai-command/commands'[39m
}

[90mstderr[2m | src/components/DashBoard/Pages/coach-assistant/CoachCommandCenterVoice.test.tsx
[22m[39m[API] Response error: {
  status: [90mundefined[39m,
  message: [32m'Network Error'[39m,
  url: [32m'/api/ai-command/commands'[39m
}

[90mstderr[2m | src/components/DashBoard/Pages/coach-assistant/CoachCommandCenterVoice.test.tsx
[22m[39m[API] Response error: {
  status: [90mundefined[39m,
  message: [32m'Network Error'[39m,
  url: [32m'/api/ai-command/commands'[39m
}

[90mstderr[2m | src/components/DashBoard/Pages/coach-assistant/CoachCommandCenterVoice.test.tsx
[22m[39m[API] Response error: {
  status: [90mundefined[39m,
  message: [32m'Network Error'[39m,
  url: [32m'/api/ai-command/pending/voice-op-1'[39m
}

 [32m✓[39m src/components/DashBoard/Pages/coach-assistant/CoachCommandCenterVoice.test.tsx [2m([22m[2m6 tests[22m[2m)[22m[33m 4689[2mms[22m[39m
     [33m[2m✓[22m[39m routes the command center Mic button into browser speech input [33m 3165[2mms[22m[39m
     [33m[2m✓[22m[39m routes transcribed workout commands through the approval-gated command lane [33m 859[2mms[22m[39m
 [32m✓[39m src/components/DashBoard/Pages/coach-assistant/CoachCommandCenterWorkoutRoutes.test.tsx [2m([22m[2m10 tests[22m[2m)[22m[33m 7807[2mms[22m[39m
     [33m[2m✓[22m[39m offers Sean/admin personal Logger and Planner inside More when no route client is loaded [33m 3111[2mms[22m[39m
     [33m[2m✓[22m[39m offers a client logger draft handoff for generated workout answers [33m 1121[2mms[22m[39m
     [33m[2m✓[22m[39m preserves a safe trainer return route in the planner handoff inside More [33m 342[2mms[22m[39m
     [33m[2m✓[22m[39m preserves booked-session context in the rendered trainer planner handoff [33m 326[2mms[22m[39m
     [33m[2m✓[22m[39m offers a logger draft handoff for generated workout answers on a selected-client route [33m 696[2mms[22m[39m
     [33m[2m✓[22m[39m offers a logger draft handoff for generated workout answers to the admin personal logger [33m 650[2mms[22m[39m
     [33m[2m✓[22m[39m offers the logger draft handoff for generated workout answers on an active thread target [33m 830[2mms[22m[39m
 [32m✓[39m src/components/DashBoard/Pages/admin-clients/components/LongHorizonConfigureForm.test.tsx [2m([22m[2m3 tests[22m[2m)[22m[33m 394[2mms[22m[39m
     [33m[2m✓[22m[39m updates horizon, equipment, and generates the draft [33m 331[2mms[22m[39m
 [32m✓[39m src/components/DashBoard/workspaces/clients-team/clientDailyTrainingRoutes.test.ts [2m([22m[2m7 tests[22m[2m)[22m[32m 4[2mms[22m[39m
 [32m✓[39m src/components/DashBoard/workspaces/clients-team/ClientHubGridSection.test.tsx [2m([22m[2m4 tests[22m[2m)[22m[33m 742[2mms[22m[39m
     [33m[2m✓[22m[39m shows every client with live status counts by default [33m 424[2mms[22m[39m
 [32m✓[39m src/components/DashBoard/workspaces/clients-team/ClientNutritionEstimateReviewPanel.logic.test.ts [2m([22m[2m4 tests[22m[2m)[22m[32m 5[2mms[22m[39m
 [32m✓[39m src/components/WorkoutLogger/runner/shell/shell.save-path.canonical.test.tsx [2m([22m[2m2 tests[22m[2m)[22m[33m 3086[2mms[22m[39m
     [33m[2m✓[22m[39m minimal session: the EXACT wire body — keys, shapes, omissions — is pinned [33m 2380[2mms[22m[39m
     [33m[2m✓[22m[39m optional-key contract: equipment profile rides the wire ONLY when picked [33m 704[2mms[22m[39m
 [32m✓[39m src/components/WorkoutLogger/runner/shell/shell.recipes.wiring.test.tsx [2m([22m[2m3 tests[22m[2m)[22m[33m 3100[2mms[22m[39m
     [33m[2m✓[22m[39m Focus Flow (default): tab rail, Train stats collapsed into the context bar [33m 1699[2mms[22m[39m
     [33m[2m✓[22m[39m Ledger Pro (power view): segmented rail + expanded Train stats strip [33m 455[2mms[22m[39m
     [33m[2m✓[22m[39m recipe swap changes CHROME only — the same zones exist under every recipe [33m 944[2mms[22m[39m
 [32m✓[39m src/components/DashBoard/workspaces/clients-team/ClientSelectorDropdown.styleExtraction.test.ts [2m([22m[2m3 tests[22m[2m)[22m[32m 4[2mms[22m[39m
 [32m✓[39m src/components/DashBoard/workspaces/marketing/CampaignManager.archiveGate.test.tsx [2m([22m[2m5 tests[22m[2m)[22m[33m 576[2mms[22m[39m
     [33m[2m✓[22m[39m does not delete on the icon click alone [33m 314[2mms[22m[39m
 [32m✓[39m src/components/WorkoutLogger/runner/shell/shell.stage-swap.page.test.tsx [2m([22m[2m5 tests[22m[2m)[22m[33m 3444[2mms[22m[39m
     [33m[2m✓[22m[39m Law 0: cold load lands on Train — the add-exercise path needs NO rail tap [33m 595[2mms[22m[39m
     [33m[2m✓[22m[39m stage swaps preserve exercises and Finish notes — view state, not lifecycle [33m 2428[2mms[22m[39m
[90mstdout[2m | src/components/DashBoard/workspaces/clients-team/ClientTrainingCommandBar.voice.test.tsx
[22m[39m[API] Production mode: false
[API] Base URL: http://localhost:10000

 [32m✓[39m src/components/WorkoutLogger/WorkoutLogger.l4Prefill.test.tsx [2m([22m[2m7 tests[22m[2m)[22m[33m 3502[2mms[22m[39m
     [33m[2m✓[22m[39m uses cursor-driven currentSession.exercises and announces "Week N — DayLabel" [33m 2796[2mms[22m[39m
 [32m✓[39m src/components/TrainerDashboard/ClientProgress/Analytics/ComparisonAnalytics.themeBridge.test.ts [2m([22m[2m2 tests[22m[2m)[22m[32m 5[2mms[22m[39m
 [32m✓[39m src/components/DashBoard/workspaces/marketing/MarketingCommandOverview.test.tsx [2m([22m[2m4 tests[22m[2m)[22m[33m 456[2mms[22m[39m
     [33m[2m✓[22m[39m renders the channel breakdown (name + count) from /stats [33m 350[2mms[22m[39m
 [32m✓[39m src/components/DashBoard/workspaces/clients-team/ClientTrainingCommandBar.voice.test.tsx [2m([22m[2m2 tests[22m[2m)[22m[32m 205[2mms[22m[39m
 [32m✓[39m src/components/DashBoard/shared/client-training/TodayTrainingModule.test.tsx [2m([22m[2m2 tests[22m[2m)[22m[32m 223[2mms[22m[39m
 [32m✓[39m src/components/DashBoard/Pages/admin-clients/components/WorkoutCopilotPanel.test.tsx [2m([22m[2m36 tests[22m[2m)[22m[33m 8251[2mms[22m[39m
       [33m[2m✓[22m[39m renders plan, explainability, safety constraints, and warnings [33m 411[2mms[22m[39m
       [33m[2m✓[22m[39m requires Swan Coach planning acknowledgement before approving review-required drafts [33m 327[2mms[22m[39m
       [33m[2m✓[22m[39m passes override reason to generateDraft [33m 639[2mms[22m[39m
       [33m[2m✓[22m[39m passes override reason to approveDraft [33m 543[2mms[22m[39m
       [33m[2m✓[22m[39m loads real profile goals when entering configure state [33m 338[2mms[22m[39m
       [33m[2m✓[22m[39m shows goal fallback badge when profile goal fetch fails [33m 337[2mms[22m[39m
       [33m[2m✓[22m[39m generates draft and renders plan review blocks [33m 417[2mms[22m[39m
       [33m[2m✓[22m[39m requires Swan Coach planning acknowledgement before approving review-required long-horizon drafts [33m 602[2mms[22m[39m
       [33m[2m✓[22m[39m lh-approve-flow [33m 394[2mms[22m[39m
       [33m[2m✓[22m[39m renders degraded response in long-horizon tab [33m 309[2mms[22m[39m
       [33m[2m✓[22m[39m handles MISSING_OVERRIDE_REASON by returning to configure state [33m 324[2mms[22m[39m
       [33m[2m✓[22m[39m lh-override-reason-flow [33m 949[2mms[22m[39m
       [33m[2m✓[22m[39m resets long-horizon state when switching tabs [33m 404[2mms[22m[39m
[90mstdout[2m | src/components/DashBoard/Pages/coach-assistant/CoachIntakeWorkspaceDraftReview.test.tsx
[22m[39m[API] Production mode: false
[API] Base URL: http://localhost:10000

[90mstdout[2m | src/components/DashBoard/Pages/coach-assistant/CoachIntakeWorkspacePlaudPlayback.test.tsx
[22m[39m[API] Production mode: false
[API] Base URL: http://localhost:10000

[90mstdout[2m | src/components/DashBoard/Pages/coach-assistant/CoachIntakeWorkspaceOutcome.test.tsx
[22m[39m[API] Production mode: false
[API] Base URL: http://localhost:10000

[90mstdout[2m | src/components/DashBoard/Pages/coach-assistant/CoachIntakeWorkspaceItemReviewLinks.test.tsx
[22m[39m[API] Production mode: false
[API] Base URL: http://localhost:10000

[90mstdout[2m | src/components/DashBoard/Pages/coach-assistant/CoachIntakeWorkspaceTriageFlow.test.tsx
[22m[39m[API] Production mode: false
[API] Base URL: http://localhost:10000

[90mstdout[2m | src/components/DashBoard/Pages/coach-assistant/CoachIntakeWorkspaceFailedRecovery.test.tsx
[22m[39m[API] Production mode: false
[API] Base URL: http://localhost:10000

[90mstdout[2m | src/components/DashBoard/Pages/coach-assistant/CoachIntakeWorkspace.autoTarget.test.tsx
[22m[39m[API] Production mode: false
[API] Base URL: http://localhost:10000

[90mstdout[2m | src/components/DashBoard/Pages/coach-assistant/CoachIntakeWorkspaceEmptyState.test.tsx
[22m[39m[API] Production mode: false
[API] Base URL: http://localhost:10000

 [32m✓[39m src/components/DashBoard/Pages/coach-assistant/CoachInputBar.test.tsx [2m([22m[2m4 tests[22m[2m)[22m[33m 350[2mms[22m[39m
 [32m✓[39m src/components/DashBoard/Pages/coach-assistant/CoachIntakeQueueScopeTabs.test.tsx [2m([22m[2m2 tests[22m[2m)[22m[32m 217[2mms[22m[39m
 [32m✓[39m src/components/DashBoard/Pages/coach-assistant/CoachIntakeWorkspaceDraftReview.test.tsx [2m([22m[2m2 tests[22m[2m)[22m[33m 528[2mms[22m[39m
     [33m[2m✓[22m[39m does not expose a prompt-only draft preparation button after audio order is clear [33m 454[2mms[22m[39m
[90mstdout[2m | src/components/DashBoard/Pages/coach-assistant/CoachIntakeWorkspace.quickSnapshot.test.tsx
[22m[39m[API] Production mode: false
[API] Base URL: http://localhost:10000

 [32m✓[39m src/pages/HomePage/components/sections/CTASection.sheen.test.tsx [2m([22m[2m3 tests[22m[2m)[22m[32m 299[2mms[22m[39m
 [32m✓[39m src/components/DashBoard/Pages/coach-assistant/CoachIntakeWorkspacePlaudPlayback.test.tsx [2m([22m[2m1 test[22m[2m)[22m[33m 552[2mms[22m[39m
     [33m[2m✓[22m[39m renders authenticated playback controls for the active PLAUD clip intake item [33m 550[2mms[22m[39m
 [32m✓[39m src/components/DashBoard/Pages/coach-assistant/CoachIntakeWorkspaceFailedRecovery.test.tsx [2m([22m[2m1 test[22m[2m)[22m[33m 446[2mms[22m[39m
     [33m[2m✓[22m[39m routes failed intake recovery to the real target review link without prompt buttons [33m 444[2mms[22m[39m
 [32m✓[39m src/components/DashBoard/Pages/coach-assistant/CoachOnboardingWorkbench.test.tsx [2m([22m[2m2 tests[22m[2m)[22m[33m 427[2mms[22m[39m
     [33m[2m✓[22m[39m renders real roster and ledger data while staging Coach command text [33m 380[2mms[22m[39m
 [32m✓[39m src/components/DashBoard/Pages/coach-assistant/CoachIntakeWorkspaceTriageFlow.test.tsx [2m([22m[2m1 test[22m[2m)[22m[33m 583[2mms[22m[39m
     [33m[2m✓[22m[39m puts the active target recommended action first and keeps helper clutter collapsed [33m 568[2mms[22m[39m
 [32m✓[39m src/components/DashBoard/Pages/coach-assistant/CoachIntakeWorkspaceItemReviewLinks.test.tsx [2m([22m[2m3 tests[22m[2m)[22m[33m 667[2mms[22m[39m
     [33m[2m✓[22m[39m lets operators jump directly to a specific Coach or PLAUD intake item [33m 587[2mms[22m[39m
 [32m✓[39m src/components/DashBoard/Pages/coach-assistant/CoachIntakeWorkspaceEmptyState.test.tsx [2m([22m[2m4 tests[22m[2m)[22m[33m 413[2mms[22m[39m
     [33m[2m✓[22m[39m does not expose arbitrary queue load error details [33m 341[2mms[22m[39m
 [32m✓[39m src/components/DashBoard/Pages/coach-assistant/CoachIntakeWorkspaceHeader.test.tsx [2m([22m[2m2 tests[22m[2m)[22m[32m 239[2mms[22m[39m
[90mstdout[2m | src/components/DashBoard/Pages/coach-assistant/CoachMessageIntakeErrorSafety.test.tsx
[22m[39m[API] Production mode: false
[API] Base URL: http://localhost:10000

[90mstdout[2m | src/components/DashBoard/Pages/coach-assistant/CoachMessage.accessHandoff.test.tsx
[22m[39m[API] Production mode: false
[API] Base URL: http://localhost:10000

 [32m✓[39m src/components/DashBoard/Pages/coach-assistant/CoachIntakeTeachMe.test.tsx [2m([22m[2m1 test[22m[2m)[22m[32m 281[2mms[22m[39m
 [32m✓[39m src/components/DashBoard/Pages/coach-assistant/CoachIntakeWorkspaceOutcome.test.tsx [2m([22m[2m1 test[22m[2m)[22m[33m 869[2mms[22m[39m
     [33m[2m✓[22m[39m shows a post-action receipt after a prepared workout proposal is applied [33m 867[2mms[22m[39m
[90mstdout[2m | src/components/DashBoard/Pages/coach-assistant/CoachFormattedLogContent.workoutRows.test.tsx
[22m[39m[API] Production mode: false
[API] Base URL: http://localhost:10000

[90mstdout[2m | src/components/DashBoard/Pages/coach-assistant/CoachIntakeWorkspaceRouteRecovery.test.tsx
[22m[39m[API] Production mode: false
[API] Base URL: http://localhost:10000

 [32m✓[39m src/components/DashBoard/Pages/coach-assistant/CoachIntakeWorkspace.autoTarget.test.tsx [2m([22m[2m1 test[22m[2m)[22m[33m 591[2mms[22m[39m
     [33m[2m✓[22m[39m surfaces the highest-priority intake dossier without requiring a first review click [33m 589[2mms[22m[39m
 [32m✓[39m src/components/DashBoard/Pages/workout-design-lab/WorkoutDesignLab.contract.test.ts [2m([22m[2m7 tests[22m[2m)[22m[32m 15[2mms[22m[39m
 [32m✓[39m src/components/DashBoard/Pages/coach-assistant/CoachIntakeWorkspace.quickSnapshot.test.tsx [2m([22m[2m1 test[22m[2m)[22m[33m 317[2mms[22m[39m
     [33m[2m✓[22m[39m puts queue pressure near the top without repeating the same summary later [33m 315[2mms[22m[39m
 [32m✓[39m src/components/DashBoard/Pages/coach-assistant/CoachIntakeQueueItemCard.test.tsx [2m([22m[2m7 tests[22m[2m)[22m[32m 200[2mms[22m[39m
 [32m✓[39m src/components/DashBoard/Pages/coach-assistant/CoachMessageIntakeErrorSafety.test.tsx [2m([22m[2m9 tests[22m[2m)[22m[32m 287[2mms[22m[39m
 [32m✓[39m src/components/DashBoard/Pages/coach-assistant/CoachReviewNextResultCard.test.tsx [2m([22m[2m8 tests[22m[2m)[22m[32m 273[2mms[22m[39m
 [32m✓[39m src/components/DashBoard/Pages/coach-assistant/CoachMessage.accessHandoff.test.tsx [2m([22m[2m1 test[22m[2m)[22m[32m 297[2mms[22m[39m
 [32m✓[39m src/components/DashBoard/Pages/coach-assistant/CoachFormattedLogContent.workoutRows.test.tsx [2m([22m[2m2 tests[22m[2m)[22m[32m 288[2mms[22m[39m
 [32m✓[39m src/components/DashBoard/Pages/coach-assistant/CoachIntakeWorkspaceRouteRecovery.test.tsx [2m([22m[2m2 tests[22m[2m)[22m[32m 229[2mms[22m[39m
 [32m✓[39m src/components/DashBoard/Pages/workout-design-lab/worldRenderSignature.test.tsx [2m([22m[2m5 tests[22m[2m)[22m[32m 10[2mms[22m[39m
 [32m✓[39m src/components/DashBoard/Pages/coach-assistant/CoachIntakeHealthStrip.test.tsx [2m([22m[2m5 tests[22m[2m)[22m[32m 210[2mms[22m[39m
[90mstdout[2m | src/components/DashBoard/Pages/coach-assistant/CoachCommandLogEntry.accessHandoffStatus.test.tsx
[22m[39m[API] Production mode: false
[API] Base URL: http://localhost:10000

 [32m✓[39m src/components/DashBoard/Pages/coach-assistant/CoachPreparedDraftResultCard.test.tsx [2m([22m[2m6 tests[22m[2m)[22m[32m 212[2mms[22m[39m
 [32m✓[39m src/components/DashBoard/Pages/coach-assistant/CoachExecutionResultCard.accessHandoff.test.tsx [2m([22m[2m2 tests[22m[2m)[22m[32m 184[2mms[22m[39m
 [32m✓[39m src/components/DashBoard/Pages/coach-assistant/CoachPlaudStructuredActionResultCard.test.tsx [2m([22m[2m3 tests[22m[2m)[22m[32m 187[2mms[22m[39m
 [32m✓[39m src/components/DashBoard/Pages/coach-assistant/CoachIntakeReviewPath.test.tsx [2m([22m[2m2 tests[22m[2m)[22m[32m 162[2mms[22m[39m
 [32m✓[39m src/components/DashBoard/Pages/coach-assistant/CoachCommandLogEntry.accessHandoffStatus.test.tsx [2m([22m[2m4 tests[22m[2m)[22m[32m 219[2mms[22m[39m
 [32m✓[39m src/components/DashBoard/Pages/coach-assistant/CoachSuggestionChips.test.tsx [2m([22m[2m3 tests[22m[2m)[22m[32m 156[2mms[22m[39m
 [32m✓[39m src/components/DashBoard/Pages/coach-assistant/ThinkingIndicator.test.tsx [2m([22m[2m7 tests[22m[2m)[22m[32m 157[2mms[22m[39m
[90mstdout[2m | src/components/DashBoard/Pages/coach-assistant/CoachIntakePreparedDraftPanel.test.tsx
[22m[39m[API] Production mode: false
[API] Base URL: http://localhost:10000

 [32m✓[39m src/components/DashBoard/Pages/coach-assistant/CoachIntakeQueueItemCard.primaryAction.test.tsx [2m([22m[2m1 test[22m[2m)[22m[32m 141[2mms[22m[39m
 [32m✓[39m src/components/DashBoard/Pages/coach-assistant/CoachIntakeOutcomeReceipt.test.tsx [2m([22m[2m1 test[22m[2m)[22m[32m 121[2mms[22m[39m
 [32m✓[39m src/components/DashBoard/Pages/coach-assistant/CoachSessionDesk.test.tsx [2m([22m[2m14 tests[22m[2m)[22m[32m 154[2mms[22m[39m
 [32m✓[39m src/components/DashBoard/Pages/coach-assistant/CoachWorkoutDraft.test.tsx [2m([22m[2m8 tests[22m[2m)[22m[32m 112[2mms[22m[39m
 [32m✓[39m src/components/DashBoard/Pages/coach-assistant/CoachIntakeEventTrail.test.tsx [2m([22m[2m4 tests[22m[2m)[22m[32m 133[2mms[22m[39m
 [32m✓[39m src/components/DashBoard/Pages/coach-assistant/hooks/useCoachBrowserSpeechInput.contract.test.tsx [2m([22m[2m8 tests[22m[2m)[22m[32m 252[2mms[22m[39m
 [32m✓[39m src/components/DashBoard/Pages/coach-assistant/CoachIntakePreparedDraftPanel.test.tsx [2m([22m[2m1 test[22m[2m)[22m[32m 148[2mms[22m[39m
 [32m✓[39m src/components/DashBoard/Pages/coach-assistant/CoachRetentionResultCard.test.tsx [2m([22m[2m2 tests[22m[2m)[22m[32m 186[2mms[22m[39m
 [32m✓[39m src/components/DashBoard/Pages/coach-assistant/ContextChipBar.test.tsx [2m([22m[2m7 tests[22m[2m)[22m[32m 83[2mms[22m[39m
 [32m✓[39m src/components/DashBoard/Pages/coach-assistant/CoachDispatchRefusalNotice.test.tsx [2m([22m[2m4 tests[22m[2m)[22m[32m 65[2mms[22m[39m
 [32m✓[39m src/components/DashBoard/Pages/coach-assistant/CoachSessionDesk.floorMode.test.tsx [2m([22m[2m5 tests[22m[2m)[22m[32m 80[2mms[22m[39m
 [32m✓[39m src/components/DashBoard/Pages/coach-assistant/CoachIntentTimeline.test.tsx [2m([22m[2m5 tests[22m[2m)[22m[32m 75[2mms[22m[39m
 [32m✓[39m src/components/DashBoard/Pages/coach-assistant/VoiceRecordingOverlay.background.test.tsx [2m([22m[2m2 tests[22m[2m)[22m[32m 226[2mms[22m[39m
 [32m✓[39m src/components/WorkoutLogger/WorkoutLogger.submitSuccess.test.tsx [2m([22m[2m8 tests[22m[2m)[22m[33m 7118[2mms[22m[39m
     [33m[2m✓[22m[39m 201 { success: true, form } → onComplete fires, queueSubmission NOT called [33m 2353[2mms[22m[39m
     [33m[2m✓[22m[39m 409 duplicate-form response unlocks Generate Summary with the existing form id [33m 919[2mms[22m[39m
     [33m[2m✓[22m[39m allows Move Fitness clients with zero paid sessions to submit without frontend blocking [33m 585[2mms[22m[39m
     [33m[2m✓[22m[39m submits the selected training-location equipment profile when the picker is rendered [33m 742[2mms[22m[39m
     [33m[2m✓[22m[39m rejected save DOES call queueSubmission (preserve offline-first behavior) [33m 304[2mms[22m[39m
     [33m[2m✓[22m[39m canceled save from request timeout shows timeout feedback and does not queue a duplicate retry [33m 302[2mms[22m[39m
     [33m[2m✓[22m[39m service returning { success: false } (4xx-with-body) shows the server message and does NOT queue [32m 300[2mms[22m[39m
     [33m[2m✓[22m[39m requires confirmation before canceling an unsaved workout [33m 1610[2mms[22m[39m
 [32m✓[39m src/components/DashBoard/Pages/coach-assistant/SuggestedPrompts.test.tsx [2m([22m[2m6 tests[22m[2m)[22m[32m 74[2mms[22m[39m
 [32m✓[39m src/components/DashBoard/Pages/coach-assistant/CoachIntakeRetentionCandidates.test.tsx [2m([22m[2m1 test[22m[2m)[22m[32m 66[2mms[22m[39m
 [32m✓[39m src/components/DashBoard/Pages/coach-assistant/CoachContextStatus.test.tsx [2m([22m[2m4 tests[22m[2m)[22m[32m 44[2mms[22m[39m
 [32m✓[39m src/components/DashBoard/Pages/coach-assistant/CoachIntakeRetentionPurgePlan.test.tsx [2m([22m[2m1 test[22m[2m)[22m[32m 50[2mms[22m[39m
 [32m✓[39m src/components/DashBoard/Pages/coach-assistant/CoachVoiceLevelMeter.test.tsx [2m([22m[2m5 tests[22m[2m)[22m[32m 38[2mms[22m[39m
 [32m✓[39m src/components/DashBoard/Pages/workout-design-lab/LensPlanFrame.test.tsx [2m([22m[2m5 tests[22m[2m)[22m[32m 284[2mms[22m[39m
 [32m✓[39m src/components/DashBoard/Pages/coach-assistant/CoachSessionDeskGate.test.tsx [2m([22m[2m3 tests[22m[2m)[22m[32m 30[2mms[22m[39m
 [32m✓[39m src/components/DashBoard/Pages/coach-assistant/hooks/useCoachAssistantCommandSummary.test.tsx [2m([22m[2m11 tests[22m[2m)[22m[32m 38[2mms[22m[39m
 [32m✓[39m src/components/DashBoard/Pages/coach-assistant/hooks/useFileAttachment.test.ts [2m([22m[2m20 tests[22m[2m)[22m[32m 34[2mms[22m[39m
Error: useCoachSurfaceContext must be used within CoachSurfaceProvider
    at Module.useCoachSurfaceContext (C:/Users/BigotSmasher/Desktop/@Everything/quick-pt/SS-PT/tmp/worktrees/swan-coach-astra-owned-20260906/frontend/src/components/DashBoard/Pages/coach-assistant/useCoachSurfaceContext.ts:70:23)
    at __vi_import_0__.renderHook.wrapper.children.children (C:/Users/BigotSmasher/Desktop/@Everything/quick-pt/SS-PT/tmp/worktrees/swan-coach-astra-owned-20260906/frontend/src/components/DashBoard/Pages/coach-assistant/useCoachSurfaceContext.test.ts:114:35)
    at TestComponent (C:\Users\BigotSmasher\Desktop\@Everything\quick-pt\SS-PT\tmp\worktrees\swan-coach-astra-owned-20260906\frontend\node_modules\@testing-library\react\dist\pure.js:330:27)
    at renderWithHooks (C:\Users\BigotSmasher\Desktop\@Everything\quick-pt\SS-PT\tmp\worktrees\swan-coach-astra-owned-20260906\frontend\node_modules\react-dom\cjs\react-dom.development.js:15486:18)
    at mountIndeterminateComponent (C:\Users\BigotSmasher\Desktop\@Everything\quick-pt\SS-PT\tmp\worktrees\swan-coach-astra-owned-20260906\frontend\node_modules\react-dom\cjs\react-dom.development.js:20103:13)
    at beginWork (C:\Users\BigotSmasher\Desktop\@Everything\quick-pt\SS-PT\tmp\worktrees\swan-coach-astra-owned-20260906\frontend\node_modules\react-dom\cjs\react-dom.development.js:21626:16)
    at HTMLUnknownElement.callCallback (C:\Users\BigotSmasher\Desktop\@Everything\quick-pt\SS-PT\tmp\worktrees\swan-coach-astra-owned-20260906\frontend\node_modules\react-dom\cjs\react-dom.development.js:4164:14)
    at HTMLUnknownElement.callTheUserObjectsOperation (C:\Users\BigotSmasher\Desktop\@Everything\quick-pt\SS-PT\tmp\worktrees\swan-coach-astra-owned-20260906\frontend\node_modules\jsdom\lib\jsdom\living\generated\EventListener.js:26:30)
    at innerInvokeEventListeners (C:\Users\BigotSmasher\Desktop\@Everything\quick-pt\SS-PT\tmp\worktrees\swan-coach-astra-owned-20260906\frontend\node_modules\jsdom\lib\jsdom\living\events\EventTarget-impl.js:360:16)
    at invokeEventListeners (C:\Users\BigotSmasher\Desktop\@Everything\quick-pt\SS-PT\tmp\worktrees\swan-coach-astra-owned-20260906\frontend\node_modules\jsdom\lib\jsdom\living\events\EventTarget-impl.js:296:3)
Error: useCoachSurfaceContext must be used within CoachSurfaceProvider
    at Module.useCoachSurfaceContext (C:/Users/BigotSmasher/Desktop/@Everything/quick-pt/SS-PT/tmp/worktrees/swan-coach-astra-owned-20260906/frontend/src/components/DashBoard/Pages/coach-assistant/useCoachSurfaceContext.ts:70:23)
    at __vi_import_0__.renderHook.wrapper.children.children (C:/Users/BigotSmasher/Desktop/@Everything/quick-pt/SS-PT/tmp/worktrees/swan-coach-astra-owned-20260906/frontend/src/components/DashBoard/Pages/coach-assistant/useCoachSurfaceContext.test.ts:114:35)
    at TestComponent (C:\Users\BigotSmasher\Desktop\@Everything\quick-pt\SS-PT\tmp\worktrees\swan-coach-astra-owned-20260906\frontend\node_modules\@testing-library\react\dist\pure.js:330:27)
    at renderWithHooks (C:\Users\BigotSmasher\Desktop\@Everything\quick-pt\SS-PT\tmp\worktrees\swan-coach-astra-owned-20260906\frontend\node_modules\react-dom\cjs\react-dom.development.js:15486:18)
    at mountIndeterminateComponent (C:\Users\BigotSmasher\Desktop\@Everything\quick-pt\SS-PT\tmp\worktrees\swan-coach-astra-owned-20260906\frontend\node_modules\react-dom\cjs\react-dom.development.js:20103:13)
    at beginWork (C:\Users\BigotSmasher\Desktop\@Everything\quick-pt\SS-PT\tmp\worktrees\swan-coach-astra-owned-20260906\frontend\node_modules\react-dom\cjs\react-dom.development.js:21626:16)
    at HTMLUnknownElement.callCallback (C:\Users\BigotSmasher\Desktop\@Everything\quick-pt\SS-PT\tmp\worktrees\swan-coach-astra-owned-20260906\frontend\node_modules\react-dom\cjs\react-dom.development.js:4164:14)
    at HTMLUnknownElement.callTheUserObjectsOperation (C:\Users\BigotSmasher\Desktop\@Everything\quick-pt\SS-PT\tmp\worktrees\swan-coach-astra-owned-20260906\frontend\node_modules\jsdom\lib\jsdom\living\generated\EventListener.js:26:30)
    at innerInvokeEventListeners (C:\Users\BigotSmasher\Desktop\@Everything\quick-pt\SS-PT\tmp\worktrees\swan-coach-astra-owned-20260906\frontend\node_modules\jsdom\lib\jsdom\living\events\EventTarget-impl.js:360:16)
    at invokeEventListeners (C:\Users\BigotSmasher\Desktop\@Everything\quick-pt\SS-PT\tmp\worktrees\swan-coach-astra-owned-20260906\frontend\node_modules\jsdom\lib\jsdom\living\events\EventTarget-impl.js:296:3)
 [32m✓[39m src/components/DashBoard/Pages/coach-assistant/useCoachSurfaceContext.test.ts [2m([22m[2m6 tests[22m[2m)[22m[32m 28[2mms[22m[39m
 [32m✓[39m src/components/DashBoard/Pages/coach-assistant/SwanCoachAssistantPage.transcriptIntake.test.ts [2m([22m[2m138 tests[22m[2m)[22m[32m 23[2mms[22m[39m
 [32m✓[39m src/components/DashBoard/Pages/coach-assistant/hooks/useCoachBrowserSpeechInput.uniqueFinals.test.tsx [2m([22m[2m6 tests[22m[2m)[22m[32m 176[2mms[22m[39m
 [32m✓[39m src/components/DashBoard/Pages/admin-workout-planner/lens/conformance.test.tsx [2m([22m[2m10 tests[22m[2m)[22m[33m 346[2mms[22m[39m
 [32m✓[39m src/components/DashBoard/Pages/coach-assistant/hooks/useCoachAssistantMessageUtils.b1a.test.ts [2m([22m[2m11 tests[22m[2m)[22m[32m 7[2mms[22m[39m
 [32m✓[39m src/components/DashBoard/Pages/client-dashboard/observatory/useCurrentClientWorkout.normalize.test.ts [2m([22m[2m3 tests[22m[2m)[22m[32m 5[2mms[22m[39m
 [32m✓[39m src/components/DashBoard/workspaces/clients-team/tabs/AdminProgressChartsGrid.source.test.ts [2m([22m[2m2 tests[22m[2m)[22m[32m 4[2mms[22m[39m
 [32m✓[39m src/components/DashBoard/workspaces/clients-team/tabs/ClientWorkoutPlanCards.test.tsx [2m([22m[2m7 tests[22m[2m)[22m[33m 657[2mms[22m[39m
     [33m[2m✓[22m[39m renders explicit staff plan, planner, PDF recovery, and lifecycle actions [33m 360[2mms[22m[39m
 [32m✓[39m src/components/DashBoard/Pages/coach-assistant/hooks/useGeminiTranscription.test.ts [2m([22m[2m3 tests[22m[2m)[22m[32m 25[2mms[22m[39m
 [32m✓[39m src/components/DashBoard/Pages/coach-assistant/hooks/useCoachComposerDraft.rebindProbe.test.tsx [2m([22m[2m1 test[22m[2m)[22m[32m 15[2mms[22m[39m
 [32m✓[39m src/components/DashBoard/Pages/admin-workout-planner/plannerContexts/plannerContextBoundary.test.ts [2m([22m[2m5 tests[22m[2m)[22m[32m 12[2mms[22m[39m
 [32m✓[39m src/components/DashBoard/Pages/coach-assistant/hooks/useCoachDraftStores.composed.test.tsx [2m([22m[2m3 tests[22m[2m)[22m[32m 24[2mms[22m[39m
 [32m✓[39m src/components/DashBoard/Pages/coach-assistant/hooks/useCoachDraftModes.test.tsx [2m([22m[2m3 tests[22m[2m)[22m[32m 22[2mms[22m[39m
 [32m✓[39m src/components/DashBoard/Pages/coach-assistant/hooks/useCoachClientNotebook.actorScope.test.tsx [2m([22m[2m2 tests[22m[2m)[22m[32m 21[2mms[22m[39m
 [32m✓[39m src/components/DashBoard/Pages/coach-assistant/hooks/useCoachBrowserSpeechInput.runtime.test.tsx [2m([22m[2m2 tests[22m[2m)[22m[32m 188[2mms[22m[39m
 [32m✓[39m src/components/DashBoard/Pages/client-dashboard/observatory/ClientTrainingPlanVaultCard.test.tsx [2m([22m[2m9 tests[22m[2m)[22m[33m 355[2mms[22m[39m
 [32m✓[39m src/components/DashBoard/Pages/coach-assistant/hooks/useCoachAssistantThreadTarget.test.tsx [2m([22m[2m2 tests[22m[2m)[22m[32m 18[2mms[22m[39m
 [32m✓[39m src/components/DashBoard/Pages/admin-sessions/AdminSessions.localStyleExtraction.test.ts [2m([22m[2m13 tests[22m[2m)[22m[32m 17[2mms[22m[39m
 [32m✓[39m src/components/DashBoard/Pages/coach-assistant/hooks/useCoachComposerDraft.test.tsx [2m([22m[2m2 tests[22m[2m)[22m[32m 16[2mms[22m[39m
[90mstdout[2m | src/components/DashBoard/workspaces/clients-team/tabs/AdminBodyCompPanel.test.tsx
[22m[39m[API] Production mode: false
[API] Base URL: http://localhost:10000

 [32m✓[39m src/components/DashBoard/workspaces/clients-team/tabs/ClientExerciseMegaStats.test.tsx [2m([22m[2m6 tests[22m[2m)[22m[32m 256[2mms[22m[39m
[90mstdout[2m | src/components/DashBoard/workspaces/clients-team/tabs/AdminProgressChartsGrid.brandWiring.test.tsx
[22m[39m[API] Production mode: false
[API] Base URL: http://localhost:10000

[90mstdout[2m | src/components/DashBoard/workspaces/clients-team/tabs/AdminBodyCompPanel.test.tsx
[22m[39mAPI clients configured for SwanStudios backend

[90mstdout[2m | src/components/DashBoard/workspaces/clients-team/tabs/AdminProgressChartsGrid.brandWiring.test.tsx
[22m[39mAPI clients configured for SwanStudios backend

 [32m✓[39m src/components/DashBoard/Pages/coach-assistant/utils/parsedWorkoutToLogPayload.test.ts [2m([22m[2m35 tests[22m[2m)[22m[32m 11[2mms[22m[39m
 [32m✓[39m src/components/DashBoard/Pages/coach-assistant/hooks/useCoachVoiceLifecycle.test.tsx [2m([22m[2m5 tests[22m[2m)[22m[32m 19[2mms[22m[39m
 [32m✓[39m src/components/DashBoard/Pages/coach-assistant/hooks/useCoachComposerDraft.leakProbe.test.tsx [2m([22m[2m1 test[22m[2m)[22m[32m 18[2mms[22m[39m
 [32m✓[39m src/components/DashBoard/Pages/coach-assistant/hooks/useSwanCoachRoutePrompt.test.tsx [2m([22m[2m3 tests[22m[2m)[22m[32m 19[2mms[22m[39m
[90mstdout[2m | src/components/DashBoard/workspaces/clients-team/tabs/AdminProgressChartsGrid.megaStats.test.tsx
[22m[39m[API] Production mode: false
[API] Base URL: http://localhost:10000

[90mstdout[2m | src/components/DashBoard/workspaces/clients-team/tabs/AdminProgressChartsGrid.megaStats.test.tsx
[22m[39mAPI clients configured for SwanStudios backend

 [32m✓[39m src/components/DashBoard/workspaces/clients-team/tabs/ClientWorkoutPlanActions.terminalGate.test.tsx [2m([22m[2m7 tests[22m[2m)[22m[33m 626[2mms[22m[39m
 [32m✓[39m src/components/DashBoard/Pages/admin-workout-planner/lens/plannerLensSwitcher.contract.test.tsx [2m([22m[2m5 tests[22m[2m)[22m[32m 232[2mms[22m[39m
 [32m✓[39m src/components/DashBoard/Pages/admin-workout-planner/useWorkoutPlannerAiEvents.test.tsx [2m([22m[2m18 tests[22m[2m)[22m[32m 46[2mms[22m[39m
 [32m✓[39m src/components/DashBoard/Pages/admin-clients/components/WorkoutHistoryPanel.notes.test.tsx [2m([22m[2m7 tests[22m[2m)[22m[33m 410[2mms[22m[39m
 [32m✓[39m src/adapters/style-lens-swan/motion/__tests__/crystallize.test.tsx [2m([22m[2m16 tests[22m[2m)[22m[32m 55[2mms[22m[39m
 [32m✓[39m src/components/DashBoard/Pages/workout-design-lab/WorkoutDesignLab.interaction.test.tsx [2m([22m[2m4 tests[22m[2m)[22m[33m 4644[2mms[22m[39m
     [33m[2m✓[22m[39m renders all 25 worlds through an accessible selector and emits action receipts [33m 3916[2mms[22m[39m
     [33m[2m✓[22m[39m keeps shared workout state when switching worlds and never writes client data [33m 355[2mms[22m[39m
 [32m✓[39m src/components/DashBoard/workspaces/clients-team/tabs/AdminBodyCompPanel.test.tsx [2m([22m[2m6 tests[22m[2m)[22m[32m 211[2mms[22m[39m
 [32m✓[39m src/components/DashBoard/Pages/admin-workout-planner/planDataBuilder.test.ts [2m([22m[2m16 tests[22m[2m)[22m[32m 25[2mms[22m[39m
 [32m✓[39m src/core/style-lens-os/v2/recipeV2.test.ts [2m([22m[2m15 tests[22m[2m)[22m[32m 17[2mms[22m[39m
 [32m✓[39m src/components/DashBoard/Pages/challenges/ChallengeResultsPanel.render.test.tsx [2m([22m[2m3 tests[22m[2m)[22m[33m 355[2mms[22m[39m
 [32m✓[39m src/components/DashBoard/Pages/admin-workout-planner/workoutPlannerHandoffRoutes.test.ts [2m([22m[2m13 tests[22m[2m)[22m[32m 8[2mms[22m[39m
 [32m✓[39m src/components/DashBoard/Pages/admin-workout-planner/useWorkoutPlannerGenerationActions.test.tsx [2m([22m[2m10 tests[22m[2m)[22m[32m 33[2mms[22m[39m
 [32m✓[39m src/components/DashBoard/Pages/admin-workout-planner/useWorkoutPlannerSaveActions.test.tsx [2m([22m[2m5 tests[22m[2m)[22m[32m 26[2mms[22m[39m
[90mstdout[2m | src/components/DashBoard/Pages/client-dashboard/ClientMyWorkoutsPage.test.tsx
[22m[39m[API] Production mode: false
[API] Base URL: http://localhost:10000

[90mstdout[2m | src/components/DashBoard/Pages/client-dashboard/ClientMyWorkoutsPage.test.tsx
[22m[39mAPI clients configured for SwanStudios backend

[90mstdout[2m | src/components/UserDashboard/components/UserDashboardBannerCropControls.test.tsx
[22m[39m[API] Production mode: false
[API] Base URL: http://localhost:10000

 [32m✓[39m src/components/DashBoard/Pages/client-dashboard/ClientRewardsPage.truth.test.tsx [2m([22m[2m10 tests[22m[2m)[22m[33m 468[2mms[22m[39m
 [32m✓[39m src/components/DashBoard/Pages/admin-workout-planner/workoutPlannerDebateResultHydration.test.tsx [2m([22m[2m6 tests[22m[2m)[22m[32m 109[2mms[22m[39m
 [32m✓[39m src/components/DashBoard/Pages/admin-workout-planner/useWorkoutPlannerSavedPlansState.pdfUrl.test.tsx [2m([22m[2m6 tests[22m[2m)[22m[32m 190[2mms[22m[39m
 [32m✓[39m src/components/DashBoard/workspaces/clients-team/tabs/AdminProgressChartsGrid.brandWiring.test.tsx [2m([22m[2m4 tests[22m[2m)[22m[33m 883[2mms[22m[39m
     [33m[2m✓[22m[39m resolves a Move Fitness client by charted clientId and feeds the PDF button [33m 753[2mms[22m[39m
 [32m✓[39m src/components/DashBoard/Pages/admin-workout-planner/SavedPlanCard.test.tsx [2m([22m[2m22 tests[22m[2m)[22m[33m 475[2mms[22m[39m
 [32m✓[39m src/components/DashBoard/Pages/challenges/ChallengeSubmissionsPanel.render.test.tsx [2m([22m[2m6 tests[22m[2m)[22m[33m 446[2mms[22m[39m
 [32m✓[39m src/components/WorkoutLogger/runner/FocusFlowSkin.railScroll.test.tsx [2m([22m[2m16 tests[22m[2m)[22m[33m 622[2mms[22m[39m
 [32m✓[39m src/components/DashBoard/Pages/client-dashboard/plan/ClientProgramShelf.test.tsx [2m([22m[2m12 tests[22m[2m)[22m[33m 690[2mms[22m[39m
 [32m✓[39m src/components/DashBoard/workspaces/clients-team/tabs/ClientWorkoutPlansPanel.test.tsx [2m([22m[2m11 tests[22m[2m)[22m[33m 1821[2mms[22m[39m
     [33m[2m✓[22m[39m loads selected-client plans from the canonical client plan overview API [33m 490[2mms[22m[39m
     [33m[2m✓[22m[39m surfaces primary horizon and opens protected PDFs through authAxios [33m 596[2mms[22m[39m
 [32m✓[39m src/components/DashBoard/Pages/challenges/useChallengeSubmissions.test.tsx [2m([22m[2m9 tests[22m[2m)[22m[33m 716[2mms[22m[39m
 [32m✓[39m src/components/DashBoard/Pages/client-dashboard/ClientChallengeSubmissionGate.test.tsx [2m([22m[2m5 tests[22m[2m)[22m[33m 394[2mms[22m[39m
 [32m✓[39m src/components/DashBoard/workspaces/clients-team/tabs/AdminProgressChartsGrid.megaStats.test.tsx [2m([22m[2m4 tests[22m[2m)[22m[33m 1392[2mms[22m[39m
     [33m[2m✓[22m[39m mounts the full exercise diary above the 15-chart grid [33m 1336[2mms[22m[39m
 [32m✓[39m src/components/DashBoard/Pages/client-dashboard/useClientChallengeSubmissionGate.test.tsx [2m([22m[2m6 tests[22m[2m)[22m[33m 467[2mms[22m[39m
 [32m✓[39m src/components/DashBoard/Pages/client-dashboard/ClientProgressDashboardPage.test.tsx [2m([22m[2m9 tests[22m[2m)[22m[33m 476[2mms[22m[39m
 [32m✓[39m src/components/DashBoard/Pages/challenges/ChallengeCommandWorkspace.render.test.tsx [2m([22m[2m18 tests[22m[2m)[22m[33m 2215[2mms[22m[39m
     [33m[2m✓[22m[39m keeps the draft builder visible after creation feedback and refreshes managed challenges [33m 551[2mms[22m[39m
 [32m✓[39m src/components/DashBoard/Pages/admin-workout-planner/useWorkoutPlannerSequenceEvents.test.tsx [2m([22m[2m6 tests[22m[2m)[22m[32m 26[2mms[22m[39m
 [32m✓[39m src/components/DashBoard/Pages/admin-workout-planner/useWorkoutPlannerGenerationActions.safetyGate.test.tsx [2m([22m[2m5 tests[22m[2m)[22m[32m 42[2mms[22m[39m
 [32m✓[39m src/components/DashBoard/Pages/challenges/useChallengeResults.test.tsx [2m([22m[2m6 tests[22m[2m)[22m[33m 458[2mms[22m[39m
 [32m✓[39m src/components/DashBoard/Pages/admin-workout-planner/plannerIaV2.mobileShell.test.tsx [2m([22m[2m15 tests[22m[2m)[22m[32m 91[2mms[22m[39m
 [32m✓[39m src/components/UserDashboard/components/UserDashboardBannerCropControls.test.tsx [2m([22m[2m16 tests[22m[2m)[22m[33m 1199[2mms[22m[39m
 [32m✓[39m src/components/DashBoard/Pages/admin-workout-planner/LongHorizonScheduleView.test.tsx [2m([22m[2m8 tests[22m[2m)[22m[33m 653[2mms[22m[39m
 [32m✓[39m src/components/DashBoard/Pages/client-dashboard/ClientProgressDashboardPage.malformedMetrics.test.tsx [2m([22m[2m3 tests[22m[2m)[22m[33m 475[2mms[22m[39m
     [33m[2m✓[22m[39m clamps malformed gamification and weekly progress numbers before rendering [33m 375[2mms[22m[39m
 [32m✓[39m src/components/DashBoard/Pages/challenges/useManagedChallenges.test.tsx [2m([22m[2m7 tests[22m[2m)[22m[33m 554[2mms[22m[39m
[90mstdout[2m | src/components/DashBoard/Pages/admin-workout-planner/WorkoutPlannerCoachDock.test.tsx
[22m[39m[API] Production mode: false
[API] Base URL: http://localhost:10000

 [32m✓[39m src/components/DashBoard/Pages/admin-waivers/__tests__/AdminWaiversManager.test.tsx [2m([22m[2m12 tests[22m[2m)[22m[33m 1126[2mms[22m[39m
     [33m[2m✓[22m[39m W7 — calls revoke endpoint with confirmation [33m 334[2mms[22m[39m
 [32m✓[39m src/components/DashBoard/Pages/admin-workout-planner/useWorkoutPlannerGuidedGenerationActions.test.tsx [2m([22m[2m3 tests[22m[2m)[22m[32m 20[2mms[22m[39m
 [32m✓[39m src/components/DashBoard/Pages/client-dashboard/ClientProfilePage.authPipeline.test.ts [2m([22m[2m5 tests[22m[2m)[22m[32m 8[2mms[22m[39m
 [32m✓[39m src/components/DashBoard/Pages/client-dashboard/ProgressPulsePanel.test.tsx [2m([22m[2m8 tests[22m[2m)[22m[33m 396[2mms[22m[39m
 [32m✓[39m src/components/DashBoard/Pages/client-dashboard/WorkoutDayDrilldown.test.tsx [2m([22m[2m15 tests[22m[2m)[22m[33m 892[2mms[22m[39m
 [32m✓[39m src/components/DashBoard/Pages/admin-workout-planner/WorkoutPlannerCoachDock.test.tsx [2m([22m[2m10 tests[22m[2m)[22m[33m 324[2mms[22m[39m
 [32m✓[39m src/components/DashBoard/Pages/admin-workout-planner/plannerIaV2.contract.test.ts [2m([22m[2m9 tests[22m[2m)[22m[32m 65[2mms[22m[39m
 [32m✓[39m src/components/DashBoard/Pages/admin-workout-planner/useWorkoutPlannerLoadPlanActions.test.tsx [2m([22m[2m3 tests[22m[2m)[22m[32m 25[2mms[22m[39m
[90mstdout[2m | src/components/DashBoard/Pages/coach-assistant/CoachCommandCenterNotebook.test.tsx
[22m[39mAPI clients configured for SwanStudios backend

 [32m✓[39m src/components/DashBoard/Pages/client-dashboard/ClientOnboardingLaunchCard.test.tsx [2m([22m[2m16 tests[22m[2m)[22m[33m 355[2mms[22m[39m
 [32m✓[39m src/components/DashBoard/Pages/client-dashboard/ClientCommunityPage.truth.test.tsx [2m([22m[2m13 tests[22m[2m)[22m[33m 2180[2mms[22m[39m
     [33m[2m✓[22m[39m submits smart inferred post type and hashtags from the community composer [33m 419[2mms[22m[39m
     [33m[2m✓[22m[39m does not promise fixed XP before backend confirms the awarded points [33m 699[2mms[22m[39m
     [33m[2m✓[22m[39m prevents duplicate community post submits while the create request is in flight [33m 775[2mms[22m[39m
 [32m✓[39m src/components/DashBoard/Pages/client-dashboard/CanonicalProgressChartsGrid.victoryProps.test.ts [2m([22m[2m7 tests[22m[2m)[22m[32m 95[2mms[22m[39m
[90mstdout[2m | src/components/DashBoard/Pages/coach-assistant/CoachCommandCenterPage.context.test.tsx
[22m[39mAPI clients configured for SwanStudios backend

 [32m✓[39m src/components/DashBoard/Pages/admin-workout-planner/WorkoutPlannerGeneratedPlanSection.test.tsx [2m([22m[2m4 tests[22m[2m)[22m[33m 317[2mms[22m[39m
 [32m✓[39m src/components/DashBoard/Pages/client-dashboard/ClientMyWorkoutsPagination.test.tsx [2m([22m[2m10 tests[22m[2m)[22m[33m 407[2mms[22m[39m
 [32m✓[39m src/components/DashBoard/Pages/admin-workout-planner/TeachModeSidebar.test.tsx [2m([22m[2m4 tests[22m[2m)[22m[32m 269[2mms[22m[39m
 [32m✓[39m src/components/DashBoard/Pages/client-dashboard/ClientMembershipCard.test.tsx [2m([22m[2m7 tests[22m[2m)[22m[32m 227[2mms[22m[39m
 [32m✓[39m src/components/DashBoard/Pages/admin-workout-planner/planDataBuilder.signature.test.ts [2m([22m[2m5 tests[22m[2m)[22m[32m 4[2mms[22m[39m
 [32m✓[39m src/components/DashBoard/Pages/client-dashboard/ClientHomeTab.challengeRoute.test.ts [2m([22m[2m6 tests[22m[2m)[22m[32m 4[2mms[22m[39m
 [32m✓[39m src/components/DashBoard/Pages/admin-workout-planner/WorkoutPlannerClientIdentity.test.ts [2m([22m[2m6 tests[22m[2m)[22m[32m 4[2mms[22m[39m
 [32m✓[39m src/components/DashBoard/Pages/admin-workout-planner/workoutPlannerHorizonSwap.helpers.test.ts [2m([22m[2m5 tests[22m[2m)[22m[32m 4[2mms[22m[39m
 [32m✓[39m src/components/DashBoard/Pages/client-dashboard/ClientMyWorkoutsPage.planVault.test.tsx [2m([22m[2m2 tests[22m[2m)[22m[33m 336[2mms[22m[39m
 [32m✓[39m src/components/DashBoard/Pages/admin-workout-planner/useWorkoutPlannerRoutePlanLoad.test.tsx [2m([22m[2m4 tests[22m[2m)[22m[32m 25[2mms[22m[39m
 [32m✓[39m src/components/DashBoard/Pages/admin-workout-planner/WorkoutPlannerBackupPanel.test.tsx [2m([22m[2m5 tests[22m[2m)[22m[33m 543[2mms[22m[39m
 [32m✓[39m src/components/DashBoard/Pages/client-dashboard/clientWeeklyRings.logic.test.ts [2m([22m[2m7 tests[22m[2m)[22m[32m 5[2mms[22m[39m
 [32m✓[39m src/components/DashBoard/Pages/admin-workout-planner/WorkoutPlannerBlendDialog.test.tsx [2m([22m[2m4 tests[22m[2m)[22m[33m 498[2mms[22m[39m
 [32m✓[39m src/components/DashBoard/Pages/client-dashboard/ClientProgressDashboardPage.recapFailure.test.tsx [2m([22m[2m5 tests[22m[2m)[22m[33m 413[2mms[22m[39m
     [33m[2m✓[22m[39m settles the weekly recap card when the recap request rejects [33m 339[2mms[22m[39m
 [32m✓[39m src/components/DashBoard/Pages/challenges/useChallengeTemplates.test.tsx [2m([22m[2m3 tests[22m[2m)[22m[32m 248[2mms[22m[39m
 [32m✓[39m src/components/DashBoard/Pages/client-dashboard/CanonicalProgressChartsGrid.source.test.ts [2m([22m[2m2 tests[22m[2m)[22m[32m 4[2mms[22m[39m
 [32m✓[39m src/components/DashBoard/Pages/admin-workout-planner/useWorkoutPlannerSavedPlansState.lifecycle.test.tsx [2m([22m[2m3 tests[22m[2m)[22m[32m 168[2mms[22m[39m
 [32m✓[39m src/components/DashBoard/Pages/challenges/ChallengeWorkspaceNextAction.test.ts [2m([22m[2m6 tests[22m[2m)[22m[32m 4[2mms[22m[39m
 [32m✓[39m src/components/DashBoard/Pages/challenges/ChallengeSettingsPanel.render.test.tsx [2m([22m[2m2 tests[22m[2m)[22m[32m 181[2mms[22m[39m
 [32m✓[39m src/components/DashBoard/Pages/client-dashboard/ClientTodayHero.test.tsx [2m([22m[2m5 tests[22m[2m)[22m[32m 245[2mms[22m[39m
warning: in the working copy of 'backend/models/associations.mjs', LF will be replaced by CRLF the next time Git touches it
 [32m✓[39m src/components/DashBoard/Pages/admin-workout-planner/plannerIaV2.rolodex.test.ts [2m([22m[2m8 tests[22m[2m)[22m[32m 146[2mms[22m[39m
 [32m✓[39m src/components/DashBoard/Pages/admin-workout-planner/WorkoutPlannerGuidedCandidatesPanel.test.tsx [2m([22m[2m2 tests[22m[2m)[22m[32m 214[2mms[22m[39m
 [32m✓[39m src/components/DashBoard/Pages/admin-workout-planner/workoutPlannerExerciseDisplay.test.ts [2m([22m[2m5 tests[22m[2m)[22m[32m 4[2mms[22m[39m
 [31m❯[39m src/components/DashBoard/Pages/coach-assistant/CoachCommandCenter.sectionSplit.test.ts [2m([22m[2m1 test[22m[2m | [22m[31m1 failed[39m[2m)[22m[32m 5[2mms[22m[39m
[31m     [31m×[31m delegates the mounted page shell to capped section components[39m[32m 4[2mms[22m[39m
 [31m❯[39m src/components/DashBoard/Pages/coach-assistant/CoachActionProposalSplitPlanPanel.identity.test.ts [2m([22m[2m2 tests[22m[2m | [22m[31m1 failed[39m[2m)[22m[32m 14[2mms[22m[39m
[31m     [31m×[31m keeps legacy Swan Coach proposal review modules wired for backward-compatible transcripts[39m[32m 11[2mms[22m[39m
     [32m✓[39m keys split candidates by row identity instead of list position[32m 2[2mms[22m[39m
 [32m✓[39m src/components/DashBoard/Pages/challenges/ChallengeResultsRuleSignals.render.test.tsx [2m([22m[2m1 test[22m[2m)[22m[32m 96[2mms[22m[39m
 [32m✓[39m src/components/DashBoard/Pages/client-dashboard/ClientProgressDashboardPage.firstWorkoutCta.test.tsx [2m([22m[2m3 tests[22m[2m)[22m[33m 563[2mms[22m[39m
     [33m[2m✓[22m[39m shows for a zero-history client and routes to the logger with today plan [33m 464[2mms[22m[39m
[90mstdout[2m | src/components/DashBoard/Pages/coach-assistant/CoachCommandCenterPage.shell.test.tsx
[22m[39mAPI clients configured for SwanStudios backend

[90mstdout[2m | src/components/DashBoard/Pages/coach-assistant/CoachCommandCenterOpsDrawer.test.tsx
[22m[39mAPI clients configured for SwanStudios backend

[90mstdout[2m | src/components/DashBoard/Pages/coach-assistant/CoachCommandCenterDeepLinkMatrix.test.tsx
[22m[39mAPI clients configured for SwanStudios backend

 [32m✓[39m src/components/DashBoard/Pages/challenges/ChallengeWorkspaceNextAction.render.test.tsx [2m([22m[2m3 tests[22m[2m)[22m[33m 675[2mms[22m[39m
     [33m[2m✓[22m[39m opens the audience tab from the workspace next-action strip when a draft has no cohort [33m 472[2mms[22m[39m
[90mstdout[2m | src/components/DashBoard/Pages/coach-assistant/CoachCommandCenterClientMode.test.tsx
[22m[39mAPI clients configured for SwanStudios backend

[90mstdout[2m | src/components/DashBoard/Pages/coach-assistant/CoachCommandCenterPage.keyboard.test.tsx
[22m[39mAPI clients configured for SwanStudios backend

[90mstdout[2m | src/components/DashBoard/Pages/coach-assistant/CoachCommandCenterHeaderActions.test.tsx
[22m[39mAPI clients configured for SwanStudios backend

[90mstdout[2m | src/components/DashBoard/Pages/coach-assistant/CoachCommandCenterPinnedClient.test.tsx
[22m[39mAPI clients configured for SwanStudios backend

[90mstdout[2m | src/components/DashBoard/Pages/coach-assistant/CoachCommandCenterPage.threadIdentity.test.tsx
[22m[39mAPI clients configured for SwanStudios backend

[90mstdout[2m | src/components/DashBoard/Pages/coach-assistant/CoachCommandCenterPlanReviewRoute.test.tsx
[22m[39mAPI clients configured for SwanStudios backend

 [32m✓[39m src/components/DashBoard/Pages/client-dashboard/ExerciseTimelineDrilldown.test.tsx [2m([22m[2m3 tests[22m[2m)[22m[33m 483[2mms[22m[39m
[90mstdout[2m | src/components/DashBoard/Pages/coach-assistant/CoachCommandCenterDrawerResize.test.tsx
[22m[39mAPI clients configured for SwanStudios backend

[90mstdout[2m | src/components/DashBoard/Pages/coach-assistant/CoachCommandCenterReviewCount.test.tsx
[22m[39mAPI clients configured for SwanStudios backend

[90mstdout[2m | src/components/DashBoard/Pages/coach-assistant/CoachCommandCenterPage.deskMount.test.tsx
[22m[39mAPI clients configured for SwanStudios backend

[90mstdout[2m | src/components/DashBoard/Pages/coach-assistant/CoachActionProposalCard.test.tsx
[22m[39m[API] Production mode: false
[API] Base URL: http://localhost:10000

 [32m✓[39m src/components/DashBoard/Pages/client-dashboard/CanonicalProgressChartsGrid.interactiveCards.test.tsx [2m([22m[2m3 tests[22m[2m)[22m[33m 1128[2mms[22m[39m
     [33m[2m✓[22m[39m renders weekly volume range controls and a verified-data drilldown [33m 702[2mms[22m[39m
 [32m✓[39m src/components/DashBoard/Pages/admin-workout-planner/WorkoutPlannerRolodex.layout.test.ts [2m([22m[2m10 tests[22m[2m)[22m[32m 7[2mms[22m[39m
[90mstdout[2m | src/components/DashBoard/Pages/coach-assistant/CoachActionProposalCardGate.test.tsx
[22m[39m[API] Production mode: false
[API] Base URL: http://localhost:10000

 [32m✓[39m src/components/DashBoard/Pages/trainer-dashboard/TrainerHomeResponsiveContract.test.ts [2m([22m[2m12 tests[22m[2m)[22m[32m 6[2mms[22m[39m
 [32m✓[39m src/components/DashBoard/Pages/admin-workout-planner/workoutPlannerPlanPdfAdapter.test.ts [2m([22m[2m6 tests[22m[2m)[22m[32m 10[2mms[22m[39m
 [32m✓[39m src/components/DashBoard/Pages/client-dashboard/ClientMyWorkoutsPage.test.tsx [2m([22m[2m10 tests[22m[2m)[22m[33m 6313[2mms[22m[39m
     [33m[2m✓[22m[39m renders pagination controls when page 1 is full (50 rows) [33m 1202[2mms[22m[39m
     [33m[2m✓[22m[39m does NOT render the first-time empty state when Next advances to an empty page 2 — shows end-of-history instead [33m 934[2mms[22m[39m
     [33m[2m✓[22m[39m keeps Previous reachable on the empty page beyond page 1 so the user is not stranded [33m 887[2mms[22m[39m
     [33m[2m✓[22m[39m clicking Previous from the empty page navigates back to page 1 and restores the workout list [33m 968[2mms[22m[39m
     [33m[2m✓[22m[39m Header "Log Workout" CTA navigates to the today-loaded client logger [33m 1015[2mms[22m[39m
     [33m[2m✓[22m[39m Header "Ask Coach" CTA opens client Coach with workout-history context [33m 835[2mms[22m[39m
 [32m✓[39m src/components/DashBoard/Pages/coach-assistant/CoachActionProposalCardGate.test.tsx [2m([22m[2m5 tests[22m[2m)[22m[33m 506[2mms[22m[39m
 [32m✓[39m src/components/DashBoard/Pages/coach-assistant/CoachCommandCatalogSheet.test.tsx [2m([22m[2m8 tests[22m[2m)[22m[33m 334[2mms[22m[39m
[90mstdout[2m | src/components/DashBoard/Pages/coach-assistant/CoachActionProposalSplitPlanCard.test.tsx
[22m[39m[API] Production mode: false
[API] Base URL: http://localhost:10000

 [32m✓[39m src/components/DashBoard/Pages/coach-assistant/CoachActionProposalCard.publication.test.tsx [2m([22m[2m4 tests[22m[2m)[22m[33m 785[2mms[22m[39m
     [33m[2m✓[22m[39m malformed approval keeps the actual prepared panel open and cannot advance intake [33m 461[2mms[22m[39m
 [32m✓[39m src/components/DashBoard/Pages/coach-assistant/CoachActionProposalCard.test.tsx [2m([22m[2m14 tests[22m[2m)[22m[33m 1048[2mms[22m[39m
 [32m✓[39m src/components/DashBoard/Pages/coach-assistant/CoachActionProposalCard.astraHostile.test.tsx [2m([22m[2m16 tests[22m[2m)[22m[33m 677[2mms[22m[39m
 [32m✓[39m src/components/DashBoard/Pages/coach-assistant/CoachCommandCards.test.tsx [2m([22m[2m19 tests[22m[2m)[22m[33m 639[2mms[22m[39m
[90mstdout[2m | src/components/DashBoard/Pages/coach-assistant/CoachActionProposalCard.claimLinkCopy.test.tsx
[22m[39m[API] Production mode: false
[API] Base URL: http://localhost:10000

 [32m✓[39m src/components/DashBoard/Pages/coach-assistant/CoachActionProposalSplitPlanCard.test.tsx [2m([22m[2m6 tests[22m[2m)[22m[33m 581[2mms[22m[39m
 [32m✓[39m src/components/DashBoard/Pages/coach-assistant/CoachActionProposalCard.g01.test.tsx [2m([22m[2m19 tests[22m[2m)[22m[33m 1644[2mms[22m[39m
 [32m✓[39m src/components/DashBoard/Pages/content-studio/CreatorRenderQueue.honesty.test.ts [2m([22m[2m13 tests[22m[2m)[22m[32m 6[2mms[22m[39m
 [32m✓[39m src/components/DashBoard/Pages/client-dashboard/CanonicalProgressChartsGrid.exerciseDiary.test.tsx [2m([22m[2m3 tests[22m[2m)[22m[33m 3138[2mms[22m[39m
     [33m[2m✓[22m[39m mounts a full ranked exercise diary for the client progress route [33m 3055[2mms[22m[39m
[90mstderr[2m | src/components/DashBoard/Pages/coach-assistant/CoachCommandCenterNotebook.test.tsx[2m > [22m[2mCoachCommandCenter client notebook[2m > [22m[2mrequires a pinned client before note capture can start
[22m[39mWarning: An update to CoachCommandCenterPage inside a test was not wrapped in act(...).

When testing, code that causes React state updates should be wrapped into act(...):

act(() => {
  /* fire events that update state */
});
/* assert on the output */

This ensures that you're testing the behavior the user would see in the browser. Learn more at https://reactjs.org/link/wrap-tests-with-act
    at CoachCommandCenterPage (C:/Users/BigotSmasher/Desktop/@Everything/quick-pt/SS-PT/tmp/worktrees/swan-coach-astra-owned-20260906/frontend/src/components/DashBoard/Pages/coach-assistant/CoachCommandCenterPage.tsx:42:117)
    at CoachSessionDraftProvider (C:/Users/BigotSmasher/Desktop/@Everything/quick-pt/SS-PT/tmp/worktrees/swan-coach-astra-owned-20260906/frontend/src/components/DashBoard/Pages/coach-assistant/CoachSessionDraftContext.tsx:15:38)
    at Router (C:\Users\BigotSmasher\Desktop\@Everything\quick-pt\SS-PT\tmp\worktrees\swan-coach-astra-owned-20260906\frontend\node_modules\react-router\dist\umd\react-router.development.js:1203:17)
    at MemoryRouter (C:\Users\BigotSmasher\Desktop\@Everything\quick-pt\SS-PT\tmp\worktrees\swan-coach-astra-owned-20260906\frontend\node_modules\react-router\dist\umd\react-router.development.js:1097:7)

[90mstderr[2m | src/components/DashBoard/Pages/coach-assistant/CoachCommandCenterNotebook.test.tsx[2m > [22m[2mCoachCommandCenter client notebook[2m > [22m[2mrequires a pinned client before note capture can start
[22m[39mWarning: An update to CoachCommandCenterPage inside a test was not wrapped in act(...).

When testing, code that causes React state updates should be wrapped into act(...):

act(() => {
  /* fire events that update state */
});
/* assert on the output */

This ensures that you're testing the behavior the user would see in the browser. Learn more at https://reactjs.org/link/wrap-tests-with-act
    at CoachCommandCenterPage (C:/Users/BigotSmasher/Desktop/@Everything/quick-pt/SS-PT/tmp/worktrees/swan-coach-astra-owned-20260906/frontend/src/components/DashBoard/Pages/coach-assistant/CoachCommandCenterPage.tsx:42:117)
    at CoachSessionDraftProvider (C:/Users/BigotSmasher/Desktop/@Everything/quick-pt/SS-PT/tmp/worktrees/swan-coach-astra-owned-20260906/frontend/src/components/DashBoard/Pages/coach-assistant/CoachSessionDraftContext.tsx:15:38)
    at Router (C:\Users\BigotSmasher\Desktop\@Everything\quick-pt\SS-PT\tmp\worktrees\swan-coach-astra-owned-20260906\frontend\node_modules\react-router\dist\umd\react-router.development.js:1203:17)
    at MemoryRouter (C:\Users\BigotSmasher\Desktop\@Everything\quick-pt\SS-PT\tmp\worktrees\swan-coach-astra-owned-20260906\frontend\node_modules\react-router\dist\umd\react-router.development.js:1097:7)

 [32m✓[39m src/components/DashBoard/Pages/coach-assistant/CoachActionProposalCard.claimLinkCopy.test.tsx [2m([22m[2m3 tests[22m[2m)[22m[33m 538[2mms[22m[39m
     [33m[2m✓[22m[39m copies the deterministic claim link after onboarding approval creates a client [33m 349[2mms[22m[39m
 [32m✓[39m src/components/DashBoard/Pages/admin-workout-planner/workoutPlannerSequenceEngine.test.ts [2m([22m[2m6 tests[22m[2m)[22m[32m 6[2mms[22m[39m
[90mstderr[2m | src/components/DashBoard/Pages/coach-assistant/CoachCommandCenterDeepLinkMatrix.test.tsx[2m > [22m[2mCoachCommandCenterPage deep-link matrix[2m > [22m[2mroutes default actionable talk to /dashboard/admin/coach-assistant
[22m[39mWarning: An update to CoachCommandCenterPage inside a test was not wrapped in act(...).

When testing, code that causes React state updates should be wrapped into act(...):

act(() => {
  /* fire events that update state */
});
/* assert on the output */

This ensures that you're testing the behavior the user would see in the browser. Learn more at https://reactjs.org/link/wrap-tests-with-act
    at CoachCommandCenterPage (C:/Users/BigotSmasher/Desktop/@Everything/quick-pt/SS-PT/tmp/worktrees/swan-coach-astra-owned-20260906/frontend/src/components/DashBoard/Pages/coach-assistant/CoachCommandCenterPage.tsx:42:117)
    at CoachSessionDraftProvider (C:/Users/BigotSmasher/Desktop/@Everything/quick-pt/SS-PT/tmp/worktrees/swan-coach-astra-owned-20260906/frontend/src/components/DashBoard/Pages/coach-assistant/CoachSessionDraftContext.tsx:15:38)
    at Router (C:\Users\BigotSmasher\Desktop\@Everything\quick-pt\SS-PT\tmp\worktrees\swan-coach-astra-owned-20260906\frontend\node_modules\react-router\dist\umd\react-router.development.js:1203:17)
    at MemoryRouter (C:\Users\BigotSmasher\Desktop\@Everything\quick-pt\SS-PT\tmp\worktrees\swan-coach-astra-owned-20260906\frontend\node_modules\react-router\dist\umd\react-router.development.js:1097:7)

[90mstderr[2m | src/components/DashBoard/Pages/coach-assistant/CoachCommandCenterDeepLinkMatrix.test.tsx[2m > [22m[2mCoachCommandCenterPage deep-link matrix[2m > [22m[2mroutes default actionable talk to /dashboard/admin/coach-assistant
[22m[39mWarning: An update to CoachCommandCenterPage inside a test was not wrapped in act(...).

When testing, code that causes React state updates should be wrapped into act(...):

act(() => {
  /* fire events that update state */
});
/* assert on the output */

This ensures that you're testing the behavior the user would see in the browser. Learn more at https://reactjs.org/link/wrap-tests-with-act
    at CoachCommandCenterPage (C:/Users/BigotSmasher/Desktop/@Everything/quick-pt/SS-PT/tmp/worktrees/swan-coach-astra-owned-20260906/frontend/src/components/DashBoard/Pages/coach-assistant/CoachCommandCenterPage.tsx:42:117)
    at CoachSessionDraftProvider (C:/Users/BigotSmasher/Desktop/@Everything/quick-pt/SS-PT/tmp/worktrees/swan-coach-astra-owned-20260906/frontend/src/components/DashBoard/Pages/coach-assistant/CoachSessionDraftContext.tsx:15:38)
    at Router (C:\Users\BigotSmasher\Desktop\@Everything\quick-pt\SS-PT\tmp\worktrees\swan-coach-astra-owned-20260906\frontend\node_modules\react-router\dist\umd\react-router.development.js:1203:17)
    at MemoryRouter (C:\Users\BigotSmasher\Desktop\@Everything\quick-pt\SS-PT\tmp\worktrees\swan-coach-astra-owned-20260906\frontend\node_modules\react-router\dist\umd\react-router.development.js:1097:7)

[90mstderr[2m | src/components/DashBoard/Pages/coach-assistant/CoachCommandCenterDeepLinkMatrix.test.tsx[2m > [22m[2mCoachCommandCenterPage deep-link matrix[2m > [22m[2mroutes explicit chat workspace to /dashboard/admin/coach-assistant?workspace=chat
[22m[39mWarning: An update to CoachCommandCenterPage inside a test was not wrapped in act(...).

When testing, code that causes React state updates should be wrapped into act(...):

act(() => {
  /* fire events that update state */
});
/* assert on the output */

This ensures that you're testing the behavior the user would see in the browser. Learn more at https://reactjs.org/link/wrap-tests-with-act
    at CoachCommandCenterPage (C:/Users/BigotSmasher/Desktop/@Everything/quick-pt/SS-PT/tmp/worktrees/swan-coach-astra-owned-20260906/frontend/src/components/DashBoard/Pages/coach-assistant/CoachCommandCenterPage.tsx:42:117)
    at CoachSessionDraftProvider (C:/Users/BigotSmasher/Desktop/@Everything/quick-pt/SS-PT/tmp/worktrees/swan-coach-astra-owned-20260906/frontend/src/components/DashBoard/Pages/coach-assistant/CoachSessionDraftContext.tsx:15:38)
    at Router (C:\Users\BigotSmasher\Desktop\@Everything\quick-pt\SS-PT\tmp\worktrees\swan-coach-astra-owned-20260906\frontend\node_modules\react-router\dist\umd\react-router.development.js:1203:17)
    at MemoryRouter (C:\Users\BigotSmasher\Desktop\@Everything\quick-pt\SS-PT\tmp\worktrees\swan-coach-astra-owned-20260906\frontend\node_modules\react-router\dist\umd\react-router.development.js:1097:7)

[90mstderr[2m | src/components/DashBoard/Pages/coach-assistant/CoachCommandCenterDeepLinkMatrix.test.tsx[2m > [22m[2mCoachCommandCenterPage deep-link matrix[2m > [22m[2mroutes explicit chat workspace to /dashboard/admin/coach-assistant?workspace=chat
[22m[39mWarning: An update to CoachCommandCenterPage inside a test was not wrapped in act(...).

When testing, code that causes React state updates should be wrapped into act(...):

act(() => {
  /* fire events that update state */
});
/* assert on the output */

This ensures that you're testing the behavior the user would see in the browser. Learn more at https://reactjs.org/link/wrap-tests-with-act
    at CoachCommandCenterPage (C:/Users/BigotSmasher/Desktop/@Everything/quick-pt/SS-PT/tmp/worktrees/swan-coach-astra-owned-20260906/frontend/src/components/DashBoard/Pages/coach-assistant/CoachCommandCenterPage.tsx:42:117)
    at CoachSessionDraftProvider (C:/Users/BigotSmasher/Desktop/@Everything/quick-pt/SS-PT/tmp/worktrees/swan-coach-astra-owned-20260906/frontend/src/components/DashBoard/Pages/coach-assistant/CoachSessionDraftContext.tsx:15:38)
    at Router (C:\Users\BigotSmasher\Desktop\@Everything\quick-pt\SS-PT\tmp\worktrees\swan-coach-astra-owned-20260906\frontend\node_modules\react-router\dist\umd\react-router.development.js:1203:17)
    at MemoryRouter (C:\Users\BigotSmasher\Desktop\@Everything\quick-pt\SS-PT\tmp\worktrees\swan-coach-astra-owned-20260906\frontend\node_modules\react-router\dist\umd\react-router.development.js:1097:7)

[90mstderr[2m | src/components/DashBoard/Pages/coach-assistant/CoachCommandCenterPage.shell.test.tsx[2m > [22m[2mCoachCommandCenterPage shell[2m > [22m[2mrenders Floor Mode with Talk, Review, History, and a minimal command dock
[22m[39mWarning: An update to CoachCommandCenterPage inside a test was not wrapped in act(...).

When testing, code that causes React state updates should be wrapped into act(...):

act(() => {
  /* fire events that update state */
});
/* assert on the output */

This ensures that you're testing the behavior the user would see in the browser. Learn more at https://reactjs.org/link/wrap-tests-with-act
    at CoachCommandCenterPage (C:/Users/BigotSmasher/Desktop/@Everything/quick-pt/SS-PT/tmp/worktrees/swan-coach-astra-owned-20260906/frontend/src/components/DashBoard/Pages/coach-assistant/CoachCommandCenterPage.tsx:42:117)
    at CoachSessionDraftProvider (C:/Users/BigotSmasher/Desktop/@Everything/quick-pt/SS-PT/tmp/worktrees/swan-coach-astra-owned-20260906/frontend/src/components/DashBoard/Pages/coach-assistant/CoachSessionDraftContext.tsx:15:38)
    at Router (C:\Users\BigotSmasher\Desktop\@Everything\quick-pt\SS-PT\tmp\worktrees\swan-coach-astra-owned-20260906\frontend\node_modules\react-router\dist\umd\react-router.development.js:1203:17)
    at MemoryRouter (C:\Users\BigotSmasher\Desktop\@Everything\quick-pt\SS-PT\tmp\worktrees\swan-coach-astra-owned-20260906\frontend\node_modules\react-router\dist\umd\react-router.development.js:1097:7)

[90mstderr[2m | src/components/DashBoard/Pages/coach-assistant/CoachCommandCenterPage.shell.test.tsx[2m > [22m[2mCoachCommandCenterPage shell[2m > [22m[2mrenders Floor Mode with Talk, Review, History, and a minimal command dock
[22m[39mWarning: An update to CoachCommandCenterPage inside a test was not wrapped in act(...).

When testing, code that causes React state updates should be wrapped into act(...):

act(() => {
  /* fire events that update state */
});
/* assert on the output */

This ensures that you're testing the behavior the user would see in the browser. Learn more at https://reactjs.org/link/wrap-tests-with-act
    at CoachCommandCenterPage (C:/Users/BigotSmasher/Desktop/@Everything/quick-pt/SS-PT/tmp/worktrees/swan-coach-astra-owned-20260906/frontend/src/components/DashBoard/Pages/coach-assistant/CoachCommandCenterPage.tsx:42:117)
    at CoachSessionDraftProvider (C:/Users/BigotSmasher/Desktop/@Everything/quick-pt/SS-PT/tmp/worktrees/swan-coach-astra-owned-20260906/frontend/src/components/DashBoard/Pages/coach-assistant/CoachSessionDraftContext.tsx:15:38)
    at Router (C:\Users\BigotSmasher\Desktop\@Everything\quick-pt\SS-PT\tmp\worktrees\swan-coach-astra-owned-20260906\frontend\node_modules\react-router\dist\umd\react-router.development.js:1203:17)
    at MemoryRouter (C:\Users\BigotSmasher\Desktop\@Everything\quick-pt\SS-PT\tmp\worktrees\swan-coach-astra-owned-20260906\frontend\node_modules\react-router\dist\umd\react-router.development.js:1097:7)

 [31m❯[39m src/components/DashBoard/Pages/coach-assistant/CoachCommandCenterNotebook.test.tsx [2m([22m[2m4 tests[22m[2m | [22m[31m1 failed[39m[2m)[22m[33m 5799[2mms[22m[39m
[31m     [31m×[31m saves repeated dictated or typed notes directly to the pinned client profile[39m[33m 4136[2mms[22m[39m
     [33m[2m✓[22m[39m stages a review-only workout proposal prompt from saved notes [33m 678[2mms[22m[39m
     [33m[2m✓[22m[39m requires a pinned client before note capture can start [33m 304[2mms[22m[39m
     [33m[2m✓[22m[39m keeps drafts and late save results isolated when the main client changes [33m 678[2mms[22m[39m
[90mstderr[2m | src/components/DashBoard/Pages/coach-assistant/CoachCommandCenterDeepLinkMatrix.test.tsx[2m > [22m[2mCoachCommandCenterPage deep-link matrix[2m > [22m[2mroutes direct intake to /dashboard/admin/coach-assistant?intake=clip-111
[22m[39mWarning: An update to CoachCommandCenterPage inside a test was not wrapped in act(...).

When testing, code that causes React state updates should be wrapped into act(...):

act(() => {
  /* fire events that update state */
});
/* assert on the output */

This ensures that you're testing the behavior the user would see in the browser. Learn more at https://reactjs.org/link/wrap-tests-with-act
    at CoachCommandCenterPage (C:/Users/BigotSmasher/Desktop/@Everything/quick-pt/SS-PT/tmp/worktrees/swan-coach-astra-owned-20260906/frontend/src/components/DashBoard/Pages/coach-assistant/CoachCommandCenterPage.tsx:42:117)
    at CoachSessionDraftProvider (C:/Users/BigotSmasher/Desktop/@Everything/quick-pt/SS-PT/tmp/worktrees/swan-coach-astra-owned-20260906/frontend/src/components/DashBoard/Pages/coach-assistant/CoachSessionDraftContext.tsx:15:38)
    at Router (C:\Users\BigotSmasher\Desktop\@Everything\quick-pt\SS-PT\tmp\worktrees\swan-coach-astra-owned-20260906\frontend\node_modules\react-router\dist\umd\react-router.development.js:1203:17)
    at MemoryRouter (C:\Users\BigotSmasher\Desktop\@Everything\quick-pt\SS-PT\tmp\worktrees\swan-coach-astra-owned-20260906\frontend\node_modules\react-router\dist\umd\react-router.development.js:1097:7)

[90mstderr[2m | src/components/DashBoard/Pages/coach-assistant/CoachCommandCenterDeepLinkMatrix.test.tsx[2m > [22m[2mCoachCommandCenterPage deep-link matrix[2m > [22m[2mroutes direct intake to /dashboard/admin/coach-assistant?intake=clip-111
[22m[39mWarning: An update to CoachCommandCenterPage inside a test was not wrapped in act(...).

When testing, code that causes React state updates should be wrapped into act(...):

act(() => {
  /* fire events that update state */
});
/* assert on the output */

This ensures that you're testing the behavior the user would see in the browser. Learn more at https://reactjs.org/link/wrap-tests-with-act
    at CoachCommandCenterPage (C:/Users/BigotSmasher/Desktop/@Everything/quick-pt/SS-PT/tmp/worktrees/swan-coach-astra-owned-20260906/frontend/src/components/DashBoard/Pages/coach-assistant/CoachCommandCenterPage.tsx:42:117)
    at CoachSessionDraftProvider (C:/Users/BigotSmasher/Desktop/@Everything/quick-pt/SS-PT/tmp/worktrees/swan-coach-astra-owned-20260906/frontend/src/components/DashBoard/Pages/coach-assistant/CoachSessionDraftContext.tsx:15:38)
    at Router (C:\Users\BigotSmasher\Desktop\@Everything\quick-pt\SS-PT\tmp\worktrees\swan-coach-astra-owned-20260906\frontend\node_modules\react-router\dist\umd\react-router.development.js:1203:17)
    at MemoryRouter (C:\Users\BigotSmasher\Desktop\@Everything\quick-pt\SS-PT\tmp\worktrees\swan-coach-astra-owned-20260906\frontend\node_modules\react-router\dist\umd\react-router.development.js:1097:7)

 [32m✓[39m src/components/DashBoard/Pages/content-studio/ContentStudioHub.tabGating.test.tsx [2m([22m[2m8 tests[22m[2m)[22m[33m 577[2mms[22m[39m
 [32m✓[39m src/components/DashBoard/Pages/admin-workout-planner/WorkoutPlannerReturnTo.contract.test.ts [2m([22m[2m5 tests[22m[2m)[22m[32m 4[2mms[22m[39m
 [32m✓[39m src/components/DashBoard/Pages/admin-workout-planner/WorkoutPlannerSavedPlansSection.primaryArc.test.tsx [2m([22m[2m8 tests[22m[2m)[22m[33m 569[2mms[22m[39m
     [33m[2m✓[22m[39m numbers saved plan cards in list order [33m 354[2mms[22m[39m
 [32m✓[39m src/components/DashBoard/Pages/trainer-gamification/trainer-gamification-view.structure.test.ts [2m([22m[2m6 tests[22m[2m)[22m[32m 16[2mms[22m[39m
[90mstderr[2m | src/components/DashBoard/Pages/coach-assistant/CoachCommandCenterDeepLinkMatrix.test.tsx[2m > [22m[2mCoachCommandCenterPage deep-link matrix[2m > [22m[2mroutes direct proposal to /dashboard/admin/coach-assistant?proposal=proposal-123
[22m[39mWarning: An update to CoachCommandCenterPage inside a test was not wrapped in act(...).

When testing, code that causes React state updates should be wrapped into act(...):

act(() => {
  /* fire events that update state */
});
/* assert on the output */

This ensures that you're testing the behavior the user would see in the browser. Learn more at https://reactjs.org/link/wrap-tests-with-act
    at CoachCommandCenterPage (C:/Users/BigotSmasher/Desktop/@Everything/quick-pt/SS-PT/tmp/worktrees/swan-coach-astra-owned-20260906/frontend/src/components/DashBoard/Pages/coach-assistant/CoachCommandCenterPage.tsx:42:117)
    at CoachSessionDraftProvider (C:/Users/BigotSmasher/Desktop/@Everything/quick-pt/SS-PT/tmp/worktrees/swan-coach-astra-owned-20260906/frontend/src/components/DashBoard/Pages/coach-assistant/CoachSessionDraftContext.tsx:15:38)
    at Router (C:\Users\BigotSmasher\Desktop\@Everything\quick-pt\SS-PT\tmp\worktrees\swan-coach-astra-owned-20260906\frontend\node_modules\react-router\dist\umd\react-router.development.js:1203:17)
    at MemoryRouter (C:\Users\BigotSmasher\Desktop\@Everything\quick-pt\SS-PT\tmp\worktrees\swan-coach-astra-owned-20260906\frontend\node_modules\react-router\dist\umd\react-router.development.js:1097:7)

[90mstderr[2m | src/components/DashBoard/Pages/coach-assistant/CoachCommandCenterDeepLinkMatrix.test.tsx[2m > [22m[2mCoachCommandCenterPage deep-link matrix[2m > [22m[2mroutes direct proposal to /dashboard/admin/coach-assistant?proposal=proposal-123
[22m[39mWarning: An update to CoachCommandCenterPage inside a test was not wrapped in act(...).

When testing, code that causes React state updates should be wrapped into act(...):

act(() => {
  /* fire events that update state */
});
/* assert on the output */

This ensures that you're testing the behavior the user would see in the browser. Learn more at https://reactjs.org/link/wrap-tests-with-act
    at CoachCommandCenterPage (C:/Users/BigotSmasher/Desktop/@Everything/quick-pt/SS-PT/tmp/worktrees/swan-coach-astra-owned-20260906/frontend/src/components/DashBoard/Pages/coach-assistant/CoachCommandCenterPage.tsx:42:117)
    at CoachSessionDraftProvider (C:/Users/BigotSmasher/Desktop/@Everything/quick-pt/SS-PT/tmp/worktrees/swan-coach-astra-owned-20260906/frontend/src/components/DashBoard/Pages/coach-assistant/CoachSessionDraftContext.tsx:15:38)
    at Router (C:\Users\BigotSmasher\Desktop\@Everything\quick-pt\SS-PT\tmp\worktrees\swan-coach-astra-owned-20260906\frontend\node_modules\react-router\dist\umd\react-router.development.js:1203:17)
    at MemoryRouter (C:\Users\BigotSmasher\Desktop\@Everything\quick-pt\SS-PT\tmp\worktrees\swan-coach-astra-owned-20260906\frontend\node_modules\react-router\dist\umd\react-router.development.js:1097:7)

[90mstderr[2m | src/components/DashBoard/Pages/coach-assistant/CoachCommandCenterOpsDrawer.test.tsx[2m > [22m[2mCoachCommandCenterPage Operations drawer[2m > [22m[2mopens and closes the operator drawer with aria-expanded and Escape handling
[22m[39mWarning: An update to CoachCommandCenterPage inside a test was not wrapped in act(...).

When testing, code that causes React state updates should be wrapped into act(...):

act(() => {
  /* fire events that update state */
});
/* assert on the output */

This ensures that you're testing the behavior the user would see in the browser. Learn more at https://reactjs.org/link/wrap-tests-with-act
    at CoachCommandCenterPage (C:/Users/BigotSmasher/Desktop/@Everything/quick-pt/SS-PT/tmp/worktrees/swan-coach-astra-owned-20260906/frontend/src/components/DashBoard/Pages/coach-assistant/CoachCommandCenterPage.tsx:42:117)
    at CoachSessionDraftProvider (C:/Users/BigotSmasher/Desktop/@Everything/quick-pt/SS-PT/tmp/worktrees/swan-coach-astra-owned-20260906/frontend/src/components/DashBoard/Pages/coach-assistant/CoachSessionDraftContext.tsx:15:38)
    at Router (C:\Users\BigotSmasher\Desktop\@Everything\quick-pt\SS-PT\tmp\worktrees\swan-coach-astra-owned-20260906\frontend\node_modules\react-router\dist\umd\react-router.development.js:1203:17)
    at MemoryRouter (C:\Users\BigotSmasher\Desktop\@Everything\quick-pt\SS-PT\tmp\worktrees\swan-coach-astra-owned-20260906\frontend\node_modules\react-router\dist\umd\react-router.development.js:1097:7)

[90mstderr[2m | src/components/DashBoard/Pages/coach-assistant/CoachCommandCenterOpsDrawer.test.tsx[2m > [22m[2mCoachCommandCenterPage Operations drawer[2m > [22m[2mopens and closes the operator drawer with aria-expanded and Escape handling
[22m[39mWarning: An update to CoachCommandCenterPage inside a test was not wrapped in act(...).

When testing, code that causes React state updates should be wrapped into act(...):

act(() => {
  /* fire events that update state */
});
/* assert on the output */

This ensures that you're testing the behavior the user would see in the browser. Learn more at https://reactjs.org/link/wrap-tests-with-act
    at CoachCommandCenterPage (C:/Users/BigotSmasher/Desktop/@Everything/quick-pt/SS-PT/tmp/worktrees/swan-coach-astra-owned-20260906/frontend/src/components/DashBoard/Pages/coach-assistant/CoachCommandCenterPage.tsx:42:117)
    at CoachSessionDraftProvider (C:/Users/BigotSmasher/Desktop/@Everything/quick-pt/SS-PT/tmp/worktrees/swan-coach-astra-owned-20260906/frontend/src/components/DashBoard/Pages/coach-assistant/CoachSessionDraftContext.tsx:15:38)
    at Router (C:\Users\BigotSmasher\Desktop\@Everything\quick-pt\SS-PT\tmp\worktrees\swan-coach-astra-owned-20260906\frontend\node_modules\react-router\dist\umd\react-router.development.js:1203:17)
    at MemoryRouter (C:\Users\BigotSmasher\Desktop\@Everything\quick-pt\SS-PT\tmp\worktrees\swan-coach-astra-owned-20260906\frontend\node_modules\react-router\dist\umd\react-router.development.js:1097:7)

[90mstderr[2m | src/components/DashBoard/Pages/coach-assistant/CoachCommandCenterPage.shell.test.tsx[2m > [22m[2mCoachCommandCenterPage shell[2m > [22m[2mkeeps secondary tools inside the dock More menu
[22m[39mWarning: An update to CoachCommandCenterPage inside a test was not wrapped in act(...).

When testing, code that causes React state updates should be wrapped into act(...):

act(() => {
  /* fire events that update state */
});
/* assert on the output */

This ensures that you're testing the behavior the user would see in the browser. Learn more at https://reactjs.org/link/wrap-tests-with-act
    at CoachCommandCenterPage (C:/Users/BigotSmasher/Desktop/@Everything/quick-pt/SS-PT/tmp/worktrees/swan-coach-astra-owned-20260906/frontend/src/components/DashBoard/Pages/coach-assistant/CoachCommandCenterPage.tsx:42:117)
    at CoachSessionDraftProvider (C:/Users/BigotSmasher/Desktop/@Everything/quick-pt/SS-PT/tmp/worktrees/swan-coach-astra-owned-20260906/frontend/src/components/DashBoard/Pages/coach-assistant/CoachSessionDraftContext.tsx:15:38)
    at Router (C:\Users\BigotSmasher\Desktop\@Everything\quick-pt\SS-PT\tmp\worktrees\swan-coach-astra-owned-20260906\frontend\node_modules\react-router\dist\umd\react-router.development.js:1203:17)
    at MemoryRouter (C:\Users\BigotSmasher\Desktop\@Everything\quick-pt\SS-PT\tmp\worktrees\swan-coach-astra-owned-20260906\frontend\node_modules\react-router\dist\umd\react-router.development.js:1097:7)

[90mstderr[2m | src/components/DashBoard/Pages/coach-assistant/CoachCommandCenterPage.shell.test.tsx[2m > [22m[2mCoachCommandCenterPage shell[2m > [22m[2mkeeps secondary tools inside the dock More menu
[22m[39mWarning: An update to CoachCommandCenterPage inside a test was not wrapped in act(...).

When testing, code that causes React state updates should be wrapped into act(...):

act(() => {
  /* fire events that update state */
});
/* assert on the output */

This ensures that you're testing the behavior the user would see in the browser. Learn more at https://reactjs.org/link/wrap-tests-with-act
    at CoachCommandCenterPage (C:/Users/BigotSmasher/Desktop/@Everything/quick-pt/SS-PT/tmp/worktrees/swan-coach-astra-owned-20260906/frontend/src/components/DashBoard/Pages/coach-assistant/CoachCommandCenterPage.tsx:42:117)
    at CoachSessionDraftProvider (C:/Users/BigotSmasher/Desktop/@Everything/quick-pt/SS-PT/tmp/worktrees/swan-coach-astra-owned-20260906/frontend/src/components/DashBoard/Pages/coach-assistant/CoachSessionDraftContext.tsx:15:38)
    at Router (C:\Users\BigotSmasher\Desktop\@Everything\quick-pt\SS-PT\tmp\worktrees\swan-coach-astra-owned-20260906\frontend\node_modules\react-router\dist\umd\react-router.development.js:1203:17)
    at MemoryRouter (C:\Users\BigotSmasher\Desktop\@Everything\quick-pt\SS-PT\tmp\worktrees\swan-coach-astra-owned-20260906\frontend\node_modules\react-router\dist\umd\react-router.development.js:1097:7)

[90mstderr[2m | src/components/DashBoard/Pages/coach-assistant/CoachCommandCenterDeepLinkMatrix.test.tsx[2m > [22m[2mCoachCommandCenterPage deep-link matrix[2m > [22m[2mroutes proposal for intake to /dashboard/admin/coach-assistant?intake=clip-111&proposal=proposal-123
[22m[39mWarning: An update to CoachCommandCenterPage inside a test was not wrapped in act(...).

When testing, code that causes React state updates should be wrapped into act(...):

act(() => {
  /* fire events that update state */
});
/* assert on the output */

This ensures that you're testing the behavior the user would see in the browser. Learn more at https://reactjs.org/link/wrap-tests-with-act
    at CoachCommandCenterPage (C:/Users/BigotSmasher/Desktop/@Everything/quick-pt/SS-PT/tmp/worktrees/swan-coach-astra-owned-20260906/frontend/src/components/DashBoard/Pages/coach-assistant/CoachCommandCenterPage.tsx:42:117)
    at CoachSessionDraftProvider (C:/Users/BigotSmasher/Desktop/@Everything/quick-pt/SS-PT/tmp/worktrees/swan-coach-astra-owned-20260906/frontend/src/components/DashBoard/Pages/coach-assistant/CoachSessionDraftContext.tsx:15:38)
    at Router (C:\Users\BigotSmasher\Desktop\@Everything\quick-pt\SS-PT\tmp\worktrees\swan-coach-astra-owned-20260906\frontend\node_modules\react-router\dist\umd\react-router.development.js:1203:17)
    at MemoryRouter (C:\Users\BigotSmasher\Desktop\@Everything\quick-pt\SS-PT\tmp\worktrees\swan-coach-astra-owned-20260906\frontend\node_modules\react-router\dist\umd\react-router.development.js:1097:7)

 [32m✓[39m src/components/DashBoard/Pages/content-studio/videoCompression.logic.test.ts [2m([22m[2m14 tests[22m[2m)[22m[32m 7[2mms[22m[39m
[90mstderr[2m | src/components/DashBoard/Pages/coach-assistant/CoachCommandCenterDeepLinkMatrix.test.tsx[2m > [22m[2mCoachCommandCenterPage deep-link matrix[2m > [22m[2mroutes proposal for intake to /dashboard/admin/coach-assistant?intake=clip-111&proposal=proposal-123
[22m[39mWarning: An update to CoachCommandCenterPage inside a test was not wrapped in act(...).

When testing, code that causes React state updates should be wrapped into act(...):

act(() => {
  /* fire events that update state */
});
/* assert on the output */

This ensures that you're testing the behavior the user would see in the browser. Learn more at https://reactjs.org/link/wrap-tests-with-act
    at CoachCommandCenterPage (C:/Users/BigotSmasher/Desktop/@Everything/quick-pt/SS-PT/tmp/worktrees/swan-coach-astra-owned-20260906/frontend/src/components/DashBoard/Pages/coach-assistant/CoachCommandCenterPage.tsx:42:117)
    at CoachSessionDraftProvider (C:/Users/BigotSmasher/Desktop/@Everything/quick-pt/SS-PT/tmp/worktrees/swan-coach-astra-owned-20260906/frontend/src/components/DashBoard/Pages/coach-assistant/CoachSessionDraftContext.tsx:15:38)
    at Router (C:\Users\BigotSmasher\Desktop\@Everything\quick-pt\SS-PT\tmp\worktrees\swan-coach-astra-owned-20260906\frontend\node_modules\react-router\dist\umd\react-router.development.js:1203:17)
    at MemoryRouter (C:\Users\BigotSmasher\Desktop\@Everything\quick-pt\SS-PT\tmp\worktrees\swan-coach-astra-owned-20260906\frontend\node_modules\react-router\dist\umd\react-router.development.js:1097:7)

[90mstderr[2m | src/components/DashBoard/Pages/coach-assistant/CoachCommandCenterPage.keyboard.test.tsx[2m > [22m[2mCoachCommandCenterPage keyboard submit[2m > [22m[2mkeeps Shift+Enter available for multiline dock drafting
[22m[39mWarning: An update to CoachCommandCenterPage inside a test was not wrapped in act(...).

When testing, code that causes React state updates should be wrapped into act(...):

act(() => {
  /* fire events that update state */
});
/* assert on the output */

This ensures that you're testing the behavior the user would see in the browser. Learn more at https://reactjs.org/link/wrap-tests-with-act
    at CoachCommandCenterPage (C:/Users/BigotSmasher/Desktop/@Everything/quick-pt/SS-PT/tmp/worktrees/swan-coach-astra-owned-20260906/frontend/src/components/DashBoard/Pages/coach-assistant/CoachCommandCenterPage.tsx:42:117)
    at CoachSessionDraftProvider (C:/Users/BigotSmasher/Desktop/@Everything/quick-pt/SS-PT/tmp/worktrees/swan-coach-astra-owned-20260906/frontend/src/components/DashBoard/Pages/coach-assistant/CoachSessionDraftContext.tsx:15:38)
    at Router (C:\Users\BigotSmasher\Desktop\@Everything\quick-pt\SS-PT\tmp\worktrees\swan-coach-astra-owned-20260906\frontend\node_modules\react-router\dist\umd\react-router.development.js:1203:17)
    at MemoryRouter (C:\Users\BigotSmasher\Desktop\@Everything\quick-pt\SS-PT\tmp\worktrees\swan-coach-astra-owned-20260906\frontend\node_modules\react-router\dist\umd\react-router.development.js:1097:7)

[90mstderr[2m | src/components/DashBoard/Pages/coach-assistant/CoachCommandCenterPage.keyboard.test.tsx[2m > [22m[2mCoachCommandCenterPage keyboard submit[2m > [22m[2mkeeps Shift+Enter available for multiline dock drafting
[22m[39mWarning: An update to CoachCommandCenterPage inside a test was not wrapped in act(...).

When testing, code that causes React state updates should be wrapped into act(...):

act(() => {
  /* fire events that update state */
});
/* assert on the output */

This ensures that you're testing the behavior the user would see in the browser. Learn more at https://reactjs.org/link/wrap-tests-with-act
    at CoachCommandCenterPage (C:/Users/BigotSmasher/Desktop/@Everything/quick-pt/SS-PT/tmp/worktrees/swan-coach-astra-owned-20260906/frontend/src/components/DashBoard/Pages/coach-assistant/CoachCommandCenterPage.tsx:42:117)
    at CoachSessionDraftProvider (C:/Users/BigotSmasher/Desktop/@Everything/quick-pt/SS-PT/tmp/worktrees/swan-coach-astra-owned-20260906/frontend/src/components/DashBoard/Pages/coach-assistant/CoachSessionDraftContext.tsx:15:38)
    at Router (C:\Users\BigotSmasher\Desktop\@Everything\quick-pt\SS-PT\tmp\worktrees\swan-coach-astra-owned-20260906\frontend\node_modules\react-router\dist\umd\react-router.development.js:1203:17)
    at MemoryRouter (C:\Users\BigotSmasher\Desktop\@Everything\quick-pt\SS-PT\tmp\worktrees\swan-coach-astra-owned-20260906\frontend\node_modules\react-router\dist\umd\react-router.development.js:1097:7)

[90mstderr[2m | src/components/DashBoard/Pages/coach-assistant/CoachCommandCenterPage.keyboard.test.tsx[2m > [22m[2mCoachCommandCenterPage keyboard submit[2m > [22m[2mdoes not submit while IME composition is using Enter to choose text
[22m[39mWarning: An update to CoachCommandCenterPage inside a test was not wrapped in act(...).

When testing, code that causes React state updates should be wrapped into act(...):

act(() => {
  /* fire events that update state */
});
/* assert on the output */

This ensures that you're testing the behavior the user would see in the browser. Learn more at https://reactjs.org/link/wrap-tests-with-act
    at CoachCommandCenterPage (C:/Users/BigotSmasher/Desktop/@Everything/quick-pt/SS-PT/tmp/worktrees/swan-coach-astra-owned-20260906/frontend/src/components/DashBoard/Pages/coach-assistant/CoachCommandCenterPage.tsx:42:117)
    at CoachSessionDraftProvider (C:/Users/BigotSmasher/Desktop/@Everything/quick-pt/SS-PT/tmp/worktrees/swan-coach-astra-owned-20260906/frontend/src/components/DashBoard/Pages/coach-assistant/CoachSessionDraftContext.tsx:15:38)
    at Router (C:\Users\BigotSmasher\Desktop\@Everything\quick-pt\SS-PT\tmp\worktrees\swan-coach-astra-owned-20260906\frontend\node_modules\react-router\dist\umd\react-router.development.js:1203:17)
    at MemoryRouter (C:\Users\BigotSmasher\Desktop\@Everything\quick-pt\SS-PT\tmp\worktrees\swan-coach-astra-owned-20260906\frontend\node_modules\react-router\dist\umd\react-router.development.js:1097:7)

[90mstderr[2m | src/components/DashBoard/Pages/coach-assistant/CoachCommandCenterPage.shell.test.tsx[2m > [22m[2mCoachCommandCenterPage shell[2m > [22m[2mturns empty transcript suggestions into composer drafts without submitting
[22m[39mWarning: An update to CoachCommandCenterPage inside a test was not wrapped in act(...).

When testing, code that causes React state updates should be wrapped into act(...):

act(() => {
  /* fire events that update state */
});
/* assert on the output */

This ensures that you're testing the behavior the user would see in the browser. Learn more at https://reactjs.org/link/wrap-tests-with-act
    at CoachCommandCenterPage (C:/Users/BigotSmasher/Desktop/@Everything/quick-pt/SS-PT/tmp/worktrees/swan-coach-astra-owned-20260906/frontend/src/components/DashBoard/Pages/coach-assistant/CoachCommandCenterPage.tsx:42:117)
    at CoachSessionDraftProvider (C:/Users/BigotSmasher/Desktop/@Everything/quick-pt/SS-PT/tmp/worktrees/swan-coach-astra-owned-20260906/frontend/src/components/DashBoard/Pages/coach-assistant/CoachSessionDraftContext.tsx:15:38)
    at Router (C:\Users\BigotSmasher\Desktop\@Everything\quick-pt\SS-PT\tmp\worktrees\swan-coach-astra-owned-20260906\frontend\node_modules\react-router\dist\umd\react-router.development.js:1203:17)
    at MemoryRouter (C:\Users\BigotSmasher\Desktop\@Everything\quick-pt\SS-PT\tmp\worktrees\swan-coach-astra-owned-20260906\frontend\node_modules\react-router\dist\umd\react-router.development.js:1097:7)

[90mstderr[2m | src/components/DashBoard/Pages/coach-assistant/CoachCommandCenterPage.shell.test.tsx[2m > [22m[2mCoachCommandCenterPage shell[2m > [22m[2mturns empty transcript suggestions into composer drafts without submitting
[22m[39mWarning: An update to CoachCommandCenterPage inside a test was not wrapped in act(...).

When testing, code that causes React state updates should be wrapped into act(...):

act(() => {
  /* fire events that update state */
});
/* assert on the output */

This ensures that you're testing the behavior the user would see in the browser. Learn more at https://reactjs.org/link/wrap-tests-with-act
    at CoachCommandCenterPage (C:/Users/BigotSmasher/Desktop/@Everything/quick-pt/SS-PT/tmp/worktrees/swan-coach-astra-owned-20260906/frontend/src/components/DashBoard/Pages/coach-assistant/CoachCommandCenterPage.tsx:42:117)
    at CoachSessionDraftProvider (C:/Users/BigotSmasher/Desktop/@Everything/quick-pt/SS-PT/tmp/worktrees/swan-coach-astra-owned-20260906/frontend/src/components/DashBoard/Pages/coach-assistant/CoachSessionDraftContext.tsx:15:38)
    at Router (C:\Users\BigotSmasher\Desktop\@Everything\quick-pt\SS-PT\tmp\worktrees\swan-coach-astra-owned-20260906\frontend\node_modules\react-router\dist\umd\react-router.development.js:1203:17)
    at MemoryRouter (C:\Users\BigotSmasher\Desktop\@Everything\quick-pt\SS-PT\tmp\worktrees\swan-coach-astra-owned-20260906\frontend\node_modules\react-router\dist\umd\react-router.development.js:1097:7)

[90mstderr[2m | src/components/DashBoard/Pages/coach-assistant/CoachCommandCenterPage.keyboard.test.tsx[2m > [22m[2mCoachCommandCenterPage keyboard submit[2m > [22m[2mdoes not submit while IME composition is using Enter to choose text
[22m[39mWarning: An update to CoachCommandCenterPage inside a test was not wrapped in act(...).

When testing, code that causes React state updates should be wrapped into act(...):

act(() => {
  /* fire events that update state */
});
/* assert on the output */

This ensures that you're testing the behavior the user would see in the browser. Learn more at https://reactjs.org/link/wrap-tests-with-act
    at CoachCommandCenterPage (C:/Users/BigotSmasher/Desktop/@Everything/quick-pt/SS-PT/tmp/worktrees/swan-coach-astra-owned-20260906/frontend/src/components/DashBoard/Pages/coach-assistant/CoachCommandCenterPage.tsx:42:117)
    at CoachSessionDraftProvider (C:/Users/BigotSmasher/Desktop/@Everything/quick-pt/SS-PT/tmp/worktrees/swan-coach-astra-owned-20260906/frontend/src/components/DashBoard/Pages/coach-assistant/CoachSessionDraftContext.tsx:15:38)
    at Router (C:\Users\BigotSmasher\Desktop\@Everything\quick-pt\SS-PT\tmp\worktrees\swan-coach-astra-owned-20260906\frontend\node_modules\react-router\dist\umd\react-router.development.js:1203:17)
    at MemoryRouter (C:\Users\BigotSmasher\Desktop\@Everything\quick-pt\SS-PT\tmp\worktrees\swan-coach-astra-owned-20260906\frontend\node_modules\react-router\dist\umd\react-router.development.js:1097:7)

[90mstderr[2m | src/components/DashBoard/Pages/coach-assistant/CoachCommandCenterReviewCount.test.tsx[2m > [22m[2mCoachCommandCenter review count truth[2m > [22m[2mcounts one pending proposal as one prepared draft
[22m[39mWarning: An update to CoachCommandCenterPage inside a test was not wrapped in act(...).

When testing, code that causes React state updates should be wrapped into act(...):

act(() => {
  /* fire events that update state */
});
/* assert on the output */

This ensures that you're testing the behavior the user would see in the browser. Learn more at https://reactjs.org/link/wrap-tests-with-act
    at CoachCommandCenterPage (C:/Users/BigotSmasher/Desktop/@Everything/quick-pt/SS-PT/tmp/worktrees/swan-coach-astra-owned-20260906/frontend/src/components/DashBoard/Pages/coach-assistant/CoachCommandCenterPage.tsx:42:117)
    at CoachSessionDraftProvider (C:/Users/BigotSmasher/Desktop/@Everything/quick-pt/SS-PT/tmp/worktrees/swan-coach-astra-owned-20260906/frontend/src/components/DashBoard/Pages/coach-assistant/CoachSessionDraftContext.tsx:15:38)
    at Router (C:\Users\BigotSmasher\Desktop\@Everything\quick-pt\SS-PT\tmp\worktrees\swan-coach-astra-owned-20260906\frontend\node_modules\react-router\dist\umd\react-router.development.js:1203:17)
    at MemoryRouter (C:\Users\BigotSmasher\Desktop\@Everything\quick-pt\SS-PT\tmp\worktrees\swan-coach-astra-owned-20260906\frontend\node_modules\react-router\dist\umd\react-router.development.js:1097:7)

[90mstderr[2m | src/components/DashBoard/Pages/coach-assistant/CoachCommandCenterReviewCount.test.tsx[2m > [22m[2mCoachCommandCenter review count truth[2m > [22m[2mcounts one pending proposal as one prepared draft
[22m[39mWarning: An update to CoachCommandCenterPage inside a test was not wrapped in act(...).

When testing, code that causes React state updates should be wrapped into act(...):

act(() => {
  /* fire events that update state */
});
/* assert on the output */

This ensures that you're testing the behavior the user would see in the browser. Learn more at https://reactjs.org/link/wrap-tests-with-act
    at CoachCommandCenterPage (C:/Users/BigotSmasher/Desktop/@Everything/quick-pt/SS-PT/tmp/worktrees/swan-coach-astra-owned-20260906/frontend/src/components/DashBoard/Pages/coach-assistant/CoachCommandCenterPage.tsx:42:117)
    at CoachSessionDraftProvider (C:/Users/BigotSmasher/Desktop/@Everything/quick-pt/SS-PT/tmp/worktrees/swan-coach-astra-owned-20260906/frontend/src/components/DashBoard/Pages/coach-assistant/CoachSessionDraftContext.tsx:15:38)
    at Router (C:\Users\BigotSmasher\Desktop\@Everything\quick-pt\SS-PT\tmp\worktrees\swan-coach-astra-owned-20260906\frontend\node_modules\react-router\dist\umd\react-router.development.js:1203:17)
    at MemoryRouter (C:\Users\BigotSmasher\Desktop\@Everything\quick-pt\SS-PT\tmp\worktrees\swan-coach-astra-owned-20260906\frontend\node_modules\react-router\dist\umd\react-router.development.js:1097:7)

 [31m❯[39m src/components/DashBoard/Pages/coach-assistant/CoachCommandCenterPage.context.test.tsx [2m([22m[2m10 tests[22m[2m | [22m[31m1 failed[39m[2m)[22m[33m 6118[2mms[22m[39m
     [33m[2m✓[22m[39m hydrates selected-client daily context from Clients & Team and sends targetUserId [33m 3295[2mms[22m[39m
     [32m✓[39m preserves selected-client daily context when a coach replaces the prefilled prompt[32m 268[2mms[22m[39m
[31m     [31m×[31m carries schedule context from the command route into command and chat lanes[39m[33m 1516[2mms[22m[39m
     [32m✓[39m offers a one-click return to the selected Client Hub route from Clients & Team[32m 103[2mms[22m[39m
     [32m✓[39m opens the new-client onboarding Workbench from Client Hub[32m 253[2mms[22m[39m
     [32m✓[39m opens selected-client onboarding routes in the Workbench as profile coverage updates[32m 175[2mms[22m[39m
     [32m✓[39m hydrates admin overview command triage without requiring a selected client[32m 104[2mms[22m[39m
     [32m✓[39m hydrates admin self-workout context without a selected client target[32m 260[2mms[22m[39m
     [32m✓[39m hydrates the trainer Home command prompt and return route[32m 71[2mms[22m[39m
     [32m✓[39m drops cross-role workflow return links on trainer routes[32m 68[2mms[22m[39m
 [32m✓[39m src/components/DashBoard/Pages/trainer-dashboard/TrainerHomeTab.todaySessions.test.tsx [2m([22m[2m5 tests[22m[2m)[22m[33m 2118[2mms[22m[39m
     [33m[2m✓[22m[39m routes a scheduled client session directly into the scoped workout logger [33m 1018[2mms[22m[39m
     [33m[2m✓[22m[39m keeps a low-click trainer logging card visible when no session is actionable [33m 420[2mms[22m[39m
[90mstderr[2m | src/components/DashBoard/Pages/coach-assistant/CoachCommandCenterDeepLinkMatrix.test.tsx[2m > [22m[2mCoachCommandCenterPage deep-link matrix[2m > [22m[2mroutes PLAUD workspace to /dashboard/admin/coach-assistant?workspace=plaud
[22m[39mWarning: An update to CoachCommandCenterPage inside a test was not wrapped in act(...).

When testing, code that causes React state updates should be wrapped into act(...):

act(() => {
  /* fire events that update state */
});
/* assert on the output */

This ensures that you're testing the behavior the user would see in the browser. Learn more at https://reactjs.org/link/wrap-tests-with-act
    at CoachCommandCenterPage (C:/Users/BigotSmasher/Desktop/@Everything/quick-pt/SS-PT/tmp/worktrees/swan-coach-astra-owned-20260906/frontend/src/components/DashBoard/Pages/coach-assistant/CoachCommandCenterPage.tsx:42:117)
    at CoachSessionDraftProvider (C:/Users/BigotSmasher/Desktop/@Everything/quick-pt/SS-PT/tmp/worktrees/swan-coach-astra-owned-20260906/frontend/src/components/DashBoard/Pages/coach-assistant/CoachSessionDraftContext.tsx:15:38)
    at Router (C:\Users\BigotSmasher\Desktop\@Everything\quick-pt\SS-PT\tmp\worktrees\swan-coach-astra-owned-20260906\frontend\node_modules\react-router\dist\umd\react-router.development.js:1203:17)
    at MemoryRouter (C:\Users\BigotSmasher\Desktop\@Everything\quick-pt\SS-PT\tmp\worktrees\swan-coach-astra-owned-20260906\frontend\node_modules\react-router\dist\umd\react-router.development.js:1097:7)

[90mstderr[2m | src/components/DashBoard/Pages/coach-assistant/CoachCommandCenterDeepLinkMatrix.test.tsx[2m > [22m[2mCoachCommandCenterPage deep-link matrix[2m > [22m[2mroutes PLAUD workspace to /dashboard/admin/coach-assistant?workspace=plaud
[22m[39mWarning: An update to CoachCommandCenterPage inside a test was not wrapped in act(...).

When testing, code that causes React state updates should be wrapped into act(...):

act(() => {
  /* fire events that update state */
});
/* assert on the output */

This ensures that you're testing the behavior the user would see in the browser. Learn more at https://reactjs.org/link/wrap-tests-with-act
    at CoachCommandCenterPage (C:/Users/BigotSmasher/Desktop/@Everything/quick-pt/SS-PT/tmp/worktrees/swan-coach-astra-owned-20260906/frontend/src/components/DashBoard/Pages/coach-assistant/CoachCommandCenterPage.tsx:42:117)
    at CoachSessionDraftProvider (C:/Users/BigotSmasher/Desktop/@Everything/quick-pt/SS-PT/tmp/worktrees/swan-coach-astra-owned-20260906/frontend/src/components/DashBoard/Pages/coach-assistant/CoachSessionDraftContext.tsx:15:38)
    at Router (C:\Users\BigotSmasher\Desktop\@Everything\quick-pt\SS-PT\tmp\worktrees\swan-coach-astra-owned-20260906\frontend\node_modules\react-router\dist\umd\react-router.development.js:1203:17)
    at MemoryRouter (C:\Users\BigotSmasher\Desktop\@Everything\quick-pt\SS-PT\tmp\worktrees\swan-coach-astra-owned-20260906\frontend\node_modules\react-router\dist\umd\react-router.development.js:1097:7)

[90mstderr[2m | src/components/DashBoard/Pages/coach-assistant/CoachCommandCenterClientMode.test.tsx[2m > [22m[2mCoachCommandCenterPage client mode[2m > [22m[2mrenders a client-safe talk bridge without operator-only tabs, drawer, or PLAUD import
[22m[39mWarning: An update to CoachCommandCenterPage inside a test was not wrapped in act(...).

When testing, code that causes React state updates should be wrapped into act(...):

act(() => {
  /* fire events that update state */
});
/* assert on the output */

This ensures that you're testing the behavior the user would see in the browser. Learn more at https://reactjs.org/link/wrap-tests-with-act
    at CoachCommandCenterPage (C:/Users/BigotSmasher/Desktop/@Everything/quick-pt/SS-PT/tmp/worktrees/swan-coach-astra-owned-20260906/frontend/src/components/DashBoard/Pages/coach-assistant/CoachCommandCenterPage.tsx:42:117)
    at CoachSessionDraftProvider (C:/Users/BigotSmasher/Desktop/@Everything/quick-pt/SS-PT/tmp/worktrees/swan-coach-astra-owned-20260906/frontend/src/components/DashBoard/Pages/coach-assistant/CoachSessionDraftContext.tsx:15:38)
    at Router (C:\Users\BigotSmasher\Desktop\@Everything\quick-pt\SS-PT\tmp\worktrees\swan-coach-astra-owned-20260906\frontend\node_modules\react-router\dist\umd\react-router.development.js:1203:17)
    at MemoryRouter (C:\Users\BigotSmasher\Desktop\@Everything\quick-pt\SS-PT\tmp\worktrees\swan-coach-astra-owned-20260906\frontend\node_modules\react-router\dist\umd\react-router.development.js:1097:7)

[90mstderr[2m | src/components/DashBoard/Pages/coach-assistant/CoachCommandCenterClientMode.test.tsx[2m > [22m[2mCoachCommandCenterPage client mode[2m > [22m[2mrenders a client-safe talk bridge without operator-only tabs, drawer, or PLAUD import
[22m[39mWarning: An update to CoachCommandCenterPage inside a test was not wrapped in act(...).

When testing, code that causes React state updates should be wrapped into act(...):

act(() => {
  /* fire events that update state */
});
/* assert on the output */

This ensures that you're testing the behavior the user would see in the browser. Learn more at https://reactjs.org/link/wrap-tests-with-act
    at CoachCommandCenterPage (C:/Users/BigotSmasher/Desktop/@Everything/quick-pt/SS-PT/tmp/worktrees/swan-coach-astra-owned-20260906/frontend/src/components/DashBoard/Pages/coach-assistant/CoachCommandCenterPage.tsx:42:117)
    at CoachSessionDraftProvider (C:/Users/BigotSmasher/Desktop/@Everything/quick-pt/SS-PT/tmp/worktrees/swan-coach-astra-owned-20260906/frontend/src/components/DashBoard/Pages/coach-assistant/CoachSessionDraftContext.tsx:15:38)
    at Router (C:\Users\BigotSmasher\Desktop\@Everything\quick-pt\SS-PT\tmp\worktrees\swan-coach-astra-owned-20260906\frontend\node_modules\react-router\dist\umd\react-router.development.js:1203:17)
    at MemoryRouter (C:\Users\BigotSmasher\Desktop\@Everything\quick-pt\SS-PT\tmp\worktrees\swan-coach-astra-owned-20260906\frontend\node_modules\react-router\dist\umd\react-router.development.js:1097:7)

 [32m✓[39m src/components/DashBoard/Pages/content-studio/VideoOptimizerPanel.test.tsx [2m([22m[2m8 tests[22m[2m)[22m[33m 725[2mms[22m[39m
 [32m✓[39m src/components/DashBoard/Pages/admin-workout-planner/WorkoutPlannerStatusAssistantStrip.test.tsx [2m([22m[2m7 tests[22m[2m)[22m[33m 420[2mms[22m[39m
[90mstderr[2m | src/components/DashBoard/Pages/coach-assistant/CoachCommandCenterReviewCount.test.tsx[2m > [22m[2mCoachCommandCenter review count truth[2m > [22m[2mdoes not count a completed proposal as waiting review work
[22m[39mWarning: An update to CoachCommandCenterPage inside a test was not wrapped in act(...).

When testing, code that causes React state updates should be wrapped into act(...):

act(() => {
  /* fire events that update state */
});
/* assert on the output */

This ensures that you're testing the behavior the user would see in the browser. Learn more at https://reactjs.org/link/wrap-tests-with-act
    at CoachCommandCenterPage (C:/Users/BigotSmasher/Desktop/@Everything/quick-pt/SS-PT/tmp/worktrees/swan-coach-astra-owned-20260906/frontend/src/components/DashBoard/Pages/coach-assistant/CoachCommandCenterPage.tsx:42:117)
    at CoachSessionDraftProvider (C:/Users/BigotSmasher/Desktop/@Everything/quick-pt/SS-PT/tmp/worktrees/swan-coach-astra-owned-20260906/frontend/src/components/DashBoard/Pages/coach-assistant/CoachSessionDraftContext.tsx:15:38)
    at Router (C:\Users\BigotSmasher\Desktop\@Everything\quick-pt\SS-PT\tmp\worktrees\swan-coach-astra-owned-20260906\frontend\node_modules\react-router\dist\umd\react-router.development.js:1203:17)
    at MemoryRouter (C:\Users\BigotSmasher\Desktop\@Everything\quick-pt\SS-PT\tmp\worktrees\swan-coach-astra-owned-20260906\frontend\node_modules\react-router\dist\umd\react-router.development.js:1097:7)

[90mstderr[2m | src/components/DashBoard/Pages/coach-assistant/CoachCommandCenterReviewCount.test.tsx[2m > [22m[2mCoachCommandCenter review count truth[2m > [22m[2mdoes not count a completed proposal as waiting review work
[22m[39mWarning: An update to CoachCommandCenterPage inside a test was not wrapped in act(...).

When testing, code that causes React state updates should be wrapped into act(...):

act(() => {
  /* fire events that update state */
});
/* assert on the output */

This ensures that you're testing the behavior the user would see in the browser. Learn more at https://reactjs.org/link/wrap-tests-with-act
    at CoachCommandCenterPage (C:/Users/BigotSmasher/Desktop/@Everything/quick-pt/SS-PT/tmp/worktrees/swan-coach-astra-owned-20260906/frontend/src/components/DashBoard/Pages/coach-assistant/CoachCommandCenterPage.tsx:42:117)
    at CoachSessionDraftProvider (C:/Users/BigotSmasher/Desktop/@Everything/quick-pt/SS-PT/tmp/worktrees/swan-coach-astra-owned-20260906/frontend/src/components/DashBoard/Pages/coach-assistant/CoachSessionDraftContext.tsx:15:38)
    at Router (C:\Users\BigotSmasher\Desktop\@Everything\quick-pt\SS-PT\tmp\worktrees\swan-coach-astra-owned-20260906\frontend\node_modules\react-router\dist\umd\react-router.development.js:1203:17)
    at MemoryRouter (C:\Users\BigotSmasher\Desktop\@Everything\quick-pt\SS-PT\tmp\worktrees\swan-coach-astra-owned-20260906\frontend\node_modules\react-router\dist\umd\react-router.development.js:1097:7)

 [32m✓[39m src/components/DashBoard/Pages/coach-assistant/CoachCommandCenterReviewCount.test.tsx [2m([22m[2m2 tests[22m[2m)[22m[33m 3155[2mms[22m[39m
     [33m[2m✓[22m[39m counts one pending proposal as one prepared draft [33m 2963[2mms[22m[39m
[90mstderr[2m | src/components/DashBoard/Pages/coach-assistant/CoachCommandCenterPage.deskMount.test.tsx[2m > [22m[2mCoachCommandCenterPage session desk mount[2m > [22m[2mmounts the Session Desk (empty state) for staff roles on the talk surface
[22m[39mWarning: An update to CoachCommandCenterPage inside a test was not wrapped in act(...).

When testing, code that causes React state updates should be wrapped into act(...):

act(() => {
  /* fire events that update state */
});
/* assert on the output */

This ensures that you're testing the behavior the user would see in the browser. Learn more at https://reactjs.org/link/wrap-tests-with-act
    at CoachCommandCenterPage (C:/Users/BigotSmasher/Desktop/@Everything/quick-pt/SS-PT/tmp/worktrees/swan-coach-astra-owned-20260906/frontend/src/components/DashBoard/Pages/coach-assistant/CoachCommandCenterPage.tsx:42:117)
    at CoachSessionDraftProvider (C:/Users/BigotSmasher/Desktop/@Everything/quick-pt/SS-PT/tmp/worktrees/swan-coach-astra-owned-20260906/frontend/src/components/DashBoard/Pages/coach-assistant/CoachSessionDraftContext.tsx:15:38)
    at Router (C:\Users\BigotSmasher\Desktop\@Everything\quick-pt\SS-PT\tmp\worktrees\swan-coach-astra-owned-20260906\frontend\node_modules\react-router\dist\umd\react-router.development.js:1203:17)
    at MemoryRouter (C:\Users\BigotSmasher\Desktop\@Everything\quick-pt\SS-PT\tmp\worktrees\swan-coach-astra-owned-20260906\frontend\node_modules\react-router\dist\umd\react-router.development.js:1097:7)

[90mstderr[2m | src/components/DashBoard/Pages/coach-assistant/CoachCommandCenterPage.deskMount.test.tsx[2m > [22m[2mCoachCommandCenterPage session desk mount[2m > [22m[2mmounts the Session Desk (empty state) for staff roles on the talk surface
[22m[39mWarning: An update to CoachCommandCenterPage inside a test was not wrapped in act(...).

When testing, code that causes React state updates should be wrapped into act(...):

act(() => {
  /* fire events that update state */
});
/* assert on the output */

This ensures that you're testing the behavior the user would see in the browser. Learn more at https://reactjs.org/link/wrap-tests-with-act
    at CoachCommandCenterPage (C:/Users/BigotSmasher/Desktop/@Everything/quick-pt/SS-PT/tmp/worktrees/swan-coach-astra-owned-20260906/frontend/src/components/DashBoard/Pages/coach-assistant/CoachCommandCenterPage.tsx:42:117)
    at CoachSessionDraftProvider (C:/Users/BigotSmasher/Desktop/@Everything/quick-pt/SS-PT/tmp/worktrees/swan-coach-astra-owned-20260906/frontend/src/components/DashBoard/Pages/coach-assistant/CoachSessionDraftContext.tsx:15:38)
    at Router (C:\Users\BigotSmasher\Desktop\@Everything\quick-pt\SS-PT\tmp\worktrees\swan-coach-astra-owned-20260906\frontend\node_modules\react-router\dist\umd\react-router.development.js:1203:17)
    at MemoryRouter (C:\Users\BigotSmasher\Desktop\@Everything\quick-pt\SS-PT\tmp\worktrees\swan-coach-astra-owned-20260906\frontend\node_modules\react-router\dist\umd\react-router.development.js:1097:7)

[90mstderr[2m | src/components/DashBoard/Pages/coach-assistant/CoachCommandCenterPage.deskMount.test.tsx[2m > [22m[2mCoachCommandCenterPage session desk mount[2m > [22m[2mmounts the desk for trainer staff role as well
[22m[39mWarning: An update to CoachCommandCenterPage inside a test was not wrapped in act(...).

When testing, code that causes React state updates should be wrapped into act(...):

act(() => {
  /* fire events that update state */
});
/* assert on the output */

This ensures that you're testing the behavior the user would see in the browser. Learn more at https://reactjs.org/link/wrap-tests-with-act
    at CoachCommandCenterPage (C:/Users/BigotSmasher/Desktop/@Everything/quick-pt/SS-PT/tmp/worktrees/swan-coach-astra-owned-20260906/frontend/src/components/DashBoard/Pages/coach-assistant/CoachCommandCenterPage.tsx:42:117)
    at CoachSessionDraftProvider (C:/Users/BigotSmasher/Desktop/@Everything/quick-pt/SS-PT/tmp/worktrees/swan-coach-astra-owned-20260906/frontend/src/components/DashBoard/Pages/coach-assistant/CoachSessionDraftContext.tsx:15:38)
    at Router (C:\Users\BigotSmasher\Desktop\@Everything\quick-pt\SS-PT\tmp\worktrees\swan-coach-astra-owned-20260906\frontend\node_modules\react-router\dist\umd\react-router.development.js:1203:17)
    at MemoryRouter (C:\Users\BigotSmasher\Desktop\@Everything\quick-pt\SS-PT\tmp\worktrees\swan-coach-astra-owned-20260906\frontend\node_modules\react-router\dist\umd\react-router.development.js:1097:7)

[90mstderr[2m | src/components/DashBoard/Pages/coach-assistant/CoachCommandCenterPage.deskMount.test.tsx[2m > [22m[2mCoachCommandCenterPage session desk mount[2m > [22m[2mmounts the desk for trainer staff role as well
[22m[39mWarning: An update to CoachCommandCenterPage inside a test was not wrapped in act(...).

When testing, code that causes React state updates should be wrapped into act(...):

act(() => {
  /* fire events that update state */
});
/* assert on the output */

This ensures that you're testing the behavior the user would see in the browser. Learn more at https://reactjs.org/link/wrap-tests-with-act
    at CoachCommandCenterPage (C:/Users/BigotSmasher/Desktop/@Everything/quick-pt/SS-PT/tmp/worktrees/swan-coach-astra-owned-20260906/frontend/src/components/DashBoard/Pages/coach-assistant/CoachCommandCenterPage.tsx:42:117)
    at CoachSessionDraftProvider (C:/Users/BigotSmasher/Desktop/@Everything/quick-pt/SS-PT/tmp/worktrees/swan-coach-astra-owned-20260906/frontend/src/components/DashBoard/Pages/coach-assistant/CoachSessionDraftContext.tsx:15:38)
    at Router (C:\Users\BigotSmasher\Desktop\@Everything\quick-pt\SS-PT\tmp\worktrees\swan-coach-astra-owned-20260906\frontend\node_modules\react-router\dist\umd\react-router.development.js:1203:17)
    at MemoryRouter (C:\Users\BigotSmasher\Desktop\@Everything\quick-pt\SS-PT\tmp\worktrees\swan-coach-astra-owned-20260906\frontend\node_modules\react-router\dist\umd\react-router.development.js:1097:7)

[90mstderr[2m | src/components/DashBoard/Pages/coach-assistant/CoachCommandCenterPage.deskMount.test.tsx[2m > [22m[2mCoachCommandCenterPage session desk mount[2m > [22m[2mdoes not mount the desk in client mode (legacy transcript remains the only surface)
[22m[39mWarning: An update to CoachCommandCenterPage inside a test was not wrapped in act(...).

When testing, code that causes React state updates should be wrapped into act(...):

act(() => {
  /* fire events that update state */
});
/* assert on the output */

This ensures that you're testing the behavior the user would see in the browser. Learn more at https://reactjs.org/link/wrap-tests-with-act
    at CoachCommandCenterPage (C:/Users/BigotSmasher/Desktop/@Everything/quick-pt/SS-PT/tmp/worktrees/swan-coach-astra-owned-20260906/frontend/src/components/DashBoard/Pages/coach-assistant/CoachCommandCenterPage.tsx:42:117)
    at CoachSessionDraftProvider (C:/Users/BigotSmasher/Desktop/@Everything/quick-pt/SS-PT/tmp/worktrees/swan-coach-astra-owned-20260906/frontend/src/components/DashBoard/Pages/coach-assistant/CoachSessionDraftContext.tsx:15:38)
    at Router (C:\Users\BigotSmasher\Desktop\@Everything\quick-pt\SS-PT\tmp\worktrees\swan-coach-astra-owned-20260906\frontend\node_modules\react-router\dist\umd\react-router.development.js:1203:17)
    at MemoryRouter (C:\Users\BigotSmasher\Desktop\@Everything\quick-pt\SS-PT\tmp\worktrees\swan-coach-astra-owned-20260906\frontend\node_modules\react-router\dist\umd\react-router.development.js:1097:7)

[90mstderr[2m | src/components/DashBoard/Pages/coach-assistant/CoachCommandCenterPage.deskMount.test.tsx[2m > [22m[2mCoachCommandCenterPage session desk mount[2m > [22m[2mdoes not mount the desk in client mode (legacy transcript remains the only surface)
[22m[39mWarning: An update to CoachCommandCenterPage inside a test was not wrapped in act(...).

When testing, code that causes React state updates should be wrapped into act(...):

act(() => {
  /* fire events that update state */
});
/* assert on the output */

This ensures that you're testing the behavior the user would see in the browser. Learn more at https://reactjs.org/link/wrap-tests-with-act
    at CoachCommandCenterPage (C:/Users/BigotSmasher/Desktop/@Everything/quick-pt/SS-PT/tmp/worktrees/swan-coach-astra-owned-20260906/frontend/src/components/DashBoard/Pages/coach-assistant/CoachCommandCenterPage.tsx:42:117)
    at CoachSessionDraftProvider (C:/Users/BigotSmasher/Desktop/@Everything/quick-pt/SS-PT/tmp/worktrees/swan-coach-astra-owned-20260906/frontend/src/components/DashBoard/Pages/coach-assistant/CoachSessionDraftContext.tsx:15:38)
    at Router (C:\Users\BigotSmasher\Desktop\@Everything\quick-pt\SS-PT\tmp\worktrees\swan-coach-astra-owned-20260906\frontend\node_modules\react-router\dist\umd\react-router.development.js:1203:17)
    at MemoryRouter (C:\Users\BigotSmasher\Desktop\@Everything\quick-pt\SS-PT\tmp\worktrees\swan-coach-astra-owned-20260906\frontend\node_modules\react-router\dist\umd\react-router.development.js:1097:7)

 [32m✓[39m src/components/DashBoard/Pages/coach-assistant/CoachCommandCenterPage.deskMount.test.tsx [2m([22m[2m3 tests[22m[2m)[22m[33m 3118[2mms[22m[39m
     [33m[2m✓[22m[39m mounts the Session Desk (empty state) for staff roles on the talk surface [33m 3071[2mms[22m[39m
[90mstderr[2m | src/components/DashBoard/Pages/coach-assistant/CoachCommandCenterPage.shell.test.tsx[2m > [22m[2mCoachCommandCenterPage shell[2m > [22m[2mcloses the dock More menu with Escape and returns focus to the trigger
[22m[39mWarning: An update to CoachCommandCenterPage inside a test was not wrapped in act(...).

When testing, code that causes React state updates should be wrapped into act(...):

act(() => {
  /* fire events that update state */
});
/* assert on the output */

This ensures that you're testing the behavior the user would see in the browser. Learn more at https://reactjs.org/link/wrap-tests-with-act
    at CoachCommandCenterPage (C:/Users/BigotSmasher/Desktop/@Everything/quick-pt/SS-PT/tmp/worktrees/swan-coach-astra-owned-20260906/frontend/src/components/DashBoard/Pages/coach-assistant/CoachCommandCenterPage.tsx:42:117)
    at CoachSessionDraftProvider (C:/Users/BigotSmasher/Desktop/@Everything/quick-pt/SS-PT/tmp/worktrees/swan-coach-astra-owned-20260906/frontend/src/components/DashBoard/Pages/coach-assistant/CoachSessionDraftContext.tsx:15:38)
    at Router (C:\Users\BigotSmasher\Desktop\@Everything\quick-pt\SS-PT\tmp\worktrees\swan-coach-astra-owned-20260906\frontend\node_modules\react-router\dist\umd\react-router.development.js:1203:17)
    at MemoryRouter (C:\Users\BigotSmasher\Desktop\@Everything\quick-pt\SS-PT\tmp\worktrees\swan-coach-astra-owned-20260906\frontend\node_modules\react-router\dist\umd\react-router.development.js:1097:7)

[90mstderr[2m | src/components/DashBoard/Pages/coach-assistant/CoachCommandCenterPage.shell.test.tsx[2m > [22m[2mCoachCommandCenterPage shell[2m > [22m[2mcloses the dock More menu with Escape and returns focus to the trigger
[22m[39mWarning: An update to CoachCommandCenterPage inside a test was not wrapped in act(...).

When testing, code that causes React state updates should be wrapped into act(...):

act(() => {
  /* fire events that update state */
});
/* assert on the output */

This ensures that you're testing the behavior the user would see in the browser. Learn more at https://reactjs.org/link/wrap-tests-with-act
    at CoachCommandCenterPage (C:/Users/BigotSmasher/Desktop/@Everything/quick-pt/SS-PT/tmp/worktrees/swan-coach-astra-owned-20260906/frontend/src/components/DashBoard/Pages/coach-assistant/CoachCommandCenterPage.tsx:42:117)
    at CoachSessionDraftProvider (C:/Users/BigotSmasher/Desktop/@Everything/quick-pt/SS-PT/tmp/worktrees/swan-coach-astra-owned-20260906/frontend/src/components/DashBoard/Pages/coach-assistant/CoachSessionDraftContext.tsx:15:38)
    at Router (C:\Users\BigotSmasher\Desktop\@Everything\quick-pt\SS-PT\tmp\worktrees\swan-coach-astra-owned-20260906\frontend\node_modules\react-router\dist\umd\react-router.development.js:1203:17)
    at MemoryRouter (C:\Users\BigotSmasher\Desktop\@Everything\quick-pt\SS-PT\tmp\worktrees\swan-coach-astra-owned-20260906\frontend\node_modules\react-router\dist\umd\react-router.development.js:1097:7)

 [32m✓[39m src/components/DashBoard/Pages/trainer-dashboard/TrainerInterventionQueue.test.tsx [2m([22m[2m5 tests[22m[2m)[22m[32m 282[2mms[22m[39m
[90mstderr[2m | src/components/DashBoard/Pages/coach-assistant/CoachCommandCenterPage.keyboard.test.tsx[2m > [22m[2mCoachCommandCenterPage keyboard submit[2m > [22m[2mcloses the dock More menu from a window Escape when touch focus stays on the trigger
[22m[39mWarning: An update to CoachCommandCenterPage inside a test was not wrapped in act(...).

When testing, code that causes React state updates should be wrapped into act(...):

act(() => {
  /* fire events that update state */
});
/* assert on the output */

This ensures that you're testing the behavior the user would see in the browser. Learn more at https://reactjs.org/link/wrap-tests-with-act
    at CoachCommandCenterPage (C:/Users/BigotSmasher/Desktop/@Everything/quick-pt/SS-PT/tmp/worktrees/swan-coach-astra-owned-20260906/frontend/src/components/DashBoard/Pages/coach-assistant/CoachCommandCenterPage.tsx:42:117)
    at CoachSessionDraftProvider (C:/Users/BigotSmasher/Desktop/@Everything/quick-pt/SS-PT/tmp/worktrees/swan-coach-astra-owned-20260906/frontend/src/components/DashBoard/Pages/coach-assistant/CoachSessionDraftContext.tsx:15:38)
    at Router (C:\Users\BigotSmasher\Desktop\@Everything\quick-pt\SS-PT\tmp\worktrees\swan-coach-astra-owned-20260906\frontend\node_modules\react-router\dist\umd\react-router.development.js:1203:17)
    at MemoryRouter (C:\Users\BigotSmasher\Desktop\@Everything\quick-pt\SS-PT\tmp\worktrees\swan-coach-astra-owned-20260906\frontend\node_modules\react-router\dist\umd\react-router.development.js:1097:7)

[90mstderr[2m | src/components/DashBoard/Pages/coach-assistant/CoachCommandCenterPage.keyboard.test.tsx[2m > [22m[2mCoachCommandCenterPage keyboard submit[2m > [22m[2mcloses the dock More menu from a window Escape when touch focus stays on the trigger
[22m[39mWarning: An update to CoachCommandCenterPage inside a test was not wrapped in act(...).

When testing, code that causes React state updates should be wrapped into act(...):

act(() => {
  /* fire events that update state */
});
/* assert on the output */

This ensures that you're testing the behavior the user would see in the browser. Learn more at https://reactjs.org/link/wrap-tests-with-act
    at CoachCommandCenterPage (C:/Users/BigotSmasher/Desktop/@Everything/quick-pt/SS-PT/tmp/worktrees/swan-coach-astra-owned-20260906/frontend/src/components/DashBoard/Pages/coach-assistant/CoachCommandCenterPage.tsx:42:117)
    at CoachSessionDraftProvider (C:/Users/BigotSmasher/Desktop/@Everything/quick-pt/SS-PT/tmp/worktrees/swan-coach-astra-owned-20260906/frontend/src/components/DashBoard/Pages/coach-assistant/CoachSessionDraftContext.tsx:15:38)
    at Router (C:\Users\BigotSmasher\Desktop\@Everything\quick-pt\SS-PT\tmp\worktrees\swan-coach-astra-owned-20260906\frontend\node_modules\react-router\dist\umd\react-router.development.js:1203:17)
    at MemoryRouter (C:\Users\BigotSmasher\Desktop\@Everything\quick-pt\SS-PT\tmp\worktrees\swan-coach-astra-owned-20260906\frontend\node_modules\react-router\dist\umd\react-router.development.js:1097:7)

 [32m✓[39m src/components/DashBoard/Pages/content-studio/storageMeter.logic.test.ts [2m([22m[2m14 tests[22m[2m)[22m[32m 6[2mms[22m[39m
[90mstderr[2m | src/components/DashBoard/Pages/coach-assistant/CoachCommandCenterClientMode.test.tsx[2m > [22m[2mCoachCommandCenterPage client mode[2m > [22m[2mnever exposes an operator Review action that can blank the client workspace
[22m[39mWarning: An update to CoachCommandCenterPage inside a test was not wrapped in act(...).

When testing, code that causes React state updates should be wrapped into act(...):

act(() => {
  /* fire events that update state */
});
/* assert on the output */

This ensures that you're testing the behavior the user would see in the browser. Learn more at https://reactjs.org/link/wrap-tests-with-act
    at CoachCommandCenterPage (C:/Users/BigotSmasher/Desktop/@Everything/quick-pt/SS-PT/tmp/worktrees/swan-coach-astra-owned-20260906/frontend/src/components/DashBoard/Pages/coach-assistant/CoachCommandCenterPage.tsx:42:117)
    at CoachSessionDraftProvider (C:/Users/BigotSmasher/Desktop/@Everything/quick-pt/SS-PT/tmp/worktrees/swan-coach-astra-owned-20260906/frontend/src/components/DashBoard/Pages/coach-assistant/CoachSessionDraftContext.tsx:15:38)
    at Router (C:\Users\BigotSmasher\Desktop\@Everything\quick-pt\SS-PT\tmp\worktrees\swan-coach-astra-owned-20260906\frontend\node_modules\react-router\dist\umd\react-router.development.js:1203:17)
    at MemoryRouter (C:\Users\BigotSmasher\Desktop\@Everything\quick-pt\SS-PT\tmp\worktrees\swan-coach-astra-owned-20260906\frontend\node_modules\react-router\dist\umd\react-router.development.js:1097:7)

[90mstderr[2m | src/components/DashBoard/Pages/coach-assistant/CoachCommandCenterClientMode.test.tsx[2m > [22m[2mCoachCommandCenterPage client mode[2m > [22m[2mnever exposes an operator Review action that can blank the client workspace
[22m[39mWarning: An update to CoachCommandCenterPage inside a test was not wrapped in act(...).

When testing, code that causes React state updates should be wrapped into act(...):

act(() => {
  /* fire events that update state */
});
/* assert on the output */

This ensures that you're testing the behavior the user would see in the browser. Learn more at https://reactjs.org/link/wrap-tests-with-act
    at CoachCommandCenterPage (C:/Users/BigotSmasher/Desktop/@Everything/quick-pt/SS-PT/tmp/worktrees/swan-coach-astra-owned-20260906/frontend/src/components/DashBoard/Pages/coach-assistant/CoachCommandCenterPage.tsx:42:117)
    at CoachSessionDraftProvider (C:/Users/BigotSmasher/Desktop/@Everything/quick-pt/SS-PT/tmp/worktrees/swan-coach-astra-owned-20260906/frontend/src/components/DashBoard/Pages/coach-assistant/CoachSessionDraftContext.tsx:15:38)
    at Router (C:\Users\BigotSmasher\Desktop\@Everything\quick-pt\SS-PT\tmp\worktrees\swan-coach-astra-owned-20260906\frontend\node_modules\react-router\dist\umd\react-router.development.js:1203:17)
    at MemoryRouter (C:\Users\BigotSmasher\Desktop\@Everything\quick-pt\SS-PT\tmp\worktrees\swan-coach-astra-owned-20260906\frontend\node_modules\react-router\dist\umd\react-router.development.js:1097:7)

 [32m✓[39m src/components/DashBoard/Pages/trainer-dashboard/TrainerEarningsPage.test.tsx [2m([22m[2m5 tests[22m[2m)[22m[33m 319[2mms[22m[39m
[90mstderr[2m | src/components/DashBoard/Pages/coach-assistant/CoachCommandCenterPage.threadIdentity.test.tsx[2m > [22m[2mCoachCommandCenterPage thread identity[2m > [22m[2mcarries thread-history provenance as message timestamps, not noise pills
[22m[39mWarning: An update to CoachCommandCenterPage inside a test was not wrapped in act(...).

When testing, code that causes React state updates should be wrapped into act(...):

act(() => {
  /* fire events that update state */
});
/* assert on the output */

This ensures that you're testing the behavior the user would see in the browser. Learn more at https://reactjs.org/link/wrap-tests-with-act
    at CoachCommandCenterPage (C:/Users/BigotSmasher/Desktop/@Everything/quick-pt/SS-PT/tmp/worktrees/swan-coach-astra-owned-20260906/frontend/src/components/DashBoard/Pages/coach-assistant/CoachCommandCenterPage.tsx:42:117)
    at CoachSessionDraftProvider (C:/Users/BigotSmasher/Desktop/@Everything/quick-pt/SS-PT/tmp/worktrees/swan-coach-astra-owned-20260906/frontend/src/components/DashBoard/Pages/coach-assistant/CoachSessionDraftContext.tsx:15:38)
    at Router (C:\Users\BigotSmasher\Desktop\@Everything\quick-pt\SS-PT\tmp\worktrees\swan-coach-astra-owned-20260906\frontend\node_modules\react-router\dist\umd\react-router.development.js:1203:17)
    at MemoryRouter (C:\Users\BigotSmasher\Desktop\@Everything\quick-pt\SS-PT\tmp\worktrees\swan-coach-astra-owned-20260906\frontend\node_modules\react-router\dist\umd\react-router.development.js:1097:7)

[90mstderr[2m | src/components/DashBoard/Pages/coach-assistant/CoachCommandCenterClientMode.test.tsx[2m > [22m[2mCoachCommandCenterPage client mode[2m > [22m[2mkeeps the client History rail free of staff-only route and approval copy
[22m[39mWarning: An update to CoachCommandCenterPage inside a test was not wrapped in act(...).

When testing, code that causes React state updates should be wrapped into act(...):

act(() => {
  /* fire events that update state */
});
/* assert on the output */

This ensures that you're testing the behavior the user would see in the browser. Learn more at https://reactjs.org/link/wrap-tests-with-act
    at CoachCommandCenterPage (C:/Users/BigotSmasher/Desktop/@Everything/quick-pt/SS-PT/tmp/worktrees/swan-coach-astra-owned-20260906/frontend/src/components/DashBoard/Pages/coach-assistant/CoachCommandCenterPage.tsx:42:117)
    at CoachSessionDraftProvider (C:/Users/BigotSmasher/Desktop/@Everything/quick-pt/SS-PT/tmp/worktrees/swan-coach-astra-owned-20260906/frontend/src/components/DashBoard/Pages/coach-assistant/CoachSessionDraftContext.tsx:15:38)
    at Router (C:\Users\BigotSmasher\Desktop\@Everything\quick-pt\SS-PT\tmp\worktrees\swan-coach-astra-owned-20260906\frontend\node_modules\react-router\dist\umd\react-router.development.js:1203:17)
    at MemoryRouter (C:\Users\BigotSmasher\Desktop\@Everything\quick-pt\SS-PT\tmp\worktrees\swan-coach-astra-owned-20260906\frontend\node_modules\react-router\dist\umd\react-router.development.js:1097:7)

[90mstderr[2m | src/components/DashBoard/Pages/coach-assistant/CoachCommandCenterPage.threadIdentity.test.tsx[2m > [22m[2mCoachCommandCenterPage thread identity[2m > [22m[2mcarries thread-history provenance as message timestamps, not noise pills
[22m[39mWarning: An update to CoachCommandCenterPage inside a test was not wrapped in act(...).

When testing, code that causes React state updates should be wrapped into act(...):

act(() => {
  /* fire events that update state */
});
/* assert on the output */

This ensures that you're testing the behavior the user would see in the browser. Learn more at https://reactjs.org/link/wrap-tests-with-act
    at CoachCommandCenterPage (C:/Users/BigotSmasher/Desktop/@Everything/quick-pt/SS-PT/tmp/worktrees/swan-coach-astra-owned-20260906/frontend/src/components/DashBoard/Pages/coach-assistant/CoachCommandCenterPage.tsx:42:117)
    at CoachSessionDraftProvider (C:/Users/BigotSmasher/Desktop/@Everything/quick-pt/SS-PT/tmp/worktrees/swan-coach-astra-owned-20260906/frontend/src/components/DashBoard/Pages/coach-assistant/CoachSessionDraftContext.tsx:15:38)
    at Router (C:\Users\BigotSmasher\Desktop\@Everything\quick-pt\SS-PT\tmp\worktrees\swan-coach-astra-owned-20260906\frontend\node_modules\react-router\dist\umd\react-router.development.js:1203:17)
    at MemoryRouter (C:\Users\BigotSmasher\Desktop\@Everything\quick-pt\SS-PT\tmp\worktrees\swan-coach-astra-owned-20260906\frontend\node_modules\react-router\dist\umd\react-router.development.js:1097:7)

[90mstderr[2m | src/components/DashBoard/Pages/coach-assistant/CoachCommandCenterClientMode.test.tsx[2m > [22m[2mCoachCommandCenterPage client mode[2m > [22m[2mkeeps the client History rail free of staff-only route and approval copy
[22m[39mWarning: An update to CoachCommandCenterPage inside a test was not wrapped in act(...).

When testing, code that causes React state updates should be wrapped into act(...):

act(() => {
  /* fire events that update state */
});
/* assert on the output */

This ensures that you're testing the behavior the user would see in the browser. Learn more at https://reactjs.org/link/wrap-tests-with-act
    at CoachCommandCenterPage (C:/Users/BigotSmasher/Desktop/@Everything/quick-pt/SS-PT/tmp/worktrees/swan-coach-astra-owned-20260906/frontend/src/components/DashBoard/Pages/coach-assistant/CoachCommandCenterPage.tsx:42:117)
    at CoachSessionDraftProvider (C:/Users/BigotSmasher/Desktop/@Everything/quick-pt/SS-PT/tmp/worktrees/swan-coach-astra-owned-20260906/frontend/src/components/DashBoard/Pages/coach-assistant/CoachSessionDraftContext.tsx:15:38)
    at Router (C:\Users\BigotSmasher\Desktop\@Everything\quick-pt\SS-PT\tmp\worktrees\swan-coach-astra-owned-20260906\frontend\node_modules\react-router\dist\umd\react-router.development.js:1203:17)
    at MemoryRouter (C:\Users\BigotSmasher\Desktop\@Everything\quick-pt\SS-PT\tmp\worktrees\swan-coach-astra-owned-20260906\frontend\node_modules\react-router\dist\umd\react-router.development.js:1097:7)

 [32m✓[39m src/components/DashBoard/Pages/coach-assistant/CoachCommandCenterPage.threadIdentity.test.tsx [2m([22m[2m3 tests[22m[2m)[22m[33m 3519[2mms[22m[39m
     [33m[2m✓[22m[39m opens a history thread with an explicit active-thread identity header [33m 3225[2mms[22m[39m
[90mstderr[2m | src/components/DashBoard/Pages/coach-assistant/CoachCommandCenterOpsDrawer.test.tsx[2m > [22m[2mCoachCommandCenterPage Operations drawer[2m > [22m[2mdoes not focus a hidden operations drawer when an action closes before initial focus lands
[22m[39mWarning: An update to CoachCommandCenterPage inside a test was not wrapped in act(...).

When testing, code that causes React state updates should be wrapped into act(...):

act(() => {
  /* fire events that update state */
});
/* assert on the output */

This ensures that you're testing the behavior the user would see in the browser. Learn more at https://reactjs.org/link/wrap-tests-with-act
    at CoachCommandCenterPage (C:/Users/BigotSmasher/Desktop/@Everything/quick-pt/SS-PT/tmp/worktrees/swan-coach-astra-owned-20260906/frontend/src/components/DashBoard/Pages/coach-assistant/CoachCommandCenterPage.tsx:42:117)
    at CoachSessionDraftProvider (C:/Users/BigotSmasher/Desktop/@Everything/quick-pt/SS-PT/tmp/worktrees/swan-coach-astra-owned-20260906/frontend/src/components/DashBoard/Pages/coach-assistant/CoachSessionDraftContext.tsx:15:38)
    at Router (C:\Users\BigotSmasher\Desktop\@Everything\quick-pt\SS-PT\tmp\worktrees\swan-coach-astra-owned-20260906\frontend\node_modules\react-router\dist\umd\react-router.development.js:1203:17)
    at MemoryRouter (C:\Users\BigotSmasher\Desktop\@Everything\quick-pt\SS-PT\tmp\worktrees\swan-coach-astra-owned-20260906\frontend\node_modules\react-router\dist\umd\react-router.development.js:1097:7)

[90mstderr[2m | src/components/DashBoard/Pages/coach-assistant/CoachCommandCenterOpsDrawer.test.tsx[2m > [22m[2mCoachCommandCenterPage Operations drawer[2m > [22m[2mdoes not focus a hidden operations drawer when an action closes before initial focus lands
[22m[39mWarning: An update to CoachCommandCenterPage inside a test was not wrapped in act(...).

When testing, code that causes React state updates should be wrapped into act(...):

act(() => {
  /* fire events that update state */
});
/* assert on the output */

This ensures that you're testing the behavior the user would see in the browser. Learn more at https://reactjs.org/link/wrap-tests-with-act
    at CoachCommandCenterPage (C:/Users/BigotSmasher/Desktop/@Everything/quick-pt/SS-PT/tmp/worktrees/swan-coach-astra-owned-20260906/frontend/src/components/DashBoard/Pages/coach-assistant/CoachCommandCenterPage.tsx:42:117)
    at CoachSessionDraftProvider (C:/Users/BigotSmasher/Desktop/@Everything/quick-pt/SS-PT/tmp/worktrees/swan-coach-astra-owned-20260906/frontend/src/components/DashBoard/Pages/coach-assistant/CoachSessionDraftContext.tsx:15:38)
    at Router (C:\Users\BigotSmasher\Desktop\@Everything\quick-pt\SS-PT\tmp\worktrees\swan-coach-astra-owned-20260906\frontend\node_modules\react-router\dist\umd\react-router.development.js:1203:17)
    at MemoryRouter (C:\Users\BigotSmasher\Desktop\@Everything\quick-pt\SS-PT\tmp\worktrees\swan-coach-astra-owned-20260906\frontend\node_modules\react-router\dist\umd\react-router.development.js:1097:7)

 [32m✓[39m src/components/DashBoard/Pages/coach-assistant/CoachCommandCenterDrawerResize.test.tsx [2m([22m[2m2 tests[22m[2m)[22m[33m 3480[2mms[22m[39m
     [33m[2m✓[22m[39m updates the closed operations rail when the viewport crosses the desktop breakpoint [33m 2984[2mms[22m[39m
     [33m[2m✓[22m[39m re-inlines an open mobile drawer and releases its focus trap on desktop [33m 493[2mms[22m[39m
[90mstderr[2m | src/components/DashBoard/Pages/coach-assistant/CoachCommandCenterClientMode.test.tsx[2m > [22m[2mCoachCommandCenterPage client mode[2m > [22m[2mlabels the composer and disables an empty no-op send
[22m[39mWarning: An update to CoachCommandCenterPage inside a test was not wrapped in act(...).

When testing, code that causes React state updates should be wrapped into act(...):

act(() => {
  /* fire events that update state */
});
/* assert on the output */

This ensures that you're testing the behavior the user would see in the browser. Learn more at https://reactjs.org/link/wrap-tests-with-act
    at CoachCommandCenterPage (C:/Users/BigotSmasher/Desktop/@Everything/quick-pt/SS-PT/tmp/worktrees/swan-coach-astra-owned-20260906/frontend/src/components/DashBoard/Pages/coach-assistant/CoachCommandCenterPage.tsx:42:117)
    at CoachSessionDraftProvider (C:/Users/BigotSmasher/Desktop/@Everything/quick-pt/SS-PT/tmp/worktrees/swan-coach-astra-owned-20260906/frontend/src/components/DashBoard/Pages/coach-assistant/CoachSessionDraftContext.tsx:15:38)
    at Router (C:\Users\BigotSmasher\Desktop\@Everything\quick-pt\SS-PT\tmp\worktrees\swan-coach-astra-owned-20260906\frontend\node_modules\react-router\dist\umd\react-router.development.js:1203:17)
    at MemoryRouter (C:\Users\BigotSmasher\Desktop\@Everything\quick-pt\SS-PT\tmp\worktrees\swan-coach-astra-owned-20260906\frontend\node_modules\react-router\dist\umd\react-router.development.js:1097:7)

[90mstderr[2m | src/components/DashBoard/Pages/coach-assistant/CoachCommandCenterClientMode.test.tsx[2m > [22m[2mCoachCommandCenterPage client mode[2m > [22m[2mlabels the composer and disables an empty no-op send
[22m[39mWarning: An update to CoachCommandCenterPage inside a test was not wrapped in act(...).

When testing, code that causes React state updates should be wrapped into act(...):

act(() => {
  /* fire events that update state */
});
/* assert on the output */

This ensures that you're testing the behavior the user would see in the browser. Learn more at https://reactjs.org/link/wrap-tests-with-act
    at CoachCommandCenterPage (C:/Users/BigotSmasher/Desktop/@Everything/quick-pt/SS-PT/tmp/worktrees/swan-coach-astra-owned-20260906/frontend/src/components/DashBoard/Pages/coach-assistant/CoachCommandCenterPage.tsx:42:117)
    at CoachSessionDraftProvider (C:/Users/BigotSmasher/Desktop/@Everything/quick-pt/SS-PT/tmp/worktrees/swan-coach-astra-owned-20260906/frontend/src/components/DashBoard/Pages/coach-assistant/CoachSessionDraftContext.tsx:15:38)
    at Router (C:\Users\BigotSmasher\Desktop\@Everything\quick-pt\SS-PT\tmp\worktrees\swan-coach-astra-owned-20260906\frontend\node_modules\react-router\dist\umd\react-router.development.js:1203:17)
    at MemoryRouter (C:\Users\BigotSmasher\Desktop\@Everything\quick-pt\SS-PT\tmp\worktrees\swan-coach-astra-owned-20260906\frontend\node_modules\react-router\dist\umd\react-router.development.js:1097:7)

[90mstderr[2m | src/components/DashBoard/Pages/coach-assistant/CoachCommandCenterPinnedClient.test.tsx[2m > [22m[2mCoachCommandCenter pinned client[2m > [22m[2mdoes not expose main-client controls in client self-service mode
[22m[39mWarning: An update to CoachCommandCenterPage inside a test was not wrapped in act(...).

When testing, code that causes React state updates should be wrapped into act(...):

act(() => {
  /* fire events that update state */
});
/* assert on the output */

This ensures that you're testing the behavior the user would see in the browser. Learn more at https://reactjs.org/link/wrap-tests-with-act
    at CoachCommandCenterPage (C:/Users/BigotSmasher/Desktop/@Everything/quick-pt/SS-PT/tmp/worktrees/swan-coach-astra-owned-20260906/frontend/src/components/DashBoard/Pages/coach-assistant/CoachCommandCenterPage.tsx:42:117)
    at CoachSessionDraftProvider (C:/Users/BigotSmasher/Desktop/@Everything/quick-pt/SS-PT/tmp/worktrees/swan-coach-astra-owned-20260906/frontend/src/components/DashBoard/Pages/coach-assistant/CoachSessionDraftContext.tsx:15:38)
    at Router (C:\Users\BigotSmasher\Desktop\@Everything\quick-pt\SS-PT\tmp\worktrees\swan-coach-astra-owned-20260906\frontend\node_modules\react-router\dist\umd\react-router.development.js:1203:17)
    at MemoryRouter (C:\Users\BigotSmasher\Desktop\@Everything\quick-pt\SS-PT\tmp\worktrees\swan-coach-astra-owned-20260906\frontend\node_modules\react-router\dist\umd\react-router.development.js:1097:7)

[90mstderr[2m | src/components/DashBoard/Pages/coach-assistant/CoachCommandCenterPinnedClient.test.tsx[2m > [22m[2mCoachCommandCenter pinned client[2m > [22m[2mdoes not expose main-client controls in client self-service mode
[22m[39mWarning: An update to CoachCommandCenterPage inside a test was not wrapped in act(...).

When testing, code that causes React state updates should be wrapped into act(...):

act(() => {
  /* fire events that update state */
});
/* assert on the output */

This ensures that you're testing the behavior the user would see in the browser. Learn more at https://reactjs.org/link/wrap-tests-with-act
    at CoachCommandCenterPage (C:/Users/BigotSmasher/Desktop/@Everything/quick-pt/SS-PT/tmp/worktrees/swan-coach-astra-owned-20260906/frontend/src/components/DashBoard/Pages/coach-assistant/CoachCommandCenterPage.tsx:42:117)
    at CoachSessionDraftProvider (C:/Users/BigotSmasher/Desktop/@Everything/quick-pt/SS-PT/tmp/worktrees/swan-coach-astra-owned-20260906/frontend/src/components/DashBoard/Pages/coach-assistant/CoachSessionDraftContext.tsx:15:38)
    at Router (C:\Users\BigotSmasher\Desktop\@Everything\quick-pt\SS-PT\tmp\worktrees\swan-coach-astra-owned-20260906\frontend\node_modules\react-router\dist\umd\react-router.development.js:1203:17)
    at MemoryRouter (C:\Users\BigotSmasher\Desktop\@Everything\quick-pt\SS-PT\tmp\worktrees\swan-coach-astra-owned-20260906\frontend\node_modules\react-router\dist\umd\react-router.development.js:1097:7)

 [32m✓[39m src/components/DashBoard/Pages/coach-assistant/CoachCommandCenterPinnedClient.test.tsx [2m([22m[2m2 tests[22m[2m)[22m[33m 3651[2mms[22m[39m
     [33m[2m✓[22m[39m pins a selected client and starts an isolated client-bound conversation [33m 3613[2mms[22m[39m
[90mstderr[2m | src/components/DashBoard/Pages/coach-assistant/CoachCommandCenterOpsDrawer.test.tsx[2m > [22m[2mCoachCommandCenterPage Operations drawer[2m > [22m[2muses the unified Coach intake queue and reaches the embedded PLAUD merge workflow
[22m[39mWarning: An update to CoachCommandCenterPage inside a test was not wrapped in act(...).

When testing, code that causes React state updates should be wrapped into act(...):

act(() => {
  /* fire events that update state */
});
/* assert on the output */

This ensures that you're testing the behavior the user would see in the browser. Learn more at https://reactjs.org/link/wrap-tests-with-act
    at CoachCommandCenterPage (C:/Users/BigotSmasher/Desktop/@Everything/quick-pt/SS-PT/tmp/worktrees/swan-coach-astra-owned-20260906/frontend/src/components/DashBoard/Pages/coach-assistant/CoachCommandCenterPage.tsx:42:117)
    at CoachSessionDraftProvider (C:/Users/BigotSmasher/Desktop/@Everything/quick-pt/SS-PT/tmp/worktrees/swan-coach-astra-owned-20260906/frontend/src/components/DashBoard/Pages/coach-assistant/CoachSessionDraftContext.tsx:15:38)
    at Router (C:\Users\BigotSmasher\Desktop\@Everything\quick-pt\SS-PT\tmp\worktrees\swan-coach-astra-owned-20260906\frontend\node_modules\react-router\dist\umd\react-router.development.js:1203:17)
    at MemoryRouter (C:\Users\BigotSmasher\Desktop\@Everything\quick-pt\SS-PT\tmp\worktrees\swan-coach-astra-owned-20260906\frontend\node_modules\react-router\dist\umd\react-router.development.js:1097:7)

[90mstderr[2m | src/components/DashBoard/Pages/coach-assistant/CoachCommandCenterOpsDrawer.test.tsx[2m > [22m[2mCoachCommandCenterPage Operations drawer[2m > [22m[2muses the unified Coach intake queue and reaches the embedded PLAUD merge workflow
[22m[39mWarning: An update to CoachCommandCenterPage inside a test was not wrapped in act(...).

When testing, code that causes React state updates should be wrapped into act(...):

act(() => {
  /* fire events that update state */
});
/* assert on the output */

This ensures that you're testing the behavior the user would see in the browser. Learn more at https://reactjs.org/link/wrap-tests-with-act
    at CoachCommandCenterPage (C:/Users/BigotSmasher/Desktop/@Everything/quick-pt/SS-PT/tmp/worktrees/swan-coach-astra-owned-20260906/frontend/src/components/DashBoard/Pages/coach-assistant/CoachCommandCenterPage.tsx:42:117)
    at CoachSessionDraftProvider (C:/Users/BigotSmasher/Desktop/@Everything/quick-pt/SS-PT/tmp/worktrees/swan-coach-astra-owned-20260906/frontend/src/components/DashBoard/Pages/coach-assistant/CoachSessionDraftContext.tsx:15:38)
    at Router (C:\Users\BigotSmasher\Desktop\@Everything\quick-pt\SS-PT\tmp\worktrees\swan-coach-astra-owned-20260906\frontend\node_modules\react-router\dist\umd\react-router.development.js:1203:17)
    at MemoryRouter (C:\Users\BigotSmasher\Desktop\@Everything\quick-pt\SS-PT\tmp\worktrees\swan-coach-astra-owned-20260906\frontend\node_modules\react-router\dist\umd\react-router.development.js:1097:7)

[90mstderr[2m | src/components/DashBoard/Pages/coach-assistant/CoachCommandCenterClientMode.test.tsx[2m > [22m[2mCoachCommandCenterPage client mode[2m > [22m[2mkeeps the composer typeable but blocks submit while Swan Coach is processing a request
[22m[39mWarning: An update to CoachCommandCenterPage inside a test was not wrapped in act(...).

When testing, code that causes React state updates should be wrapped into act(...):

act(() => {
  /* fire events that update state */
});
/* assert on the output */

This ensures that you're testing the behavior the user would see in the browser. Learn more at https://reactjs.org/link/wrap-tests-with-act
    at CoachCommandCenterPage (C:/Users/BigotSmasher/Desktop/@Everything/quick-pt/SS-PT/tmp/worktrees/swan-coach-astra-owned-20260906/frontend/src/components/DashBoard/Pages/coach-assistant/CoachCommandCenterPage.tsx:42:117)
    at CoachSessionDraftProvider (C:/Users/BigotSmasher/Desktop/@Everything/quick-pt/SS-PT/tmp/worktrees/swan-coach-astra-owned-20260906/frontend/src/components/DashBoard/Pages/coach-assistant/CoachSessionDraftContext.tsx:15:38)
    at Router (C:\Users\BigotSmasher\Desktop\@Everything\quick-pt\SS-PT\tmp\worktrees\swan-coach-astra-owned-20260906\frontend\node_modules\react-router\dist\umd\react-router.development.js:1203:17)
    at MemoryRouter (C:\Users\BigotSmasher\Desktop\@Everything\quick-pt\SS-PT\tmp\worktrees\swan-coach-astra-owned-20260906\frontend\node_modules\react-router\dist\umd\react-router.development.js:1097:7)

[90mstderr[2m | src/components/DashBoard/Pages/coach-assistant/CoachCommandCenterClientMode.test.tsx[2m > [22m[2mCoachCommandCenterPage client mode[2m > [22m[2mkeeps the composer typeable but blocks submit while Swan Coach is processing a request
[22m[39mWarning: An update to CoachCommandCenterPage inside a test was not wrapped in act(...).

When testing, code that causes React state updates should be wrapped into act(...):

act(() => {
  /* fire events that update state */
});
/* assert on the output */

This ensures that you're testing the behavior the user would see in the browser. Learn more at https://reactjs.org/link/wrap-tests-with-act
    at CoachCommandCenterPage (C:/Users/BigotSmasher/Desktop/@Everything/quick-pt/SS-PT/tmp/worktrees/swan-coach-astra-owned-20260906/frontend/src/components/DashBoard/Pages/coach-assistant/CoachCommandCenterPage.tsx:42:117)
    at CoachSessionDraftProvider (C:/Users/BigotSmasher/Desktop/@Everything/quick-pt/SS-PT/tmp/worktrees/swan-coach-astra-owned-20260906/frontend/src/components/DashBoard/Pages/coach-assistant/CoachSessionDraftContext.tsx:15:38)
    at Router (C:\Users\BigotSmasher\Desktop\@Everything\quick-pt\SS-PT\tmp\worktrees\swan-coach-astra-owned-20260906\frontend\node_modules\react-router\dist\umd\react-router.development.js:1203:17)
    at MemoryRouter (C:\Users\BigotSmasher\Desktop\@Everything\quick-pt\SS-PT\tmp\worktrees\swan-coach-astra-owned-20260906\frontend\node_modules\react-router\dist\umd\react-router.development.js:1097:7)

[90mstderr[2m | src/components/DashBoard/Pages/coach-assistant/CoachCommandCenterDeepLinkMatrix.test.tsx[2m > [22m[2mCoachCommandCenterPage deep-link matrix[2m > [22m[2mroutes review next PLAUD to /dashboard/admin/coach-assistant?review=next
[22m[39mWarning: An update to CoachCommandCenterPage inside a test was not wrapped in act(...).

When testing, code that causes React state updates should be wrapped into act(...):

act(() => {
  /* fire events that update state */
});
/* assert on the output */

This ensures that you're testing the behavior the user would see in the browser. Learn more at https://reactjs.org/link/wrap-tests-with-act
    at CoachCommandCenterPage (C:/Users/BigotSmasher/Desktop/@Everything/quick-pt/SS-PT/tmp/worktrees/swan-coach-astra-owned-20260906/frontend/src/components/DashBoard/Pages/coach-assistant/CoachCommandCenterPage.tsx:42:117)
    at CoachSessionDraftProvider (C:/Users/BigotSmasher/Desktop/@Everything/quick-pt/SS-PT/tmp/worktrees/swan-coach-astra-owned-20260906/frontend/src/components/DashBoard/Pages/coach-assistant/CoachSessionDraftContext.tsx:15:38)
    at Router (C:\Users\BigotSmasher\Desktop\@Everything\quick-pt\SS-PT\tmp\worktrees\swan-coach-astra-owned-20260906\frontend\node_modules\react-router\dist\umd\react-router.development.js:1203:17)
    at MemoryRouter (C:\Users\BigotSmasher\Desktop\@Everything\quick-pt\SS-PT\tmp\worktrees\swan-coach-astra-owned-20260906\frontend\node_modules\react-router\dist\umd\react-router.development.js:1097:7)

[90mstderr[2m | src/components/DashBoard/Pages/coach-assistant/CoachCommandCenterDeepLinkMatrix.test.tsx[2m > [22m[2mCoachCommandCenterPage deep-link matrix[2m > [22m[2mroutes review next PLAUD to /dashboard/admin/coach-assistant?review=next
[22m[39mWarning: An update to CoachCommandCenterPage inside a test was not wrapped in act(...).

When testing, code that causes React state updates should be wrapped into act(...):

act(() => {
  /* fire events that update state */
});
/* assert on the output */

This ensures that you're testing the behavior the user would see in the browser. Learn more at https://reactjs.org/link/wrap-tests-with-act
    at CoachCommandCenterPage (C:/Users/BigotSmasher/Desktop/@Everything/quick-pt/SS-PT/tmp/worktrees/swan-coach-astra-owned-20260906/frontend/src/components/DashBoard/Pages/coach-assistant/CoachCommandCenterPage.tsx:42:117)
    at CoachSessionDraftProvider (C:/Users/BigotSmasher/Desktop/@Everything/quick-pt/SS-PT/tmp/worktrees/swan-coach-astra-owned-20260906/frontend/src/components/DashBoard/Pages/coach-assistant/CoachSessionDraftContext.tsx:15:38)
    at Router (C:\Users\BigotSmasher\Desktop\@Everything\quick-pt\SS-PT\tmp\worktrees\swan-coach-astra-owned-20260906\frontend\node_modules\react-router\dist\umd\react-router.development.js:1203:17)
    at MemoryRouter (C:\Users\BigotSmasher\Desktop\@Everything\quick-pt\SS-PT\tmp\worktrees\swan-coach-astra-owned-20260906\frontend\node_modules\react-router\dist\umd\react-router.development.js:1097:7)

 [32m✓[39m src/components/DashBoard/Pages/coach-assistant/CoachCommandCenterPlanReviewRoute.test.tsx [2m([22m[2m1 test[22m[2m)[22m[33m 3765[2mms[22m[39m
     [33m[2m✓[22m[39m hydrates a Workout Planner review prompt and returns to Workout Planner [33m 3763[2mms[22m[39m
[90mstdout[2m | src/components/DashBoard/Pages/coach-assistant/CoachActionProposalCardEvents.test.tsx
[22m[39m[API] Production mode: false
[API] Base URL: http://localhost:10000

 [32m✓[39m src/components/DashBoard/Pages/content-studio/CoverageExerciseMediaDetail.editor.test.tsx [2m([22m[2m5 tests[22m[2m)[22m[33m 307[2mms[22m[39m
[90mstderr[2m | src/components/DashBoard/Pages/coach-assistant/CoachCommandCenterClientMode.test.tsx[2m > [22m[2mCoachCommandCenterPage client mode[2m > [22m[2muses client-safe Coach mode when a admin views the client dashboard
[22m[39mWarning: An update to CoachCommandCenterPage inside a test was not wrapped in act(...).

When testing, code that causes React state updates should be wrapped into act(...):

act(() => {
  /* fire events that update state */
});
/* assert on the output */

This ensures that you're testing the behavior the user would see in the browser. Learn more at https://reactjs.org/link/wrap-tests-with-act
    at CoachCommandCenterPage (C:/Users/BigotSmasher/Desktop/@Everything/quick-pt/SS-PT/tmp/worktrees/swan-coach-astra-owned-20260906/frontend/src/components/DashBoard/Pages/coach-assistant/CoachCommandCenterPage.tsx:42:117)
    at CoachSessionDraftProvider (C:/Users/BigotSmasher/Desktop/@Everything/quick-pt/SS-PT/tmp/worktrees/swan-coach-astra-owned-20260906/frontend/src/components/DashBoard/Pages/coach-assistant/CoachSessionDraftContext.tsx:15:38)
    at Router (C:\Users\BigotSmasher\Desktop\@Everything\quick-pt\SS-PT\tmp\worktrees\swan-coach-astra-owned-20260906\frontend\node_modules\react-router\dist\umd\react-router.development.js:1203:17)
    at MemoryRouter (C:\Users\BigotSmasher\Desktop\@Everything\quick-pt\SS-PT\tmp\worktrees\swan-coach-astra-owned-20260906\frontend\node_modules\react-router\dist\umd\react-router.development.js:1097:7)

[90mstderr[2m | src/components/DashBoard/Pages/coach-assistant/CoachCommandCenterClientMode.test.tsx[2m > [22m[2mCoachCommandCenterPage client mode[2m > [22m[2muses client-safe Coach mode when a admin views the client dashboard
[22m[39mWarning: An update to CoachCommandCenterPage inside a test was not wrapped in act(...).

When testing, code that causes React state updates should be wrapped into act(...):

act(() => {
  /* fire events that update state */
});
/* assert on the output */

This ensures that you're testing the behavior the user would see in the browser. Learn more at https://reactjs.org/link/wrap-tests-with-act
    at CoachCommandCenterPage (C:/Users/BigotSmasher/Desktop/@Everything/quick-pt/SS-PT/tmp/worktrees/swan-coach-astra-owned-20260906/frontend/src/components/DashBoard/Pages/coach-assistant/CoachCommandCenterPage.tsx:42:117)
    at CoachSessionDraftProvider (C:/Users/BigotSmasher/Desktop/@Everything/quick-pt/SS-PT/tmp/worktrees/swan-coach-astra-owned-20260906/frontend/src/components/DashBoard/Pages/coach-assistant/CoachSessionDraftContext.tsx:15:38)
    at Router (C:\Users\BigotSmasher\Desktop\@Everything\quick-pt\SS-PT\tmp\worktrees\swan-coach-astra-owned-20260906\frontend\node_modules\react-router\dist\umd\react-router.development.js:1203:17)
    at MemoryRouter (C:\Users\BigotSmasher\Desktop\@Everything\quick-pt\SS-PT\tmp\worktrees\swan-coach-astra-owned-20260906\frontend\node_modules\react-router\dist\umd\react-router.development.js:1097:7)

[90mstderr[2m | src/components/DashBoard/Pages/coach-assistant/CoachCommandCenterOpsDrawer.test.tsx[2m > [22m[2mCoachCommandCenterPage Operations drawer[2m > [22m[2mshows real queue counts in the operations rail instead of static prototype values
[22m[39mWarning: An update to CoachCommandCenterPage inside a test was not wrapped in act(...).

When testing, code that causes React state updates should be wrapped into act(...):

act(() => {
  /* fire events that update state */
});
/* assert on the output */

This ensures that you're testing the behavior the user would see in the browser. Learn more at https://reactjs.org/link/wrap-tests-with-act
    at CoachCommandCenterPage (C:/Users/BigotSmasher/Desktop/@Everything/quick-pt/SS-PT/tmp/worktrees/swan-coach-astra-owned-20260906/frontend/src/components/DashBoard/Pages/coach-assistant/CoachCommandCenterPage.tsx:42:117)
    at CoachSessionDraftProvider (C:/Users/BigotSmasher/Desktop/@Everything/quick-pt/SS-PT/tmp/worktrees/swan-coach-astra-owned-20260906/frontend/src/components/DashBoard/Pages/coach-assistant/CoachSessionDraftContext.tsx:15:38)
    at Router (C:\Users\BigotSmasher\Desktop\@Everything\quick-pt\SS-PT\tmp\worktrees\swan-coach-astra-owned-20260906\frontend\node_modules\react-router\dist\umd\react-router.development.js:1203:17)
    at MemoryRouter (C:\Users\BigotSmasher\Desktop\@Everything\quick-pt\SS-PT\tmp\worktrees\swan-coach-astra-owned-20260906\frontend\node_modules\react-router\dist\umd\react-router.development.js:1097:7)

[90mstderr[2m | src/components/DashBoard/Pages/coach-assistant/CoachCommandCenterOpsDrawer.test.tsx[2m > [22m[2mCoachCommandCenterPage Operations drawer[2m > [22m[2mshows real queue counts in the operations rail instead of static prototype values
[22m[39mWarning: An update to CoachCommandCenterPage inside a test was not wrapped in act(...).

When testing, code that causes React state updates should be wrapped into act(...):

act(() => {
  /* fire events that update state */
});
/* assert on the output */

This ensures that you're testing the behavior the user would see in the browser. Learn more at https://reactjs.org/link/wrap-tests-with-act
    at CoachCommandCenterPage (C:/Users/BigotSmasher/Desktop/@Everything/quick-pt/SS-PT/tmp/worktrees/swan-coach-astra-owned-20260906/frontend/src/components/DashBoard/Pages/coach-assistant/CoachCommandCenterPage.tsx:42:117)
    at CoachSessionDraftProvider (C:/Users/BigotSmasher/Desktop/@Everything/quick-pt/SS-PT/tmp/worktrees/swan-coach-astra-owned-20260906/frontend/src/components/DashBoard/Pages/coach-assistant/CoachSessionDraftContext.tsx:15:38)
    at Router (C:\Users\BigotSmasher\Desktop\@Everything\quick-pt\SS-PT\tmp\worktrees\swan-coach-astra-owned-20260906\frontend\node_modules\react-router\dist\umd\react-router.development.js:1203:17)
    at MemoryRouter (C:\Users\BigotSmasher\Desktop\@Everything\quick-pt\SS-PT\tmp\worktrees\swan-coach-astra-owned-20260906\frontend\node_modules\react-router\dist\umd\react-router.development.js:1097:7)

 [32m✓[39m src/components/DashBoard/Pages/coach-assistant/CoachCommandCenterPage.keyboard.test.tsx [2m([22m[2m6 tests[22m[2m)[22m[33m 4033[2mms[22m[39m
     [33m[2m✓[22m[39m submits the command dock when Enter is pressed in the textarea [33m 3065[2mms[22m[39m
     [33m[2m✓[22m[39m closes the dock More menu from a window Escape when touch focus stays on the trigger [33m 343[2mms[22m[39m
[90mstderr[2m | src/components/DashBoard/Pages/coach-assistant/CoachCommandCenterClientMode.test.tsx[2m > [22m[2mCoachCommandCenterPage client mode[2m > [22m[2muses client-safe Coach mode when a trainer views the client dashboard
[22m[39mWarning: An update to CoachCommandCenterPage inside a test was not wrapped in act(...).

When testing, code that causes React state updates should be wrapped into act(...):

act(() => {
  /* fire events that update state */
});
/* assert on the output */

This ensures that you're testing the behavior the user would see in the browser. Learn more at https://reactjs.org/link/wrap-tests-with-act
    at CoachCommandCenterPage (C:/Users/BigotSmasher/Desktop/@Everything/quick-pt/SS-PT/tmp/worktrees/swan-coach-astra-owned-20260906/frontend/src/components/DashBoard/Pages/coach-assistant/CoachCommandCenterPage.tsx:42:117)
    at CoachSessionDraftProvider (C:/Users/BigotSmasher/Desktop/@Everything/quick-pt/SS-PT/tmp/worktrees/swan-coach-astra-owned-20260906/frontend/src/components/DashBoard/Pages/coach-assistant/CoachSessionDraftContext.tsx:15:38)
    at Router (C:\Users\BigotSmasher\Desktop\@Everything\quick-pt\SS-PT\tmp\worktrees\swan-coach-astra-owned-20260906\frontend\node_modules\react-router\dist\umd\react-router.development.js:1203:17)
    at MemoryRouter (C:\Users\BigotSmasher\Desktop\@Everything\quick-pt\SS-PT\tmp\worktrees\swan-coach-astra-owned-20260906\frontend\node_modules\react-router\dist\umd\react-router.development.js:1097:7)

[90mstderr[2m | src/components/DashBoard/Pages/coach-assistant/CoachCommandCenterDeepLinkMatrix.test.tsx[2m > [22m[2mCoachCommandCenterPage deep-link matrix[2m > [22m[2mroutes direct PLAUD merge to /dashboard/admin/coach-assistant?mergeRequestId=11111111-2222-3333-4444-555555555555
[22m[39mWarning: An update to CoachCommandCenterPage inside a test was not wrapped in act(...).

When testing, code that causes React state updates should be wrapped into act(...):

act(() => {
  /* fire events that update state */
});
/* assert on the output */

This ensures that you're testing the behavior the user would see in the browser. Learn more at https://reactjs.org/link/wrap-tests-with-act
    at CoachCommandCenterPage (C:/Users/BigotSmasher/Desktop/@Everything/quick-pt/SS-PT/tmp/worktrees/swan-coach-astra-owned-20260906/frontend/src/components/DashBoard/Pages/coach-assistant/CoachCommandCenterPage.tsx:42:117)
    at CoachSessionDraftProvider (C:/Users/BigotSmasher/Desktop/@Everything/quick-pt/SS-PT/tmp/worktrees/swan-coach-astra-owned-20260906/frontend/src/components/DashBoard/Pages/coach-assistant/CoachSessionDraftContext.tsx:15:38)
    at Router (C:\Users\BigotSmasher\Desktop\@Everything\quick-pt\SS-PT\tmp\worktrees\swan-coach-astra-owned-20260906\frontend\node_modules\react-router\dist\umd\react-router.development.js:1203:17)
    at MemoryRouter (C:\Users\BigotSmasher\Desktop\@Everything\quick-pt\SS-PT\tmp\worktrees\swan-coach-astra-owned-20260906\frontend\node_modules\react-router\dist\umd\react-router.development.js:1097:7)

[90mstderr[2m | src/components/DashBoard/Pages/coach-assistant/CoachCommandCenterClientMode.test.tsx[2m > [22m[2mCoachCommandCenterPage client mode[2m > [22m[2muses client-safe Coach mode when a trainer views the client dashboard
[22m[39mWarning: An update to CoachCommandCenterPage inside a test was not wrapped in act(...).

When testing, code that causes React state updates should be wrapped into act(...):

act(() => {
  /* fire events that update state */
});
/* assert on the output */

This ensures that you're testing the behavior the user would see in the browser. Learn more at https://reactjs.org/link/wrap-tests-with-act
    at CoachCommandCenterPage (C:/Users/BigotSmasher/Desktop/@Everything/quick-pt/SS-PT/tmp/worktrees/swan-coach-astra-owned-20260906/frontend/src/components/DashBoard/Pages/coach-assistant/CoachCommandCenterPage.tsx:42:117)
    at CoachSessionDraftProvider (C:/Users/BigotSmasher/Desktop/@Everything/quick-pt/SS-PT/tmp/worktrees/swan-coach-astra-owned-20260906/frontend/src/components/DashBoard/Pages/coach-assistant/CoachSessionDraftContext.tsx:15:38)
    at Router (C:\Users\BigotSmasher\Desktop\@Everything\quick-pt\SS-PT\tmp\worktrees\swan-coach-astra-owned-20260906\frontend\node_modules\react-router\dist\umd\react-router.development.js:1203:17)
    at MemoryRouter (C:\Users\BigotSmasher\Desktop\@Everything\quick-pt\SS-PT\tmp\worktrees\swan-coach-astra-owned-20260906\frontend\node_modules\react-router\dist\umd\react-router.development.js:1097:7)

[90mstderr[2m | src/components/DashBoard/Pages/coach-assistant/CoachCommandCenterDeepLinkMatrix.test.tsx[2m > [22m[2mCoachCommandCenterPage deep-link matrix[2m > [22m[2mroutes direct PLAUD merge to /dashboard/admin/coach-assistant?mergeRequestId=11111111-2222-3333-4444-555555555555
[22m[39mWarning: An update to CoachCommandCenterPage inside a test was not wrapped in act(...).

When testing, code that causes React state updates should be wrapped into act(...):

act(() => {
  /* fire events that update state */
});
/* assert on the output */

This ensures that you're testing the behavior the user would see in the browser. Learn more at https://reactjs.org/link/wrap-tests-with-act
    at CoachCommandCenterPage (C:/Users/BigotSmasher/Desktop/@Everything/quick-pt/SS-PT/tmp/worktrees/swan-coach-astra-owned-20260906/frontend/src/components/DashBoard/Pages/coach-assistant/CoachCommandCenterPage.tsx:42:117)
    at CoachSessionDraftProvider (C:/Users/BigotSmasher/Desktop/@Everything/quick-pt/SS-PT/tmp/worktrees/swan-coach-astra-owned-20260906/frontend/src/components/DashBoard/Pages/coach-assistant/CoachSessionDraftContext.tsx:15:38)
    at Router (C:\Users\BigotSmasher\Desktop\@Everything\quick-pt\SS-PT\tmp\worktrees\swan-coach-astra-owned-20260906\frontend\node_modules\react-router\dist\umd\react-router.development.js:1203:17)
    at MemoryRouter (C:\Users\BigotSmasher\Desktop\@Everything\quick-pt\SS-PT\tmp\worktrees\swan-coach-astra-owned-20260906\frontend\node_modules\react-router\dist\umd\react-router.development.js:1097:7)

 [32m✓[39m src/components/DashBoard/Pages/trainer-dashboard/TrainerHomeObservatoryParity.test.ts [2m([22m[2m3 tests[22m[2m)[22m[32m 7[2mms[22m[39m
 [32m✓[39m src/components/DashBoard/Pages/trainer-dashboard/TrainerAssessmentsPage.errorStates.test.tsx [2m([22m[2m4 tests[22m[2m)[22m[33m 1143[2mms[22m[39m
     [33m[2m✓[22m[39m surfaces a visible error with retry when the client roster fetch fails [33m 640[2mms[22m[39m
[90mstdout[2m | src/components/DashBoard/Pages/coach-assistant/CoachActionProposalCardDetailPrivacy.test.tsx
[22m[39m[API] Production mode: false
[API] Base URL: http://localhost:10000

[90mstderr[2m | src/components/DashBoard/Pages/coach-assistant/CoachCommandCenterDeepLinkMatrix.test.tsx[2m > [22m[2mCoachCommandCenterPage deep-link matrix[2m > [22m[2mroutes PLAUD wins over proposal to /dashboard/admin/coach-assistant?workspace=plaud&proposal=proposal-123
[22m[39mWarning: An update to CoachCommandCenterPage inside a test was not wrapped in act(...).

When testing, code that causes React state updates should be wrapped into act(...):

act(() => {
  /* fire events that update state */
});
/* assert on the output */

This ensures that you're testing the behavior the user would see in the browser. Learn more at https://reactjs.org/link/wrap-tests-with-act
    at CoachCommandCenterPage (C:/Users/BigotSmasher/Desktop/@Everything/quick-pt/SS-PT/tmp/worktrees/swan-coach-astra-owned-20260906/frontend/src/components/DashBoard/Pages/coach-assistant/CoachCommandCenterPage.tsx:42:117)
    at CoachSessionDraftProvider (C:/Users/BigotSmasher/Desktop/@Everything/quick-pt/SS-PT/tmp/worktrees/swan-coach-astra-owned-20260906/frontend/src/components/DashBoard/Pages/coach-assistant/CoachSessionDraftContext.tsx:15:38)
    at Router (C:\Users\BigotSmasher\Desktop\@Everything\quick-pt\SS-PT\tmp\worktrees\swan-coach-astra-owned-20260906\frontend\node_modules\react-router\dist\umd\react-router.development.js:1203:17)
    at MemoryRouter (C:\Users\BigotSmasher\Desktop\@Everything\quick-pt\SS-PT\tmp\worktrees\swan-coach-astra-owned-20260906\frontend\node_modules\react-router\dist\umd\react-router.development.js:1097:7)

[90mstderr[2m | src/components/DashBoard/Pages/coach-assistant/CoachCommandCenterDeepLinkMatrix.test.tsx[2m > [22m[2mCoachCommandCenterPage deep-link matrix[2m > [22m[2mroutes PLAUD wins over proposal to /dashboard/admin/coach-assistant?workspace=plaud&proposal=proposal-123
[22m[39mWarning: An update to CoachCommandCenterPage inside a test was not wrapped in act(...).

When testing, code that causes React state updates should be wrapped into act(...):

act(() => {
  /* fire events that update state */
});
/* assert on the output */

This ensures that you're testing the behavior the user would see in the browser. Learn more at https://reactjs.org/link/wrap-tests-with-act
    at CoachCommandCenterPage (C:/Users/BigotSmasher/Desktop/@Everything/quick-pt/SS-PT/tmp/worktrees/swan-coach-astra-owned-20260906/frontend/src/components/DashBoard/Pages/coach-assistant/CoachCommandCenterPage.tsx:42:117)
    at CoachSessionDraftProvider (C:/Users/BigotSmasher/Desktop/@Everything/quick-pt/SS-PT/tmp/worktrees/swan-coach-astra-owned-20260906/frontend/src/components/DashBoard/Pages/coach-assistant/CoachSessionDraftContext.tsx:15:38)
    at Router (C:\Users\BigotSmasher\Desktop\@Everything\quick-pt\SS-PT\tmp\worktrees\swan-coach-astra-owned-20260906\frontend\node_modules\react-router\dist\umd\react-router.development.js:1203:17)
    at MemoryRouter (C:\Users\BigotSmasher\Desktop\@Everything\quick-pt\SS-PT\tmp\worktrees\swan-coach-astra-owned-20260906\frontend\node_modules\react-router\dist\umd\react-router.development.js:1097:7)

[90mstderr[2m | src/components/DashBoard/Pages/coach-assistant/CoachCommandCenterOpsDrawer.test.tsx[2m > [22m[2mCoachCommandCenterPage Operations drawer[2m > [22m[2mmakes Sean/admin self logging the first ops action when no client is selected
[22m[39mWarning: An update to CoachCommandCenterPage inside a test was not wrapped in act(...).

When testing, code that causes React state updates should be wrapped into act(...):

act(() => {
  /* fire events that update state */
});
/* assert on the output */

This ensures that you're testing the behavior the user would see in the browser. Learn more at https://reactjs.org/link/wrap-tests-with-act
    at CoachCommandCenterPage (C:/Users/BigotSmasher/Desktop/@Everything/quick-pt/SS-PT/tmp/worktrees/swan-coach-astra-owned-20260906/frontend/src/components/DashBoard/Pages/coach-assistant/CoachCommandCenterPage.tsx:42:117)
    at CoachSessionDraftProvider (C:/Users/BigotSmasher/Desktop/@Everything/quick-pt/SS-PT/tmp/worktrees/swan-coach-astra-owned-20260906/frontend/src/components/DashBoard/Pages/coach-assistant/CoachSessionDraftContext.tsx:15:38)
    at Router (C:\Users\BigotSmasher\Desktop\@Everything\quick-pt\SS-PT\tmp\worktrees\swan-coach-astra-owned-20260906\frontend\node_modules\react-router\dist\umd\react-router.development.js:1203:17)
    at MemoryRouter (C:\Users\BigotSmasher\Desktop\@Everything\quick-pt\SS-PT\tmp\worktrees\swan-coach-astra-owned-20260906\frontend\node_modules\react-router\dist\umd\react-router.development.js:1097:7)

 [32m✓[39m src/components/DashBoard/Pages/coach-assistant/CoachActionProposalCardEvents.test.tsx [2m([22m[2m2 tests[22m[2m)[22m[33m 306[2mms[22m[39m
[90mstderr[2m | src/components/DashBoard/Pages/coach-assistant/CoachCommandCenterOpsDrawer.test.tsx[2m > [22m[2mCoachCommandCenterPage Operations drawer[2m > [22m[2mmakes Sean/admin self logging the first ops action when no client is selected
[22m[39mWarning: An update to CoachCommandCenterPage inside a test was not wrapped in act(...).

When testing, code that causes React state updates should be wrapped into act(...):

act(() => {
  /* fire events that update state */
});
/* assert on the output */

This ensures that you're testing the behavior the user would see in the browser. Learn more at https://reactjs.org/link/wrap-tests-with-act
    at CoachCommandCenterPage (C:/Users/BigotSmasher/Desktop/@Everything/quick-pt/SS-PT/tmp/worktrees/swan-coach-astra-owned-20260906/frontend/src/components/DashBoard/Pages/coach-assistant/CoachCommandCenterPage.tsx:42:117)
    at CoachSessionDraftProvider (C:/Users/BigotSmasher/Desktop/@Everything/quick-pt/SS-PT/tmp/worktrees/swan-coach-astra-owned-20260906/frontend/src/components/DashBoard/Pages/coach-assistant/CoachSessionDraftContext.tsx:15:38)
    at Router (C:\Users\BigotSmasher\Desktop\@Everything\quick-pt\SS-PT\tmp\worktrees\swan-coach-astra-owned-20260906\frontend\node_modules\react-router\dist\umd\react-router.development.js:1203:17)
    at MemoryRouter (C:\Users\BigotSmasher\Desktop\@Everything\quick-pt\SS-PT\tmp\worktrees\swan-coach-astra-owned-20260906\frontend\node_modules\react-router\dist\umd\react-router.development.js:1097:7)

 [32m✓[39m src/components/DashBoard/Pages/trainer-dashboard/SwanCoachDockTrainer.test.tsx [2m([22m[2m7 tests[22m[2m)[22m[33m 477[2mms[22m[39m
 [32m✓[39m src/components/DashBoard/Pages/coach-assistant/CoachCommandCenterHeaderActions.test.tsx [2m([22m[2m1 test[22m[2m)[22m[33m 4273[2mms[22m[39m
     [33m[2m✓[22m[39m moves workout, intake, and audio tools behind Floor Mode More controls [33m 4271[2mms[22m[39m
[90mstderr[2m | src/components/DashBoard/Pages/coach-assistant/CoachCommandCenterDeepLinkMatrix.test.tsx[2m > [22m[2mCoachCommandCenterPage deep-link matrix[2m > [22m[2mroutes merge wins over intake to /dashboard/admin/coach-assistant?mergeRequestId=11111111-2222-3333-4444-555555555555&intake=clip-111
[22m[39mWarning: An update to CoachCommandCenterPage inside a test was not wrapped in act(...).

When testing, code that causes React state updates should be wrapped into act(...):

act(() => {
  /* fire events that update state */
});
/* assert on the output */

This ensures that you're testing the behavior the user would see in the browser. Learn more at https://reactjs.org/link/wrap-tests-with-act
    at CoachCommandCenterPage (C:/Users/BigotSmasher/Desktop/@Everything/quick-pt/SS-PT/tmp/worktrees/swan-coach-astra-owned-20260906/frontend/src/components/DashBoard/Pages/coach-assistant/CoachCommandCenterPage.tsx:42:117)
    at CoachSessionDraftProvider (C:/Users/BigotSmasher/Desktop/@Everything/quick-pt/SS-PT/tmp/worktrees/swan-coach-astra-owned-20260906/frontend/src/components/DashBoard/Pages/coach-assistant/CoachSessionDraftContext.tsx:15:38)
    at Router (C:\Users\BigotSmasher\Desktop\@Everything\quick-pt\SS-PT\tmp\worktrees\swan-coach-astra-owned-20260906\frontend\node_modules\react-router\dist\umd\react-router.development.js:1203:17)
    at MemoryRouter (C:\Users\BigotSmasher\Desktop\@Everything\quick-pt\SS-PT\tmp\worktrees\swan-coach-astra-owned-20260906\frontend\node_modules\react-router\dist\umd\react-router.development.js:1097:7)

[90mstderr[2m | src/components/DashBoard/Pages/coach-assistant/CoachCommandCenterDeepLinkMatrix.test.tsx[2m > [22m[2mCoachCommandCenterPage deep-link matrix[2m > [22m[2mroutes merge wins over intake to /dashboard/admin/coach-assistant?mergeRequestId=11111111-2222-3333-4444-555555555555&intake=clip-111
[22m[39mWarning: An update to CoachCommandCenterPage inside a test was not wrapped in act(...).

When testing, code that causes React state updates should be wrapped into act(...):

act(() => {
  /* fire events that update state */
});
/* assert on the output */

This ensures that you're testing the behavior the user would see in the browser. Learn more at https://reactjs.org/link/wrap-tests-with-act
    at CoachCommandCenterPage (C:/Users/BigotSmasher/Desktop/@Everything/quick-pt/SS-PT/tmp/worktrees/swan-coach-astra-owned-20260906/frontend/src/components/DashBoard/Pages/coach-assistant/CoachCommandCenterPage.tsx:42:117)
    at CoachSessionDraftProvider (C:/Users/BigotSmasher/Desktop/@Everything/quick-pt/SS-PT/tmp/worktrees/swan-coach-astra-owned-20260906/frontend/src/components/DashBoard/Pages/coach-assistant/CoachSessionDraftContext.tsx:15:38)
    at Router (C:\Users\BigotSmasher\Desktop\@Everything\quick-pt\SS-PT\tmp\worktrees\swan-coach-astra-owned-20260906\frontend\node_modules\react-router\dist\umd\react-router.development.js:1203:17)
    at MemoryRouter (C:\Users\BigotSmasher\Desktop\@Everything\quick-pt\SS-PT\tmp\worktrees\swan-coach-astra-owned-20260906\frontend\node_modules\react-router\dist\umd\react-router.development.js:1097:7)

[90mstderr[2m | src/components/DashBoard/Pages/coach-assistant/CoachCommandCenterPage.shell.test.tsx[2m > [22m[2mCoachCommandCenterPage shell[2m > [22m[2mgroups intake, audio, and draft work under Review
[22m[39mWarning: An update to CoachCommandCenterPage inside a test was not wrapped in act(...).

When testing, code that causes React state updates should be wrapped into act(...):

act(() => {
  /* fire events that update state */
});
/* assert on the output */

This ensures that you're testing the behavior the user would see in the browser. Learn more at https://reactjs.org/link/wrap-tests-with-act
    at CoachCommandCenterPage (C:/Users/BigotSmasher/Desktop/@Everything/quick-pt/SS-PT/tmp/worktrees/swan-coach-astra-owned-20260906/frontend/src/components/DashBoard/Pages/coach-assistant/CoachCommandCenterPage.tsx:42:117)
    at CoachSessionDraftProvider (C:/Users/BigotSmasher/Desktop/@Everything/quick-pt/SS-PT/tmp/worktrees/swan-coach-astra-owned-20260906/frontend/src/components/DashBoard/Pages/coach-assistant/CoachSessionDraftContext.tsx:15:38)
    at Router (C:\Users\BigotSmasher\Desktop\@Everything\quick-pt\SS-PT\tmp\worktrees\swan-coach-astra-owned-20260906\frontend\node_modules\react-router\dist\umd\react-router.development.js:1203:17)
    at MemoryRouter (C:\Users\BigotSmasher\Desktop\@Everything\quick-pt\SS-PT\tmp\worktrees\swan-coach-astra-owned-20260906\frontend\node_modules\react-router\dist\umd\react-router.development.js:1097:7)

[90mstderr[2m | src/components/DashBoard/Pages/coach-assistant/CoachCommandCenterPage.shell.test.tsx[2m > [22m[2mCoachCommandCenterPage shell[2m > [22m[2mgroups intake, audio, and draft work under Review
[22m[39mWarning: An update to CoachCommandCenterPage inside a test was not wrapped in act(...).

When testing, code that causes React state updates should be wrapped into act(...):

act(() => {
  /* fire events that update state */
});
/* assert on the output */

This ensures that you're testing the behavior the user would see in the browser. Learn more at https://reactjs.org/link/wrap-tests-with-act
    at CoachCommandCenterPage (C:/Users/BigotSmasher/Desktop/@Everything/quick-pt/SS-PT/tmp/worktrees/swan-coach-astra-owned-20260906/frontend/src/components/DashBoard/Pages/coach-assistant/CoachCommandCenterPage.tsx:42:117)
    at CoachSessionDraftProvider (C:/Users/BigotSmasher/Desktop/@Everything/quick-pt/SS-PT/tmp/worktrees/swan-coach-astra-owned-20260906/frontend/src/components/DashBoard/Pages/coach-assistant/CoachSessionDraftContext.tsx:15:38)
    at Router (C:\Users\BigotSmasher\Desktop\@Everything\quick-pt\SS-PT\tmp\worktrees\swan-coach-astra-owned-20260906\frontend\node_modules\react-router\dist\umd\react-router.development.js:1203:17)
    at MemoryRouter (C:\Users\BigotSmasher\Desktop\@Everything\quick-pt\SS-PT\tmp\worktrees\swan-coach-astra-owned-20260906\frontend\node_modules\react-router\dist\umd\react-router.development.js:1097:7)

 [32m✓[39m src/components/DashBoard/Pages/admin-workout-planner/workoutPlannerSavePayload.test.ts [2m([22m[2m5 tests[22m[2m)[22m[32m 5[2mms[22m[39m
[90mstderr[2m | src/components/DashBoard/Pages/coach-assistant/CoachCommandCenterPage.shell.test.tsx[2m > [22m[2mCoachCommandCenterPage shell[2m > [22m[2mkeeps user composer text untouched when Review is opened and Talk resumes
[22m[39mWarning: An update to CoachCommandCenterPage inside a test was not wrapped in act(...).

When testing, code that causes React state updates should be wrapped into act(...):

act(() => {
  /* fire events that update state */
});
/* assert on the output */

This ensures that you're testing the behavior the user would see in the browser. Learn more at https://reactjs.org/link/wrap-tests-with-act
    at CoachCommandCenterPage (C:/Users/BigotSmasher/Desktop/@Everything/quick-pt/SS-PT/tmp/worktrees/swan-coach-astra-owned-20260906/frontend/src/components/DashBoard/Pages/coach-assistant/CoachCommandCenterPage.tsx:42:117)
    at CoachSessionDraftProvider (C:/Users/BigotSmasher/Desktop/@Everything/quick-pt/SS-PT/tmp/worktrees/swan-coach-astra-owned-20260906/frontend/src/components/DashBoard/Pages/coach-assistant/CoachSessionDraftContext.tsx:15:38)
    at Router (C:\Users\BigotSmasher\Desktop\@Everything\quick-pt\SS-PT\tmp\worktrees\swan-coach-astra-owned-20260906\frontend\node_modules\react-router\dist\umd\react-router.development.js:1203:17)
    at MemoryRouter (C:\Users\BigotSmasher\Desktop\@Everything\quick-pt\SS-PT\tmp\worktrees\swan-coach-astra-owned-20260906\frontend\node_modules\react-router\dist\umd\react-router.development.js:1097:7)

[90mstderr[2m | src/components/DashBoard/Pages/coach-assistant/CoachCommandCenterPage.shell.test.tsx[2m > [22m[2mCoachCommandCenterPage shell[2m > [22m[2mkeeps user composer text untouched when Review is opened and Talk resumes
[22m[39mWarning: An update to CoachCommandCenterPage inside a test was not wrapped in act(...).

When testing, code that causes React state updates should be wrapped into act(...):

act(() => {
  /* fire events that update state */
});
/* assert on the output */

This ensures that you're testing the behavior the user would see in the browser. Learn more at https://reactjs.org/link/wrap-tests-with-act
    at CoachCommandCenterPage (C:/Users/BigotSmasher/Desktop/@Everything/quick-pt/SS-PT/tmp/worktrees/swan-coach-astra-owned-20260906/frontend/src/components/DashBoard/Pages/coach-assistant/CoachCommandCenterPage.tsx:42:117)
    at CoachSessionDraftProvider (C:/Users/BigotSmasher/Desktop/@Everything/quick-pt/SS-PT/tmp/worktrees/swan-coach-astra-owned-20260906/frontend/src/components/DashBoard/Pages/coach-assistant/CoachSessionDraftContext.tsx:15:38)
    at Router (C:\Users\BigotSmasher\Desktop\@Everything\quick-pt\SS-PT\tmp\worktrees\swan-coach-astra-owned-20260906\frontend\node_modules\react-router\dist\umd\react-router.development.js:1203:17)
    at MemoryRouter (C:\Users\BigotSmasher\Desktop\@Everything\quick-pt\SS-PT\tmp\worktrees\swan-coach-astra-owned-20260906\frontend\node_modules\react-router\dist\umd\react-router.development.js:1097:7)

 [32m✓[39m src/components/DashBoard/Pages/coach-assistant/CoachActionProposalCardDetailPrivacy.test.tsx [2m([22m[2m2 tests[22m[2m)[22m[33m 301[2mms[22m[39m
 [32m✓[39m src/components/DashBoard/Pages/trainer-gamification/trainerGamificationData.test.ts [2m([22m[2m4 tests[22m[2m)[22m[32m 5[2mms[22m[39m
[90mstderr[2m | src/components/DashBoard/Pages/coach-assistant/CoachCommandCenterDeepLinkMatrix.test.tsx[2m > [22m[2mCoachCommandCenterPage deep-link matrix[2m > [22m[2mroutes review-next wins over proposal to /dashboard/admin/coach-assistant?review=next&proposal=proposal-123
[22m[39mWarning: An update to CoachCommandCenterPage inside a test was not wrapped in act(...).

When testing, code that causes React state updates should be wrapped into act(...):

act(() => {
  /* fire events that update state */
});
/* assert on the output */

This ensures that you're testing the behavior the user would see in the browser. Learn more at https://reactjs.org/link/wrap-tests-with-act
    at CoachCommandCenterPage (C:/Users/BigotSmasher/Desktop/@Everything/quick-pt/SS-PT/tmp/worktrees/swan-coach-astra-owned-20260906/frontend/src/components/DashBoard/Pages/coach-assistant/CoachCommandCenterPage.tsx:42:117)
    at CoachSessionDraftProvider (C:/Users/BigotSmasher/Desktop/@Everything/quick-pt/SS-PT/tmp/worktrees/swan-coach-astra-owned-20260906/frontend/src/components/DashBoard/Pages/coach-assistant/CoachSessionDraftContext.tsx:15:38)
    at Router (C:\Users\BigotSmasher\Desktop\@Everything\quick-pt\SS-PT\tmp\worktrees\swan-coach-astra-owned-20260906\frontend\node_modules\react-router\dist\umd\react-router.development.js:1203:17)
    at MemoryRouter (C:\Users\BigotSmasher\Desktop\@Everything\quick-pt\SS-PT\tmp\worktrees\swan-coach-astra-owned-20260906\frontend\node_modules\react-router\dist\umd\react-router.development.js:1097:7)

[90mstderr[2m | src/components/DashBoard/Pages/coach-assistant/CoachCommandCenterDeepLinkMatrix.test.tsx[2m > [22m[2mCoachCommandCenterPage deep-link matrix[2m > [22m[2mroutes review-next wins over proposal to /dashboard/admin/coach-assistant?review=next&proposal=proposal-123
[22m[39mWarning: An update to CoachCommandCenterPage inside a test was not wrapped in act(...).

When testing, code that causes React state updates should be wrapped into act(...):

act(() => {
  /* fire events that update state */
});
/* assert on the output */

This ensures that you're testing the behavior the user would see in the browser. Learn more at https://reactjs.org/link/wrap-tests-with-act
    at CoachCommandCenterPage (C:/Users/BigotSmasher/Desktop/@Everything/quick-pt/SS-PT/tmp/worktrees/swan-coach-astra-owned-20260906/frontend/src/components/DashBoard/Pages/coach-assistant/CoachCommandCenterPage.tsx:42:117)
    at CoachSessionDraftProvider (C:/Users/BigotSmasher/Desktop/@Everything/quick-pt/SS-PT/tmp/worktrees/swan-coach-astra-owned-20260906/frontend/src/components/DashBoard/Pages/coach-assistant/CoachSessionDraftContext.tsx:15:38)
    at Router (C:\Users\BigotSmasher\Desktop\@Everything\quick-pt\SS-PT\tmp\worktrees\swan-coach-astra-owned-20260906\frontend\node_modules\react-router\dist\umd\react-router.development.js:1203:17)
    at MemoryRouter (C:\Users\BigotSmasher\Desktop\@Everything\quick-pt\SS-PT\tmp\worktrees\swan-coach-astra-owned-20260906\frontend\node_modules\react-router\dist\umd\react-router.development.js:1097:7)

 [32m✓[39m src/components/DashBoard/Pages/trainer-dashboard/TrainerHomeTab.quickActions.test.ts [2m([22m[2m3 tests[22m[2m)[22m[32m 5[2mms[22m[39m
[90mstderr[2m | src/components/DashBoard/Pages/coach-assistant/CoachCommandCenterOpsDrawer.test.tsx[2m > [22m[2mCoachCommandCenterPage Operations drawer[2m > [22m[2mmakes selected-client workout logging and building one-tap ops actions
[22m[39mWarning: An update to CoachCommandCenterPage inside a test was not wrapped in act(...).

When testing, code that causes React state updates should be wrapped into act(...):

act(() => {
  /* fire events that update state */
});
/* assert on the output */

This ensures that you're testing the behavior the user would see in the browser. Learn more at https://reactjs.org/link/wrap-tests-with-act
    at CoachCommandCenterPage (C:/Users/BigotSmasher/Desktop/@Everything/quick-pt/SS-PT/tmp/worktrees/swan-coach-astra-owned-20260906/frontend/src/components/DashBoard/Pages/coach-assistant/CoachCommandCenterPage.tsx:42:117)
    at CoachSessionDraftProvider (C:/Users/BigotSmasher/Desktop/@Everything/quick-pt/SS-PT/tmp/worktrees/swan-coach-astra-owned-20260906/frontend/src/components/DashBoard/Pages/coach-assistant/CoachSessionDraftContext.tsx:15:38)
    at Router (C:\Users\BigotSmasher\Desktop\@Everything\quick-pt\SS-PT\tmp\worktrees\swan-coach-astra-owned-20260906\frontend\node_modules\react-router\dist\umd\react-router.development.js:1203:17)
    at MemoryRouter (C:\Users\BigotSmasher\Desktop\@Everything\quick-pt\SS-PT\tmp\worktrees\swan-coach-astra-owned-20260906\frontend\node_modules\react-router\dist\umd\react-router.development.js:1097:7)

[90mstderr[2m | src/components/DashBoard/Pages/coach-assistant/CoachCommandCenterDeepLinkMatrix.test.tsx[2m > [22m[2mCoachCommandCenterPage deep-link matrix[2m > [22m[2mkeeps client deep links on Talk when an operator-only tab hint is present
[22m[39mWarning: An update to CoachCommandCenterPage inside a test was not wrapped in act(...).

When testing, code that causes React state updates should be wrapped into act(...):

act(() => {
  /* fire events that update state */
});
/* assert on the output */

This ensures that you're testing the behavior the user would see in the browser. Learn more at https://reactjs.org/link/wrap-tests-with-act
    at CoachCommandCenterPage (C:/Users/BigotSmasher/Desktop/@Everything/quick-pt/SS-PT/tmp/worktrees/swan-coach-astra-owned-20260906/frontend/src/components/DashBoard/Pages/coach-assistant/CoachCommandCenterPage.tsx:42:117)
    at CoachSessionDraftProvider (C:/Users/BigotSmasher/Desktop/@Everything/quick-pt/SS-PT/tmp/worktrees/swan-coach-astra-owned-20260906/frontend/src/components/DashBoard/Pages/coach-assistant/CoachSessionDraftContext.tsx:15:38)
    at Router (C:\Users\BigotSmasher\Desktop\@Everything\quick-pt\SS-PT\tmp\worktrees\swan-coach-astra-owned-20260906\frontend\node_modules\react-router\dist\umd\react-router.development.js:1203:17)
    at MemoryRouter (C:\Users\BigotSmasher\Desktop\@Everything\quick-pt\SS-PT\tmp\worktrees\swan-coach-astra-owned-20260906\frontend\node_modules\react-router\dist\umd\react-router.development.js:1097:7)

[90mstderr[2m | src/components/DashBoard/Pages/coach-assistant/CoachCommandCenterDeepLinkMatrix.test.tsx[2m > [22m[2mCoachCommandCenterPage deep-link matrix[2m > [22m[2mkeeps client deep links on Talk when an operator-only tab hint is present
[22m[39mWarning: An update to CoachCommandCenterPage inside a test was not wrapped in act(...).

When testing, code that causes React state updates should be wrapped into act(...):

act(() => {
  /* fire events that update state */
});
/* assert on the output */

This ensures that you're testing the behavior the user would see in the browser. Learn more at https://reactjs.org/link/wrap-tests-with-act
    at CoachCommandCenterPage (C:/Users/BigotSmasher/Desktop/@Everything/quick-pt/SS-PT/tmp/worktrees/swan-coach-astra-owned-20260906/frontend/src/components/DashBoard/Pages/coach-assistant/CoachCommandCenterPage.tsx:42:117)
    at CoachSessionDraftProvider (C:/Users/BigotSmasher/Desktop/@Everything/quick-pt/SS-PT/tmp/worktrees/swan-coach-astra-owned-20260906/frontend/src/components/DashBoard/Pages/coach-assistant/CoachSessionDraftContext.tsx:15:38)
    at Router (C:\Users\BigotSmasher\Desktop\@Everything\quick-pt\SS-PT\tmp\worktrees\swan-coach-astra-owned-20260906\frontend\node_modules\react-router\dist\umd\react-router.development.js:1203:17)
    at MemoryRouter (C:\Users\BigotSmasher\Desktop\@Everything\quick-pt\SS-PT\tmp\worktrees\swan-coach-astra-owned-20260906\frontend\node_modules\react-router\dist\umd\react-router.development.js:1097:7)

[90mstderr[2m | src/components/DashBoard/Pages/coach-assistant/CoachCommandCenterOpsDrawer.test.tsx[2m > [22m[2mCoachCommandCenterPage Operations drawer[2m > [22m[2mmakes selected-client workout logging and building one-tap ops actions
[22m[39mWarning: An update to CoachCommandCenterPage inside a test was not wrapped in act(...).

When testing, code that causes React state updates should be wrapped into act(...):

act(() => {
  /* fire events that update state */
});
/* assert on the output */

This ensures that you're testing the behavior the user would see in the browser. Learn more at https://reactjs.org/link/wrap-tests-with-act
    at CoachCommandCenterPage (C:/Users/BigotSmasher/Desktop/@Everything/quick-pt/SS-PT/tmp/worktrees/swan-coach-astra-owned-20260906/frontend/src/components/DashBoard/Pages/coach-assistant/CoachCommandCenterPage.tsx:42:117)
    at CoachSessionDraftProvider (C:/Users/BigotSmasher/Desktop/@Everything/quick-pt/SS-PT/tmp/worktrees/swan-coach-astra-owned-20260906/frontend/src/components/DashBoard/Pages/coach-assistant/CoachSessionDraftContext.tsx:15:38)
    at Router (C:\Users\BigotSmasher\Desktop\@Everything\quick-pt\SS-PT\tmp\worktrees\swan-coach-astra-owned-20260906\frontend\node_modules\react-router\dist\umd\react-router.development.js:1203:17)
    at MemoryRouter (C:\Users\BigotSmasher\Desktop\@Everything\quick-pt\SS-PT\tmp\worktrees\swan-coach-astra-owned-20260906\frontend\node_modules\react-router\dist\umd\react-router.development.js:1097:7)

 [32m✓[39m src/components/DashBoard/Pages/coach-assistant/CoachCommandCenterClientMode.test.tsx [2m([22m[2m12 tests[22m[2m)[22m[33m 4829[2mms[22m[39m
     [33m[2m✓[22m[39m renders a client-safe talk bridge without operator-only tabs, drawer, or PLAUD import [33m 3474[2mms[22m[39m
[90mstderr[2m | src/components/DashBoard/Pages/coach-assistant/CoachCommandCenterOpsDrawer.test.tsx[2m > [22m[2mCoachCommandCenterPage Operations drawer[2m > [22m[2mroutes trainer pick-client launchpad actions straight into log-workout client selection
[22m[39mWarning: An update to CoachCommandCenterPage inside a test was not wrapped in act(...).

When testing, code that causes React state updates should be wrapped into act(...):

act(() => {
  /* fire events that update state */
});
/* assert on the output */

This ensures that you're testing the behavior the user would see in the browser. Learn more at https://reactjs.org/link/wrap-tests-with-act
    at CoachCommandCenterPage (C:/Users/BigotSmasher/Desktop/@Everything/quick-pt/SS-PT/tmp/worktrees/swan-coach-astra-owned-20260906/frontend/src/components/DashBoard/Pages/coach-assistant/CoachCommandCenterPage.tsx:42:117)
    at CoachSessionDraftProvider (C:/Users/BigotSmasher/Desktop/@Everything/quick-pt/SS-PT/tmp/worktrees/swan-coach-astra-owned-20260906/frontend/src/components/DashBoard/Pages/coach-assistant/CoachSessionDraftContext.tsx:15:38)
    at Router (C:\Users\BigotSmasher\Desktop\@Everything\quick-pt\SS-PT\tmp\worktrees\swan-coach-astra-owned-20260906\frontend\node_modules\react-router\dist\umd\react-router.development.js:1203:17)
    at MemoryRouter (C:\Users\BigotSmasher\Desktop\@Everything\quick-pt\SS-PT\tmp\worktrees\swan-coach-astra-owned-20260906\frontend\node_modules\react-router\dist\umd\react-router.development.js:1097:7)

[90mstderr[2m | src/components/DashBoard/Pages/coach-assistant/CoachCommandCenterOpsDrawer.test.tsx[2m > [22m[2mCoachCommandCenterPage Operations drawer[2m > [22m[2mroutes trainer pick-client launchpad actions straight into log-workout client selection
[22m[39mWarning: An update to CoachCommandCenterPage inside a test was not wrapped in act(...).

When testing, code that causes React state updates should be wrapped into act(...):

act(() => {
  /* fire events that update state */
});
/* assert on the output */

This ensures that you're testing the behavior the user would see in the browser. Learn more at https://reactjs.org/link/wrap-tests-with-act
    at CoachCommandCenterPage (C:/Users/BigotSmasher/Desktop/@Everything/quick-pt/SS-PT/tmp/worktrees/swan-coach-astra-owned-20260906/frontend/src/components/DashBoard/Pages/coach-assistant/CoachCommandCenterPage.tsx:42:117)
    at CoachSessionDraftProvider (C:/Users/BigotSmasher/Desktop/@Everything/quick-pt/SS-PT/tmp/worktrees/swan-coach-astra-owned-20260906/frontend/src/components/DashBoard/Pages/coach-assistant/CoachSessionDraftContext.tsx:15:38)
    at Router (C:\Users\BigotSmasher\Desktop\@Everything\quick-pt\SS-PT\tmp\worktrees\swan-coach-astra-owned-20260906\frontend\node_modules\react-router\dist\umd\react-router.development.js:1203:17)
    at MemoryRouter (C:\Users\BigotSmasher\Desktop\@Everything\quick-pt\SS-PT\tmp\worktrees\swan-coach-astra-owned-20260906\frontend\node_modules\react-router\dist\umd\react-router.development.js:1097:7)

 [32m✓[39m src/components/DashBoard/Pages/coach-assistant/CoachCommandCenterDeepLinkMatrix.test.tsx [2m([22m[2m17 tests[22m[2m)[22m[33m 5155[2mms[22m[39m
     [33m[2m✓[22m[39m routes default actionable talk to /dashboard/admin/coach-assistant [33m 2806[2mms[22m[39m
[90mstdout[2m | src/components/DashBoard/Pages/coach-assistant/CoachActionProposalCard.profileCoverageApproval.test.tsx
[22m[39m[API] Production mode: false
[API] Base URL: http://localhost:10000

[90mstderr[2m | src/components/DashBoard/Pages/coach-assistant/CoachCommandCenterPage.shell.test.tsx[2m > [22m[2mCoachCommandCenterPage shell[2m > [22m[2mstarts a new conversation without inserting canned composer text
[22m[39mWarning: An update to CoachCommandCenterPage inside a test was not wrapped in act(...).

When testing, code that causes React state updates should be wrapped into act(...):

act(() => {
  /* fire events that update state */
});
/* assert on the output */

This ensures that you're testing the behavior the user would see in the browser. Learn more at https://reactjs.org/link/wrap-tests-with-act
    at CoachCommandCenterPage (C:/Users/BigotSmasher/Desktop/@Everything/quick-pt/SS-PT/tmp/worktrees/swan-coach-astra-owned-20260906/frontend/src/components/DashBoard/Pages/coach-assistant/CoachCommandCenterPage.tsx:42:117)
    at CoachSessionDraftProvider (C:/Users/BigotSmasher/Desktop/@Everything/quick-pt/SS-PT/tmp/worktrees/swan-coach-astra-owned-20260906/frontend/src/components/DashBoard/Pages/coach-assistant/CoachSessionDraftContext.tsx:15:38)
    at Router (C:\Users\BigotSmasher\Desktop\@Everything\quick-pt\SS-PT\tmp\worktrees\swan-coach-astra-owned-20260906\frontend\node_modules\react-router\dist\umd\react-router.development.js:1203:17)
    at MemoryRouter (C:\Users\BigotSmasher\Desktop\@Everything\quick-pt\SS-PT\tmp\worktrees\swan-coach-astra-owned-20260906\frontend\node_modules\react-router\dist\umd\react-router.development.js:1097:7)

[90mstderr[2m | src/components/DashBoard/Pages/coach-assistant/CoachCommandCenterPage.shell.test.tsx[2m > [22m[2mCoachCommandCenterPage shell[2m > [22m[2mstarts a new conversation without inserting canned composer text
[22m[39mWarning: An update to CoachCommandCenterPage inside a test was not wrapped in act(...).

When testing, code that causes React state updates should be wrapped into act(...):

act(() => {
  /* fire events that update state */
});
/* assert on the output */

This ensures that you're testing the behavior the user would see in the browser. Learn more at https://reactjs.org/link/wrap-tests-with-act
    at CoachCommandCenterPage (C:/Users/BigotSmasher/Desktop/@Everything/quick-pt/SS-PT/tmp/worktrees/swan-coach-astra-owned-20260906/frontend/src/components/DashBoard/Pages/coach-assistant/CoachCommandCenterPage.tsx:42:117)
    at CoachSessionDraftProvider (C:/Users/BigotSmasher/Desktop/@Everything/quick-pt/SS-PT/tmp/worktrees/swan-coach-astra-owned-20260906/frontend/src/components/DashBoard/Pages/coach-assistant/CoachSessionDraftContext.tsx:15:38)
    at Router (C:\Users\BigotSmasher\Desktop\@Everything\quick-pt\SS-PT\tmp\worktrees\swan-coach-astra-owned-20260906\frontend\node_modules\react-router\dist\umd\react-router.development.js:1203:17)
    at MemoryRouter (C:\Users\BigotSmasher\Desktop\@Everything\quick-pt\SS-PT\tmp\worktrees\swan-coach-astra-owned-20260906\frontend\node_modules\react-router\dist\umd\react-router.development.js:1097:7)

 [32m✓[39m src/components/DashBoard/Pages/admin-workout-planner/workoutPlannerSequencePersistence.test.ts [2m([22m[2m2 tests[22m[2m)[22m[32m 5[2mms[22m[39m
 [32m✓[39m src/components/DashBoard/Pages/content-studio/CrystallineCoverageTracker.mediaContract.test.ts [2m([22m[2m6 tests[22m[2m)[22m[32m 5[2mms[22m[39m
 [32m✓[39m src/components/DashBoard/Pages/admin-workout-planner/workoutPlannerQualityWarnings.test.ts [2m([22m[2m2 tests[22m[2m)[22m[32m 4[2mms[22m[39m
[90mstderr[2m | src/components/DashBoard/Pages/coach-assistant/CoachCommandCenterPage.shell.test.tsx[2m > [22m[2mCoachCommandCenterPage shell[2m > [22m[2mrenders loaded history messages in the conversation transcript
[22m[39mWarning: An update to CoachCommandCenterPage inside a test was not wrapped in act(...).

When testing, code that causes React state updates should be wrapped into act(...):

act(() => {
  /* fire events that update state */
});
/* assert on the output */

This ensures that you're testing the behavior the user would see in the browser. Learn more at https://reactjs.org/link/wrap-tests-with-act
    at CoachCommandCenterPage (C:/Users/BigotSmasher/Desktop/@Everything/quick-pt/SS-PT/tmp/worktrees/swan-coach-astra-owned-20260906/frontend/src/components/DashBoard/Pages/coach-assistant/CoachCommandCenterPage.tsx:42:117)
    at CoachSessionDraftProvider (C:/Users/BigotSmasher/Desktop/@Everything/quick-pt/SS-PT/tmp/worktrees/swan-coach-astra-owned-20260906/frontend/src/components/DashBoard/Pages/coach-assistant/CoachSessionDraftContext.tsx:15:38)
    at Router (C:\Users\BigotSmasher\Desktop\@Everything\quick-pt\SS-PT\tmp\worktrees\swan-coach-astra-owned-20260906\frontend\node_modules\react-router\dist\umd\react-router.development.js:1203:17)
    at MemoryRouter (C:\Users\BigotSmasher\Desktop\@Everything\quick-pt\SS-PT\tmp\worktrees\swan-coach-astra-owned-20260906\frontend\node_modules\react-router\dist\umd\react-router.development.js:1097:7)

[90mstderr[2m | src/components/DashBoard/Pages/coach-assistant/CoachCommandCenterPage.shell.test.tsx[2m > [22m[2mCoachCommandCenterPage shell[2m > [22m[2mrenders loaded history messages in the conversation transcript
[22m[39mWarning: An update to CoachCommandCenterPage inside a test was not wrapped in act(...).

When testing, code that causes React state updates should be wrapped into act(...):

act(() => {
  /* fire events that update state */
});
/* assert on the output */

This ensures that you're testing the behavior the user would see in the browser. Learn more at https://reactjs.org/link/wrap-tests-with-act
    at CoachCommandCenterPage (C:/Users/BigotSmasher/Desktop/@Everything/quick-pt/SS-PT/tmp/worktrees/swan-coach-astra-owned-20260906/frontend/src/components/DashBoard/Pages/coach-assistant/CoachCommandCenterPage.tsx:42:117)
    at CoachSessionDraftProvider (C:/Users/BigotSmasher/Desktop/@Everything/quick-pt/SS-PT/tmp/worktrees/swan-coach-astra-owned-20260906/frontend/src/components/DashBoard/Pages/coach-assistant/CoachSessionDraftContext.tsx:15:38)
    at Router (C:\Users\BigotSmasher\Desktop\@Everything\quick-pt\SS-PT\tmp\worktrees\swan-coach-astra-owned-20260906\frontend\node_modules\react-router\dist\umd\react-router.development.js:1203:17)
    at MemoryRouter (C:\Users\BigotSmasher\Desktop\@Everything\quick-pt\SS-PT\tmp\worktrees\swan-coach-astra-owned-20260906\frontend\node_modules\react-router\dist\umd\react-router.development.js:1097:7)

 [32m✓[39m src/components/DashBoard/Pages/coach-assistant/CoachCommandCardsErrorSafety.test.tsx [2m([22m[2m5 tests[22m[2m)[22m[32m 215[2mms[22m[39m
 [32m✓[39m src/components/DashBoard/Pages/coach-assistant/CoachActionProposalCard.profileCoverageApproval.test.tsx [2m([22m[2m1 test[22m[2m)[22m[32m 261[2mms[22m[39m
 [32m✓[39m src/components/DashBoard/Pages/content-studio/ContentStudioHub.creationBoundary.test.ts [2m([22m[2m4 tests[22m[2m)[22m[32m 3[2mms[22m[39m
 [32m✓[39m src/components/DashBoard/Pages/coach-assistant/CoachCommandCards.confirmState.test.tsx [2m([22m[2m5 tests[22m[2m)[22m[32m 229[2mms[22m[39m
[90mstdout[2m | src/components/DashBoard/Pages/coach-assistant/CoachActionProposalCardErrorSafety.test.tsx
[22m[39m[API] Production mode: false
[API] Base URL: http://localhost:10000

 [32m✓[39m src/components/DashBoard/Pages/admin-workout-planner/planDataBuilder.privacy.test.ts [2m([22m[2m2 tests[22m[2m)[22m[32m 4[2mms[22m[39m
 [32m✓[39m src/components/DashBoard/Pages/coach-assistant/AttachmentPreview.test.tsx [2m([22m[2m5 tests[22m[2m)[22m[32m 206[2mms[22m[39m
 [32m✓[39m src/components/DashBoard/Pages/coach-assistant/CoachActionProposalCardErrorSafety.test.tsx [2m([22m[2m1 test[22m[2m)[22m[32m 198[2mms[22m[39m
 [32m✓[39m src/components/DashBoard/Pages/trainer-dashboard/TrainerMyBookCard.test.tsx [2m([22m[2m4 tests[22m[2m)[22m[32m 204[2mms[22m[39m
 [32m✓[39m src/components/DashBoard/Pages/trainer-dashboard/TrainerDashboardAccessibilityContract.test.ts [2m([22m[2m3 tests[22m[2m)[22m[32m 5[2mms[22m[39m
[90mstdout[2m | src/components/DashBoard/Pages/client-dashboard/ClientMyWorkoutsCoachSnapshot.test.tsx
[22m[39m[API] Production mode: false
[API] Base URL: http://localhost:10000

[90mstdout[2m | src/components/DashBoard/Pages/client-dashboard/ClientMyWorkoutsCoachSnapshot.test.tsx
[22m[39mAPI clients configured for SwanStudios backend

[90mstdout[2m | src/components/DashBoard/Pages/trainer-dashboard/TrainerStellarSidebar.navigation.test.ts
[22m[39m[API] Production mode: false
[API] Base URL: http://localhost:10000

 [32m✓[39m src/components/DashBoard/Pages/client-dashboard/ClientStellarSidebar.navigation.test.ts [2m([22m[2m4 tests[22m[2m)[22m[32m 4[2mms[22m[39m
[90mstdout[2m | src/components/DashBoard/Pages/trainer-dashboard/TrainerStellarSidebar.navigation.test.ts
[22m[39mAPI clients configured for SwanStudios backend

 [32m✓[39m src/components/DashBoard/Pages/trainer-dashboard/TrainerStellarSidebar.navigation.test.ts [2m([22m[2m6 tests[22m[2m)[22m[32m 4[2mms[22m[39m
 [32m✓[39m src/components/DashBoard/Pages/admin-workout-planner/useWorkoutPlannerEquipmentProfileState.test.tsx [2m([22m[2m4 tests[22m[2m)[22m[32m 161[2mms[22m[39m
 [32m✓[39m src/components/DashBoard/Pages/trainer-dashboard/TrainerHomePlannerRoutes.test.tsx [2m([22m[2m2 tests[22m[2m)[22m[33m 1126[2mms[22m[39m
     [33m[2m✓[22m[39m surfaces a next-session Build action that opens the selected-client Workout Planner [33m 948[2mms[22m[39m
 [32m✓[39m src/components/DashBoard/Pages/coach-assistant/CoachCommandCenterOpsDrawer.test.tsx [2m([22m[2m13 tests[22m[2m)[22m[33m 6365[2mms[22m[39m
     [33m[2m✓[22m[39m opens and closes the operator drawer with aria-expanded and Escape handling [33m 3340[2mms[22m[39m
     [33m[2m✓[22m[39m treats the mobile operations drawer as modal and restores the page after close [33m 390[2mms[22m[39m
     [33m[2m✓[22m[39m makes selected-client workout logging and building one-tap ops actions [33m 311[2mms[22m[39m
     [33m[2m✓[22m[39m shows reset-link handoff copy for SwanStudios quick client add responses [33m 642[2mms[22m[39m
     [33m[2m✓[22m[39m adds a client from the operator drawer with human-facing copy without staging canned composer text [33m 533[2mms[22m[39m
 [32m✓[39m src/components/DashBoard/Pages/admin-workout-planner/WorkoutPlannerCommandPanel.extraction.test.ts [2m([22m[2m3 tests[22m[2m)[22m[32m 4[2mms[22m[39m
 [32m✓[39m src/components/DashBoard/Pages/admin-workout-planner/WorkoutPlannerStyles.lineCap.test.ts [2m([22m[2m2 tests[22m[2m)[22m[32m 7[2mms[22m[39m
 [32m✓[39m src/components/DashBoard/Pages/client-dashboard/ClientMyWorkoutsCoachSnapshot.test.tsx [2m([22m[2m1 test[22m[2m)[22m[33m 399[2mms[22m[39m
     [33m[2m✓[22m[39m shows one next best move and sends Coach a compact workout-history snapshot [33m 396[2mms[22m[39m
 [32m✓[39m src/components/DashBoard/Pages/admin-workout-planner/WorkoutPlannerLensFrame.test.tsx [2m([22m[2m2 tests[22m[2m)[22m[32m 244[2mms[22m[39m
 [32m✓[39m src/components/DashBoard/Pages/content-studio/ContentStudioProjects.api.test.ts [2m([22m[2m4 tests[22m[2m)[22m[32m 9[2mms[22m[39m
 [32m✓[39m src/components/DashBoard/Pages/admin-workout-planner/workoutPlannerGenerateIntent.test.ts [2m([22m[2m5 tests[22m[2m)[22m[32m 4[2mms[22m[39m
 [32m✓[39m src/components/DashBoard/Pages/trainer-dashboard/TrainerAssessmentsPage.clientSource.test.tsx [2m([22m[2m2 tests[22m[2m)[22m[33m 363[2mms[22m[39m
 [32m✓[39m src/components/DashBoard/Pages/content-studio/ContentStudioStorageMeter.test.tsx [2m([22m[2m5 tests[22m[2m)[22m[32m 285[2mms[22m[39m
 [32m✓[39m src/components/DashBoard/Pages/admin-workout-planner/SavedPlanCard.currentPlanContract.test.tsx [2m([22m[2m3 tests[22m[2m)[22m[32m 237[2mms[22m[39m
 [32m✓[39m src/components/DashBoard/Pages/admin-workout-planner/useWorkoutPlannerClientState.test.tsx [2m([22m[2m2 tests[22m[2m)[22m[32m 166[2mms[22m[39m
[90mstdout[2m | src/components/DashBoard/Pages/challenges/useChallengeAudienceOptions.test.ts
[22m[39m[API] Production mode: false
[API] Base URL: http://localhost:10000

[90mstdout[2m | src/components/DashBoard/Pages/challenges/useChallengeAudienceOptions.test.ts
[22m[39mAPI clients configured for SwanStudios backend

 [32m✓[39m src/components/DashBoard/Pages/challenges/useChallengeAudienceOptions.test.ts [2m([22m[2m3 tests[22m[2m)[22m[32m 5[2mms[22m[39m
 [32m✓[39m src/components/DashBoard/Pages/client-dashboard/ClientProgressDashboardPage.themeBridge.test.ts [2m([22m[2m2 tests[22m[2m)[22m[32m 4[2mms[22m[39m
 [32m✓[39m src/components/DashBoard/Pages/admin-workout-planner/useWorkoutPlannerGenerationActions.extraction.test.ts [2m([22m[2m2 tests[22m[2m)[22m[32m 3[2mms[22m[39m
[90mstdout[2m | src/components/DashBoard/Pages/client-dashboard/ClientMyWorkoutsLogTodayRoutes.test.tsx
[22m[39m[API] Production mode: false
[API] Base URL: http://localhost:10000

 [32m✓[39m src/components/DashBoard/Pages/admin-workout-planner/plannerGold.contract.test.ts [2m([22m[2m37 tests[22m[2m)[22m[32m 14[2mms[22m[39m
[90mstdout[2m | src/components/DashBoard/Pages/client-dashboard/ClientMyWorkoutsLogTodayRoutes.test.tsx
[22m[39mAPI clients configured for SwanStudios backend

 [32m✓[39m src/components/DashBoard/Pages/admin-workout-planner/workoutPlannerReturnTo.test.ts [2m([22m[2m3 tests[22m[2m)[22m[32m 4[2mms[22m[39m
 [32m✓[39m src/components/DashBoard/Pages/admin-workout-planner/TeachModeSidebar.styleExtraction.test.ts [2m([22m[2m1 test[22m[2m)[22m[32m 3[2mms[22m[39m
 [32m✓[39m src/components/DashBoard/Pages/admin-workout-planner/WorkoutPlannerFilters.test.ts [2m([22m[2m3 tests[22m[2m)[22m[32m 5[2mms[22m[39m
 [32m✓[39m src/components/DashBoard/Pages/admin-workout-planner/WorkoutPlannerBuilderPanel.extraction.test.ts [2m([22m[2m1 test[22m[2m)[22m[32m 3[2mms[22m[39m
 [32m✓[39m src/components/DashBoard/Pages/client-dashboard/CanonicalProgressChartsGrid.themeBridge.test.ts [2m([22m[2m2 tests[22m[2m)[22m[32m 5[2mms[22m[39m
[90mstdout[2m | src/components/DashBoard/Pages/client-dashboard/ClientMyWorkoutsChallengeReceipt.test.tsx
[22m[39m[API] Production mode: false
[API] Base URL: http://localhost:10000

[90mstdout[2m | src/components/DashBoard/Pages/client-dashboard/ClientMyWorkoutsChallengeReceipt.test.tsx
[22m[39mAPI clients configured for SwanStudios backend

 [32m✓[39m src/components/DashBoard/Pages/client-dashboard/ClientMyWorkoutsLogTodayRoutes.test.tsx [2m([22m[2m3 tests[22m[2m)[22m[33m 483[2mms[22m[39m
 [32m✓[39m src/components/DashBoard/Pages/admin-workout-planner/useWorkoutPlannerSavedPlansState.extraction.test.ts [2m([22m[2m1 test[22m[2m)[22m[32m 3[2mms[22m[39m
 [32m✓[39m src/components/DashBoard/Pages/admin-workout-planner/plannerViewMode.test.ts [2m([22m[2m4 tests[22m[2m)[22m[32m 4[2mms[22m[39m
 [32m✓[39m src/components/DashBoard/Pages/client-dashboard/ClientMyWorkoutsChallengeReceipt.test.tsx [2m([22m[2m1 test[22m[2m)[22m[32m 245[2mms[22m[39m
 [32m✓[39m src/components/DashBoard/Pages/client-dashboard/ClientRewardsPage.logic.test.ts [2m([22m[2m3 tests[22m[2m)[22m[32m 18[2mms[22m[39m
 [32m✓[39m src/components/DashBoard/Pages/coach-assistant/CoachAssistantButtonTypePolicy.test.ts [2m([22m[2m1 test[22m[2m)[22m[32m 132[2mms[22m[39m
[90mstdout[2m | src/components/DashBoard/Pages/coach-assistant/CoachActionProposalCardDetailFallback.test.tsx
[22m[39m[API] Production mode: false
[API] Base URL: http://localhost:10000

 [32m✓[39m src/components/DashBoard/Pages/admin-workout-planner/useWorkoutPlannerLoadPlanActions.extraction.test.ts [2m([22m[2m2 tests[22m[2m)[22m[32m 3[2mms[22m[39m
[90mstdout[2m | src/components/DashBoard/Pages/coach-assistant/CoachChatTranscript.test.tsx
[22m[39m[API] Production mode: false
[API] Base URL: http://localhost:10000

 [32m✓[39m src/components/DashBoard/Pages/admin-workout-planner/WorkoutPlanPdfDialog.test.tsx [2m([22m[2m2 tests[22m[2m)[22m[33m 337[2mms[22m[39m
 [32m✓[39m src/components/DashBoard/Pages/coach-assistant/CoachCommandCatalogSheet.focusRestore.test.tsx [2m([22m[2m3 tests[22m[2m)[22m[32m 139[2mms[22m[39m
 [32m✓[39m src/components/DashBoard/Pages/admin-workout-planner/WorkoutPlannerGeneratedPlanSection.extraction.test.ts [2m([22m[2m1 test[22m[2m)[22m[32m 3[2mms[22m[39m
[90mstdout[2m | src/components/DashBoard/Pages/coach-assistant/CoachCommandCenter.proposalCarry.test.tsx
[22m[39m[API] Production mode: false
[API] Base URL: http://localhost:10000

 [32m✓[39m src/components/DashBoard/Pages/admin-workout-planner/useWorkoutPlannerPageActions.extraction.test.ts [2m([22m[2m1 test[22m[2m)[22m[32m 3[2mms[22m[39m
 [32m✓[39m src/components/DashBoard/Pages/admin-workout-planner/useWorkoutPlannerClientState.extraction.test.ts [2m([22m[2m1 test[22m[2m)[22m[32m 3[2mms[22m[39m
 [32m✓[39m src/components/DashBoard/Pages/coach-assistant/CoachActionProposalCardDetailFallback.test.tsx [2m([22m[2m1 test[22m[2m)[22m[32m 209[2mms[22m[39m
 [32m✓[39m src/components/DashBoard/Pages/challenges/challengeTemplateRules.test.ts [2m([22m[2m3 tests[22m[2m)[22m[32m 3[2mms[22m[39m
 [32m✓[39m src/components/DashBoard/Pages/admin-workout-planner/WorkoutPlannerActionControls.accessibility.test.ts [2m([22m[2m1 test[22m[2m)[22m[32m 3[2mms[22m[39m
 [32m✓[39m src/components/DashBoard/Pages/coach-assistant/CoachChatTranscript.test.tsx [2m([22m[2m8 tests[22m[2m)[22m[32m 181[2mms[22m[39m
 [32m✓[39m src/components/DashBoard/Pages/admin-workout-planner/useWorkoutPlannerSaveActions.extraction.test.ts [2m([22m[2m1 test[22m[2m)[22m[32m 3[2mms[22m[39m
 [32m✓[39m src/components/DashBoard/Pages/coach-assistant/CoachCommandCenter.proposalCarry.test.tsx [2m([22m[2m5 tests[22m[2m)[22m[32m 95[2mms[22m[39m
 [32m✓[39m src/components/DashBoard/Pages/admin-workout-planner/WorkoutPlannerExerciseRow.test.tsx [2m([22m[2m2 tests[22m[2m)[22m[32m 226[2mms[22m[39m
 [32m✓[39m src/components/DashBoard/Pages/client-dashboard/ClientHomeTab.accessibility.test.ts [2m([22m[2m3 tests[22m[2m)[22m[32m 4[2mms[22m[39m
 [32m✓[39m src/components/DashBoard/Pages/admin-workout-planner/useWorkoutPlannerPlanContentState.extraction.test.ts [2m([22m[2m1 test[22m[2m)[22m[32m 3[2mms[22m[39m
 [32m✓[39m src/components/DashBoard/Pages/admin-workout-planner/useWorkoutPlannerRolodexState.extraction.test.ts [2m([22m[2m1 test[22m[2m)[22m[32m 3[2mms[22m[39m
 [32m✓[39m src/components/DashBoard/Pages/client-dashboard/CanonicalProgressChartsGrid.brandWiring.test.tsx [2m([22m[2m3 tests[22m[2m)[22m[33m 1949[2mms[22m[39m
     [33m[2m✓[22m[39m feeds a Move Fitness member their own source into the progress-report PDF button [33m 1827[2mms[22m[39m
 [32m✓[39m src/components/DashBoard/Pages/client-dashboard/ClientStellarSidebar.clientSource.test.tsx [2m([22m[2m3 tests[22m[2m)[22m[33m 416[2mms[22m[39m
     [33m[2m✓[22m[39m hides SwanStudios booking for Move Fitness clients while preserving tool access [33m 330[2mms[22m[39m
 [32m✓[39m src/components/DashBoard/Pages/coach-assistant/CoachCommandCenterReviewPanelLazy.test.tsx [2m([22m[2m1 test[22m[2m)[22m[32m 25[2mms[22m[39m
 [32m✓[39m src/components/DashBoard/Pages/coach-assistant/CoachCommandCards.confirmDrift.test.tsx [2m([22m[2m5 tests[22m[2m)[22m[32m 20[2mms[22m[39m
[90mstdout[2m | src/components/DashBoard/Pages/coach-assistant/CoachActionProposalCardSummarySafety.test.tsx
[22m[39m[API] Production mode: false
[API] Base URL: http://localhost:10000

 [32m✓[39m src/components/DashBoard/Pages/coach-assistant/CoachActionProposalCardSummarySafety.test.tsx [2m([22m[2m1 test[22m[2m)[22m[32m 74[2mms[22m[39m
[90mstdout[2m | src/components/DashBoard/Pages/coach-assistant/CoachCommandCenter.actions.chatTruth.test.ts
[22m[39mAPI clients configured for SwanStudios backend

 [32m✓[39m src/components/DashBoard/Pages/coach-assistant/CoachCommandCenter.actions.chatTruth.test.ts [2m([22m[2m7 tests[22m[2m)[22m[32m 10[2mms[22m[39m
 [32m✓[39m src/components/DashBoard/Pages/coach-assistant/CoachCommandCenter.logic.test.ts [2m([22m[2m15 tests[22m[2m)[22m[32m 9[2mms[22m[39m
[90mstdout[2m | src/components/DashBoard/Pages/coach-assistant/CoachCommandCenter.actions.commandError.test.ts
[22m[39mAPI clients configured for SwanStudios backend

 [32m✓[39m src/components/DashBoard/Pages/coach-assistant/CoachCommandCenter.actions.commandError.test.ts [2m([22m[2m3 tests[22m[2m)[22m[32m 8[2mms[22m[39m
 [32m✓[39m src/components/WorkoutLogger/WorkoutLogger.helpers.test.ts [2m([22m[2m12 tests[22m[2m)[22m[32m 9[2mms[22m[39m
 [32m✓[39m src/components/DashBoard/workspaces/MarketingWorkspace.commandCenter.test.ts [2m([22m[2m13 tests[22m[2m)[22m[32m 6[2mms[22m[39m
 [32m✓[39m src/components/WorkoutLogger/NASMExerciseRolodex.sectionFilter.test.ts [2m([22m[2m14 tests[22m[2m)[22m[32m 6[2mms[22m[39m
 [32m✓[39m src/components/DashBoard/Pages/coach-assistant/CoachCommandCenterPage.shell.test.tsx [2m([22m[2m17 tests[22m[2m)[22m[33m 9918[2mms[22m[39m
     [33m[2m✓[22m[39m renders Floor Mode with Talk, Review, History, and a minimal command dock [33m 3197[2mms[22m[39m
     [33m[2m✓[22m[39m keeps secondary tools inside the dock More menu [33m 369[2mms[22m[39m
     [33m[2m✓[22m[39m opens the intake review lane from the dock More menu and moves focus to the review workspace [33m 403[2mms[22m[39m
     [33m[2m✓[22m[39m renders command-created onboarding drafts as actionable prepared-draft cards [33m 474[2mms[22m[39m
     [33m[2m✓[22m[39m lets admins confirm command-lane approval holds from the conversation [33m 3123[2mms[22m[39m
 [32m✓[39m src/hooks/useSheenPointer.test.ts [2m([22m[2m11 tests[22m[2m)[22m[32m 14[2mms[22m[39m
 [32m✓[39m src/components/WorkoutLogger/WorkoutLogger.loadTodaysPlan.test.ts [2m([22m[2m6 tests[22m[2m)[22m[32m 10[2mms[22m[39m
 [32m✓[39m src/components/DashBoard/Pages/challenges/ChallengeCommandWorkspace.source.test.ts [2m([22m[2m7 tests[22m[2m)[22m[32m 17[2mms[22m[39m
 [32m✓[39m src/components/CoachConfirm/confirmationSheetState.test.ts [2m([22m[2m32 tests[22m[2m)[22m[32m 9[2mms[22m[39m
 [32m✓[39m src/components/DashBoard/workspaces/NutritionTodayPanel.logic.test.ts [2m([22m[2m14 tests[22m[2m)[22m[32m 8[2mms[22m[39m
 [32m✓[39m src/pages/dashboard/PlaudIntelligenceWorkspacePage.test.tsx [2m([22m[2m18 tests[22m[2m)[22m[32m 7[2mms[22m[39m
 [32m✓[39m src/services/nasmApiService.submitWorkoutForm.test.ts [2m([22m[2m10 tests[22m[2m)[22m[32m 8[2mms[22m[39m
 [32m✓[39m src/components/WorkoutLogger/useWorkoutLoggerDictation.test.tsx [2m([22m[2m11 tests[22m[2m)[22m[32m 225[2mms[22m[39m
[90mstderr[2m | src/components/WorkoutLogger/useWorkoutSubmit.aiAckTruth.test.tsx[2m > [22m[2mthe acknowledgement fires exactly once per submit[2m > [22m[2macks once even when the request throws
[22m[39mError submitting workout form: Error: network down
    at C:/Users/BigotSmasher/Desktop/@Everything/quick-pt/SS-PT/tmp/worktrees/swan-coach-astra-owned-20260906/frontend/src/components/WorkoutLogger/useWorkoutSubmit.aiAckTruth.test.tsx:189:41
    at [90mfile:///C:/Users/BigotSmasher/Desktop/@Everything/quick-pt/SS-PT/tmp/worktrees/swan-coach-astra-owned-20260906/frontend/[39mnode_modules/[4m@vitest/runner[24m/dist/chunk-artifact.js:302:11
    at [90mfile:///C:/Users/BigotSmasher/Desktop/@Everything/quick-pt/SS-PT/tmp/worktrees/swan-coach-astra-owned-20260906/frontend/[39mnode_modules/[4m@vitest/runner[24m/dist/chunk-artifact.js:1903:26
    at [90mfile:///C:/Users/BigotSmasher/Desktop/@Everything/quick-pt/SS-PT/tmp/worktrees/swan-coach-astra-owned-20260906/frontend/[39mnode_modules/[4m@vitest/runner[24m/dist/chunk-artifact.js:2326:20
    at new Promise (<anonymous>)
    at runWithCancel [90m(file:///C:/Users/BigotSmasher/Desktop/@Everything/quick-pt/SS-PT/tmp/worktrees/swan-coach-astra-owned-20260906/frontend/[39mnode_modules/[4m@vitest/runner[24m/dist/chunk-artifact.js:2323:10[90m)[39m
    at [90mfile:///C:/Users/BigotSmasher/Desktop/@Everything/quick-pt/SS-PT/tmp/worktrees/swan-coach-astra-owned-20260906/frontend/[39mnode_modules/[4m@vitest/runner[24m/dist/chunk-artifact.js:2305:20
    at new Promise (<anonymous>)
    at runWithTimeout [90m(file:///C:/Users/BigotSmasher/Desktop/@Everything/quick-pt/SS-PT/tmp/worktrees/swan-coach-astra-owned-20260906/frontend/[39mnode_modules/[4m@vitest/runner[24m/dist/chunk-artifact.js:2272:10[90m)[39m
    at [90mfile:///C:/Users/BigotSmasher/Desktop/@Everything/quick-pt/SS-PT/tmp/worktrees/swan-coach-astra-owned-20260906/frontend/[39mnode_modules/[4m@vitest/runner[24m/dist/chunk-artifact.js:2955:64

[90mstderr[2m | src/components/WorkoutLogger/useWorkoutSubmit.aiAckTruth.test.tsx[2m > [22m[2mhandleSubmit outcome contract[2m > [22m[2mreturns failed on a 4xx rejection
[22m[39mError submitting workout form: { response: { status: [33m422[39m, data: { message: [32m'bad'[39m } } }

[90mstderr[2m | src/components/WorkoutLogger/useWorkoutSubmit.aiAckTruth.test.tsx[2m > [22m[2mhandleSubmit outcome contract[2m > [22m[2mreturns kept_local when a transport error queues the workout
[22m[39mError submitting workout form: Error: network down
    at C:/Users/BigotSmasher/Desktop/@Everything/quick-pt/SS-PT/tmp/worktrees/swan-coach-astra-owned-20260906/frontend/src/components/WorkoutLogger/useWorkoutSubmit.aiAckTruth.test.tsx:235:41
    at [90mfile:///C:/Users/BigotSmasher/Desktop/@Everything/quick-pt/SS-PT/tmp/worktrees/swan-coach-astra-owned-20260906/frontend/[39mnode_modules/[4m@vitest/runner[24m/dist/chunk-artifact.js:302:11
    at [90mfile:///C:/Users/BigotSmasher/Desktop/@Everything/quick-pt/SS-PT/tmp/worktrees/swan-coach-astra-owned-20260906/frontend/[39mnode_modules/[4m@vitest/runner[24m/dist/chunk-artifact.js:1903:26
    at [90mfile:///C:/Users/BigotSmasher/Desktop/@Everything/quick-pt/SS-PT/tmp/worktrees/swan-coach-astra-owned-20260906/frontend/[39mnode_modules/[4m@vitest/runner[24m/dist/chunk-artifact.js:2326:20
    at new Promise (<anonymous>)
    at runWithCancel [90m(file:///C:/Users/BigotSmasher/Desktop/@Everything/quick-pt/SS-PT/tmp/worktrees/swan-coach-astra-owned-20260906/frontend/[39mnode_modules/[4m@vitest/runner[24m/dist/chunk-artifact.js:2323:10[90m)[39m
    at [90mfile:///C:/Users/BigotSmasher/Desktop/@Everything/quick-pt/SS-PT/tmp/worktrees/swan-coach-astra-owned-20260906/frontend/[39mnode_modules/[4m@vitest/runner[24m/dist/chunk-artifact.js:2305:20
    at new Promise (<anonymous>)
    at runWithTimeout [90m(file:///C:/Users/BigotSmasher/Desktop/@Everything/quick-pt/SS-PT/tmp/worktrees/swan-coach-astra-owned-20260906/frontend/[39mnode_modules/[4m@vitest/runner[24m/dist/chunk-artifact.js:2272:10[90m)[39m
    at [90mfile:///C:/Users/BigotSmasher/Desktop/@Everything/quick-pt/SS-PT/tmp/worktrees/swan-coach-astra-owned-20260906/frontend/[39mnode_modules/[4m@vitest/runner[24m/dist/chunk-artifact.js:2955:64

 [32m✓[39m src/components/WorkoutLogger/useWorkoutSubmit.aiAckTruth.test.tsx [2m([22m[2m22 tests[22m[2m)[22m[32m 44[2mms[22m[39m
[90mstdout[2m | src/pages/PublicWaiverPage.V3.redirect.test.tsx
[22m[39m[API] Production mode: false
[API] Base URL: http://localhost:10000

 [32m✓[39m src/hooks/useWorkoutMcp.planGeneration.test.tsx [2m([22m[2m5 tests[22m[2m)[22m[32m 25[2mms[22m[39m
 [32m✓[39m src/components/TrainerDashboard/WorkoutLogging/EnhancedWorkoutLogger.logic.test.ts [2m([22m[2m17 tests[22m[2m)[22m[32m 8[2mms[22m[39m
 [32m✓[39m src/components/Shared/DashboardTeachMeGuide.routeMatrix.test.ts [2m([22m[2m8 tests[22m[2m)[22m[32m 8[2mms[22m[39m
 [32m✓[39m src/hooks/useCoachCommand.frontendDispatch.test.tsx [2m([22m[2m17 tests[22m[2m)[22m[32m 40[2mms[22m[39m
[90mstdout[2m | src/components/EquipmentManager/EquipmentManagerPage.batchScan.test.tsx
[22m[39m[API] Production mode: false
[API] Base URL: http://localhost:10000

 [32m✓[39m src/adapters/style-lens-swan/v2/labRecipes.test.ts [2m([22m[2m76 tests[22m[2m)[22m[32m 34[2mms[22m[39m
[90mstdout[2m | src/hooks/useChallenges.test.ts
[22m[39m[API] Production mode: false
[API] Base URL: http://localhost:10000

[90mstdout[2m | src/hooks/useChallenges.test.ts
[22m[39mAPI clients configured for SwanStudios backend

 [32m✓[39m src/hooks/useChallenges.test.ts [2m([22m[2m9 tests[22m[2m)[22m[32m 6[2mms[22m[39m
 [32m✓[39m src/components/UniversalMasterSchedule/hooks/useSessionPackagePricing.test.tsx [2m([22m[2m11 tests[22m[2m)[22m[33m 556[2mms[22m[39m
 [32m✓[39m src/utils/coachEventLog.test.ts [2m([22m[2m20 tests[22m[2m)[22m[32m 11[2mms[22m[39m
 [32m✓[39m src/adapters/style-lens-swan/worlds/docTruth.test.ts [2m([22m[2m9 tests[22m[2m)[22m[32m 15[2mms[22m[39m
 [32m✓[39m src/components/AdvancedGamification/AdvancedGamificationMountedRpg.hardening.test.tsx [2m([22m[2m11 tests[22m[2m)[22m[33m 622[2mms[22m[39m
 [32m✓[39m src/components/FoodTracker/MealPhotoReview.test.tsx [2m([22m[2m12 tests[22m[2m)[22m[33m 718[2mms[22m[39m
 [32m✓[39m src/components/DashBoard/workspaces/NutritionTodayPanel.test.tsx [2m([22m[2m11 tests[22m[2m)[22m[33m 1372[2mms[22m[39m
     [33m[2m✓[22m[39m renders real macro totals, hydration state, and a nutrition streak [33m 324[2mms[22m[39m
     [33m[2m✓[22m[39m uses one-tap controls for hydration and existing nutrition tabs [33m 329[2mms[22m[39m
 [32m✓[39m src/components/DashBoard/workspaces/clients-team/tabs/ClientWorkoutPlansPanel.logic.test.ts [2m([22m[2m7 tests[22m[2m)[22m[32m 10[2mms[22m[39m
 [32m✓[39m src/components/DashBoard/dashboardSupersetInvariant.test.ts [2m([22m[2m6 tests[22m[2m)[22m[32m 5[2mms[22m[39m
[90mstdout[2m | src/components/PlaudClipMerge/PlaudPendingReviewsList.test.tsx
[22m[39m[API] Production mode: false
[API] Base URL: http://localhost:10000

 [32m✓[39m src/components/FoodTracker/mealPhotoLog.test.ts [2m([22m[2m19 tests[22m[2m)[22m[32m 10[2mms[22m[39m
[90mstderr[2m | src/components/EquipmentManager/EquipmentManagerPage.batchScan.test.tsx[2m > [22m[2mEquipmentManagerPage V2 batch scan tray[2m > [22m[2mbulk-approves selected pending scan items from the batch tray
[22m[39m[API] Response error: {
  status: [90mundefined[39m,
  message: [32m'Network Error'[39m,
  url: [32m'/api/equipment-insights/profile/1/gap-report'[39m
}

 [32m✓[39m src/hooks/voice/useVoiceCapture.test.ts [2m([22m[2m11 tests[22m[2m)[22m[32m 51[2mms[22m[39m
[90mstderr[2m | src/components/EquipmentManager/EquipmentManagerPage.batchScan.test.tsx[2m > [22m[2mEquipmentManagerPage V2 batch scan tray[2m > [22m[2mbulk-approves selected pending scan items from the batch tray
[22m[39m[API] Response error: {
  status: [90mundefined[39m,
  message: [32m'Network Error'[39m,
  url: [32m'/api/equipment-insights/profile/1/gap-report'[39m
}

[90mstderr[2m | src/components/EquipmentManager/EquipmentManagerPage.batchScan.test.tsx[2m > [22m[2mEquipmentManagerPage V2 batch scan tray[2m > [22m[2mbulk-rejects a selected pending scan item without touching unselected rows
[22m[39m[API] Response error: {
  status: [90mundefined[39m,
  message: [32m'Network Error'[39m,
  url: [32m'/api/equipment-insights/profile/1/gap-report'[39m
}

 [32m✓[39m src/components/PlaudClipMerge/PlaudPendingReviewsList.test.tsx [2m([22m[2m18 tests[22m[2m)[22m[32m 236[2mms[22m[39m
[90mstderr[2m | src/components/EquipmentManager/EquipmentManagerPage.batchScan.test.tsx[2m > [22m[2mEquipmentManagerPage V2 batch scan tray[2m > [22m[2mkeeps duplicate-only scan metadata visible beside the terminal scan error
[22m[39m[API] Response error: {
  status: [90mundefined[39m,
  message: [32m'Network Error'[39m,
  url: [32m'/api/equipment-insights/profile/1/gap-report'[39m
}

 [32m✓[39m src/components/EquipmentManager/EquipmentManagerPage.batchScan.test.tsx [2m([22m[2m4 tests[22m[2m)[22m[33m 1090[2mms[22m[39m
     [33m[2m✓[22m[39m renders all created items, duplicate matches, and possible items without auto-opening the first item [33m 767[2mms[22m[39m
 [32m✓[39m src/components/UniversalMasterSchedule/SessionDetailModal.logic.test.ts [2m([22m[2m13 tests[22m[2m)[22m[32m 6[2mms[22m[39m
 [32m✓[39m src/components/Social/Challenges/ChallengesView.logic.test.ts [2m([22m[2m11 tests[22m[2m)[22m[32m 21[2mms[22m[39m
 [32m✓[39m src/components/UserDashboard/components/CreativeGallery.test.tsx [2m([22m[2m13 tests[22m[2m)[22m[33m 1417[2mms[22m[39m
     [33m[2m✓[22m[39m renders media posts as gallery cards and keeps tags as pressed controls [33m 363[2mms[22m[39m
     [33m[2m✓[22m[39m filters visible creative media by selected tag and explains empty filtered categories [33m 515[2mms[22m[39m
 [32m✓[39m src/components/DashBoard/Pages/admin-payouts/AdminTrainerPayoutsPanel.test.tsx [2m([22m[2m7 tests[22m[2m)[22m[33m 578[2mms[22m[39m
 [32m✓[39m src/components/DashBoard/workspaces/clients-team/tabs/NutritionTabContent.test.tsx [2m([22m[2m11 tests[22m[2m)[22m[33m 1189[2mms[22m[39m
     [33m[2m✓[22m[39m renders the 30-second IA: header, adherence hero, targets, stepper, diary [33m 386[2mms[22m[39m
[90mstdout[2m | src/components/WorkoutLogger/WorkoutLogger.clientMount.test.tsx
[22m[39m[API] Production mode: false
[API] Base URL: http://localhost:10000

 [32m✓[39m src/components/TrainerDashboard/WorkoutLogging/EnhancedWorkoutLogger.clientRoute.test.ts [2m([22m[2m13 tests[22m[2m)[22m[32m 5[2mms[22m[39m
 [32m✓[39m src/hooks/gamification/useGamificationData.test.tsx [2m([22m[2m6 tests[22m[2m)[22m[33m 1462[2mms[22m[39m
     [33m[2m✓[22m[39m does not turn a total profile outage into a synthetic zero-XP profile [33m 1056[2mms[22m[39m
[90mstdout[2m | src/components/EquipmentManager/EquipmentManagerPage.walkTheGym.test.tsx
[22m[39m[API] Production mode: false
[API] Base URL: http://localhost:10000

 [32m✓[39m src/components/AvatarHome/AvatarHomePage.safeMutation.test.tsx [2m([22m[2m6 tests[22m[2m)[22m[33m 719[2mms[22m[39m
     [33m[2m✓[22m[39m shows safe feedback when Avatar Home mode persistence fails [33m 427[2mms[22m[39m
 [32m✓[39m src/components/Shared/DashboardTeachMeGuide.test.tsx [2m([22m[2m7 tests[22m[2m)[22m[33m 876[2mms[22m[39m
     [33m[2m✓[22m[39m renders the admin Coach terminal guide and can hand the workflow to Coach [33m 554[2mms[22m[39m
 [32m✓[39m src/components/UserDashboard/components/AboutSection.test.tsx [2m([22m[2m5 tests[22m[2m)[22m[33m 501[2mms[22m[39m
     [33m[2m✓[22m[39m renders profile progress and earned achievement information from gamification data [33m 416[2mms[22m[39m
 [32m✓[39m src/components/BootcampBuilder/BootcampBuilderPage.contract.test.ts [2m([22m[2m14 tests[22m[2m)[22m[32m 7[2mms[22m[39m
 [32m✓[39m src/components/WorkoutLogger/useWorkoutDraft.test.ts [2m([22m[2m10 tests[22m[2m)[22m[32m 27[2mms[22m[39m
 [32m✓[39m src/components/DashBoard/Pages/challenges/ChallengeDraftCreator.render.test.tsx [2m([22m[2m7 tests[22m[2m)[22m[33m 2447[2mms[22m[39m
     [33m[2m✓[22m[39m guides staff through one setup step at a time before showing the create action [33m 426[2mms[22m[39m
     [33m[2m✓[22m[39m submits a draft payload for the selected template [33m 466[2mms[22m[39m
     [33m[2m✓[22m[39m stops forward navigation on invalid audience, goal, and schedule fields [33m 376[2mms[22m[39m
     [33m[2m✓[22m[39m submits a public campaign with an active publish state when publish mode is changed [33m 403[2mms[22m[39m
     [33m[2m✓[22m[39m shows the guided creation sequence and review preview before posting [33m 350[2mms[22m[39m
     [33m[2m✓[22m[39m keeps operational setup resilient when optional template arrays are absent [33m 368[2mms[22m[39m
 [32m✓[39m src/components/TrainerDashboard/ClientManagement/MyClientsView.clientCardAccessibility.test.tsx [2m([22m[2m10 tests[22m[2m)[22m[33m 596[2mms[22m[39m
     [33m[2m✓[22m[39m uses the same Clients & Team card chrome and action vocabulary [33m 328[2mms[22m[39m
[90mstdout[2m | src/components/AIAssistant/ClientPicker.test.tsx
[22m[39m[API] Production mode: false
[API] Base URL: http://localhost:10000

[90mstdout[2m | src/components/AIAssistant/ClientPicker.test.tsx
[22m[39mAPI clients configured for SwanStudios backend

 [32m✓[39m src/components/DashBoard/Pages/admin-dashboard/components/ContactNotifications.truth.test.ts [2m([22m[2m11 tests[22m[2m)[22m[32m 7[2mms[22m[39m
 [32m✓[39m src/pages/PublicWaiverPage.V3.redirect.test.tsx [2m([22m[2m9 tests[22m[2m)[22m[33m 2267[2mms[22m[39m
     [33m[2m✓[22m[39m honours the returnUrl the waiver gate wrote, instead of a hardcoded dashboard [33m 749[2mms[22m[39m
     [33m[2m✓[22m[39m falls back to the dashboard when no returnUrl is present [33m 337[2mms[22m[39m
     [33m[2m✓[22m[39m refuses an off-site returnUrl rather than becoming an open redirect [33m 343[2mms[22m[39m
[90mstderr[2m | src/components/EquipmentManager/EquipmentManagerPage.walkTheGym.test.tsx[2m > [22m[2mEquipmentManagerPage S7 walk-the-gym session[2m > [22m[2mstill lists a photo in the filmstrip when its scan found nothing
[22m[39m[API] Response error: {
  status: [90mundefined[39m,
  message: [32m'Network Error'[39m,
  url: [32m'/api/equipment-insights/profile/1/gap-report'[39m
}

 [32m✓[39m src/components/UniversalMasterSchedule/hooks/useSessionCancellation.test.tsx [2m([22m[2m9 tests[22m[2m)[22m[32m 28[2mms[22m[39m
[90mstderr[2m | src/components/EquipmentManager/EquipmentManagerPage.walkTheGym.test.tsx[2m > [22m[2mEquipmentManagerPage S7 walk-the-gym session[2m > [22m[2mkeeps single-photo runs on today’s behavior with no session header
[22m[39m[API] Response error: {
  status: [90mundefined[39m,
  message: [32m'Network Error'[39m,
  url: [32m'/api/equipment-insights/profile/1/gap-report'[39m
}

[90mstderr[2m | src/components/EquipmentManager/EquipmentManagerPage.walkTheGym.test.tsx
[22m[39m[API] Response error: {
  status: [90mundefined[39m,
  message: [32m'Network Error'[39m,
  url: [32m'/api/equipment-insights/profile/1/gap-report'[39m
}

 [32m✓[39m src/components/EquipmentManager/EquipmentManagerPage.walkTheGym.test.tsx [2m([22m[2m3 tests[22m[2m)[22m[33m 770[2mms[22m[39m
     [33m[2m✓[22m[39m merges two queued photos into ONE tray with a session header and merge receipt [33m 701[2mms[22m[39m
 [32m✓[39m src/components/AIAssistant/ClientPicker.test.tsx [2m([22m[2m9 tests[22m[2m)[22m[33m 346[2mms[22m[39m
 [32m✓[39m src/components/DashBoard/workspaces/ClientActivationQueuePanel.test.tsx [2m([22m[2m3 tests[22m[2m)[22m[33m 397[2mms[22m[39m
     [33m[2m✓[22m[39m uses fallback client identity when paid activation rows have blank names [33m 308[2mms[22m[39m
[90mstderr[2m | src/components/WorkoutLogger/runner/runnerConformance.test.tsx[2m > [22m[2mswap-storm: switching styles never remounts the host or loses the engine[2m > [22m[2mcycles every shipped style over the SAME engine object without a crash
[22m[39mWarning: An update to RunnerCollection inside a test was not wrapped in act(...).

When testing, code that causes React state updates should be wrapped into act(...):

act(() => {
  /* fire events that update state */
});
/* assert on the output */

This ensures that you're testing the behavior the user would see in the browser. Learn more at https://reactjs.org/link/wrap-tests-with-act
    at RunnerCollection (C:/Users/BigotSmasher/Desktop/@Everything/quick-pt/SS-PT/tmp/worktrees/swan-coach-astra-owned-20260906/frontend/src/components/WorkoutLogger/runner/RunnerCollection.tsx:31:3)
Warning: An update to RunnerCollection inside a test was not wrapped in act(...).

When testing, code that causes React state updates should be wrapped into act(...):

act(() => {
  /* fire events that update state */
});
/* assert on the output */

This ensures that you're testing the behavior the user would see in the browser. Learn more at https://reactjs.org/link/wrap-tests-with-act
    at RunnerCollection (C:/Users/BigotSmasher/Desktop/@Everything/quick-pt/SS-PT/tmp/worktrees/swan-coach-astra-owned-20260906/frontend/src/components/WorkoutLogger/runner/RunnerCollection.tsx:31:3)
Warning: An update to RunnerCollection inside a test was not wrapped in act(...).

When testing, code that causes React state updates should be wrapped into act(...):

act(() => {
  /* fire events that update state */
});
/* assert on the output */

This ensures that you're testing the behavior the user would see in the browser. Learn more at https://reactjs.org/link/wrap-tests-with-act
    at RunnerCollection (C:/Users/BigotSmasher/Desktop/@Everything/quick-pt/SS-PT/tmp/worktrees/swan-coach-astra-owned-20260906/frontend/src/components/WorkoutLogger/runner/RunnerCollection.tsx:31:3)
Warning: An update to RunnerCollection inside a test was not wrapped in act(...).

When testing, code that causes React state updates should be wrapped into act(...):

act(() => {
  /* fire events that update state */
});
/* assert on the output */

This ensures that you're testing the behavior the user would see in the browser. Learn more at https://reactjs.org/link/wrap-tests-with-act
    at RunnerCollection (C:/Users/BigotSmasher/Desktop/@Everything/quick-pt/SS-PT/tmp/worktrees/swan-coach-astra-owned-20260906/frontend/src/components/WorkoutLogger/runner/RunnerCollection.tsx:31:3)
Warning: An update to RunnerCollection inside a test was not wrapped in act(...).

When testing, code that causes React state updates should be wrapped into act(...):

act(() => {
  /* fire events that update state */
});
/* assert on the output */

This ensures that you're testing the behavior the user would see in the browser. Learn more at https://reactjs.org/link/wrap-tests-with-act
    at RunnerCollection (C:/Users/BigotSmasher/Desktop/@Everything/quick-pt/SS-PT/tmp/worktrees/swan-coach-astra-owned-20260906/frontend/src/components/WorkoutLogger/runner/RunnerCollection.tsx:31:3)
Warning: An update to RunnerCollection inside a test was not wrapped in act(...).

When testing, code that causes React state updates should be wrapped into act(...):

act(() => {
  /* fire events that update state */
});
/* assert on the output */

This ensures that you're testing the behavior the user would see in the browser. Learn more at https://reactjs.org/link/wrap-tests-with-act
    at RunnerCollection (C:/Users/BigotSmasher/Desktop/@Everything/quick-pt/SS-PT/tmp/worktrees/swan-coach-astra-owned-20260906/frontend/src/components/WorkoutLogger/runner/RunnerCollection.tsx:31:3)

 [32m✓[39m src/hooks/aiAuthTransport.test.ts [2m([22m[2m8 tests[22m[2m)[22m[32m 8[2mms[22m[39m
[90mstdout[2m | src/components/PlaudClipMerge/PlaudMergeReviewFocus.test.tsx
[22m[39m[API] Production mode: false
[API] Base URL: http://localhost:10000

 [32m✓[39m src/components/DashBoard/themeSync.contract.test.ts [2m([22m[2m6 tests[22m[2m)[22m[32m 8[2mms[22m[39m
 [32m✓[39m src/components/DashBoard/Pages/coach-assistant/coachTranscriptDays.test.ts [2m([22m[2m2 tests[22m[2m)[22m[32m 19[2mms[22m[39m
[90mstdout[2m | src/components/WorkoutLogger/WorkoutLogger.assignmentPrefill.test.tsx
[22m[39m[API] Production mode: false
[API] Base URL: http://localhost:10000

 [32m✓[39m src/components/DashBoard/Pages/coach-assistant/useCoachWorkoutDraftSubmit.test.ts [2m([22m[2m1 test[22m[2m)[22m[32m 18[2mms[22m[39m
 [32m✓[39m src/components/WorkoutLogger/runner/runnerConformance.test.tsx [2m([22m[2m19 tests[22m[2m)[22m[33m 1457[2mms[22m[39m
     [33m[2m✓[22m[39m mounts with its data-runner-skin marker and the session fixture [33m 380[2mms[22m[39m
 [32m✓[39m src/components/DashBoard/Pages/coach-assistant/CoachSessionDraftContext.test.tsx [2m([22m[2m2 tests[22m[2m)[22m[32m 17[2mms[22m[39m
 [32m✓[39m src/components/DashBoard/Pages/coach-assistant/CoachOnboardingWorkbench.logic.test.ts [2m([22m[2m4 tests[22m[2m)[22m[32m 7[2mms[22m[39m
Error: skin exploded
    at Object.renderExerciseCard (C:/Users/BigotSmasher/Desktop/@Everything/quick-pt/SS-PT/tmp/worktrees/swan-coach-astra-owned-20260906/frontend/src/components/WorkoutLogger/runner/FocusFlowSkin.test.tsx:166:41)
    at FocusFlowSkin (C:/Users/BigotSmasher/Desktop/@Everything/quick-pt/SS-PT/tmp/worktrees/swan-coach-astra-owned-20260906/frontend/src/components/WorkoutLogger/runner/FocusFlowSkin.tsx:261:26)
    at renderWithHooks (C:\Users\BigotSmasher\Desktop\@Everything\quick-pt\SS-PT\tmp\worktrees\swan-coach-astra-owned-20260906\frontend\node_modules\react-dom\cjs\react-dom.development.js:15486:18)
    at mountIndeterminateComponent (C:\Users\BigotSmasher\Desktop\@Everything\quick-pt\SS-PT\tmp\worktrees\swan-coach-astra-owned-20260906\frontend\node_modules\react-dom\cjs\react-dom.development.js:20103:13)
    at beginWork (C:\Users\BigotSmasher\Desktop\@Everything\quick-pt\SS-PT\tmp\worktrees\swan-coach-astra-owned-20260906\frontend\node_modules\react-dom\cjs\react-dom.development.js:21626:16)
    at HTMLUnknownElement.callCallback (C:\Users\BigotSmasher\Desktop\@Everything\quick-pt\SS-PT\tmp\worktrees\swan-coach-astra-owned-20260906\frontend\node_modules\react-dom\cjs\react-dom.development.js:4164:14)
    at HTMLUnknownElement.callTheUserObjectsOperation (C:\Users\BigotSmasher\Desktop\@Everything\quick-pt\SS-PT\tmp\worktrees\swan-coach-astra-owned-20260906\frontend\node_modules\jsdom\lib\jsdom\living\generated\EventListener.js:26:30)
    at innerInvokeEventListeners (C:\Users\BigotSmasher\Desktop\@Everything\quick-pt\SS-PT\tmp\worktrees\swan-coach-astra-owned-20260906\frontend\node_modules\jsdom\lib\jsdom\living\events\EventTarget-impl.js:360:16)
    at invokeEventListeners (C:\Users\BigotSmasher\Desktop\@Everything\quick-pt\SS-PT\tmp\worktrees\swan-coach-astra-owned-20260906\frontend\node_modules\jsdom\lib\jsdom\living\events\EventTarget-impl.js:296:3)
    at HTMLUnknownElementImpl._dispatch (C:\Users\BigotSmasher\Desktop\@Everything\quick-pt\SS-PT\tmp\worktrees\swan-coach-astra-owned-20260906\frontend\node_modules\jsdom\lib\jsdom\living\events\EventTarget-impl.js:243:9)
 [32m✓[39m src/components/DashBoard/Pages/coach-assistant/CoachIntakeRetentionCandidates.identity.test.ts [2m([22m[2m2 tests[22m[2m)[22m[32m 5[2mms[22m[39m
Error: skin exploded
    at Object.renderExerciseCard (C:/Users/BigotSmasher/Desktop/@Everything/quick-pt/SS-PT/tmp/worktrees/swan-coach-astra-owned-20260906/frontend/src/components/WorkoutLogger/runner/FocusFlowSkin.test.tsx:166:41)
    at FocusFlowSkin (C:/Users/BigotSmasher/Desktop/@Everything/quick-pt/SS-PT/tmp/worktrees/swan-coach-astra-owned-20260906/frontend/src/components/WorkoutLogger/runner/FocusFlowSkin.tsx:261:26)
    at renderWithHooks (C:\Users\BigotSmasher\Desktop\@Everything\quick-pt\SS-PT\tmp\worktrees\swan-coach-astra-owned-20260906\frontend\node_modules\react-dom\cjs\react-dom.development.js:15486:18)
    at mountIndeterminateComponent (C:\Users\BigotSmasher\Desktop\@Everything\quick-pt\SS-PT\tmp\worktrees\swan-coach-astra-owned-20260906\frontend\node_modules\react-dom\cjs\react-dom.development.js:20103:13)
    at beginWork (C:\Users\BigotSmasher\Desktop\@Everything\quick-pt\SS-PT\tmp\worktrees\swan-coach-astra-owned-20260906\frontend\node_modules\react-dom\cjs\react-dom.development.js:21626:16)
    at HTMLUnknownElement.callCallback (C:\Users\BigotSmasher\Desktop\@Everything\quick-pt\SS-PT\tmp\worktrees\swan-coach-astra-owned-20260906\frontend\node_modules\react-dom\cjs\react-dom.development.js:4164:14)
    at HTMLUnknownElement.callTheUserObjectsOperation (C:\Users\BigotSmasher\Desktop\@Everything\quick-pt\SS-PT\tmp\worktrees\swan-coach-astra-owned-20260906\frontend\node_modules\jsdom\lib\jsdom\living\generated\EventListener.js:26:30)
    at innerInvokeEventListeners (C:\Users\BigotSmasher\Desktop\@Everything\quick-pt\SS-PT\tmp\worktrees\swan-coach-astra-owned-20260906\frontend\node_modules\jsdom\lib\jsdom\living\events\EventTarget-impl.js:360:16)
    at invokeEventListeners (C:\Users\BigotSmasher\Desktop\@Everything\quick-pt\SS-PT\tmp\worktrees\swan-coach-astra-owned-20260906\frontend\node_modules\jsdom\lib\jsdom\living\events\EventTarget-impl.js:296:3)
    at HTMLUnknownElementImpl._dispatch (C:\Users\BigotSmasher\Desktop\@Everything\quick-pt\SS-PT\tmp\worktrees\swan-coach-astra-owned-20260906\frontend\node_modules\jsdom\lib\jsdom\living\events\EventTarget-impl.js:243:9)
 [32m✓[39m src/components/WorkoutLogger/runner/FocusFlowSkin.test.tsx [2m([22m[2m11 tests[22m[2m)[22m[33m 469[2mms[22m[39m
 [32m✓[39m src/components/PlaudClipMerge/PlaudMergeReviewFocus.test.tsx [2m([22m[2m7 tests[22m[2m)[22m[33m 525[2mms[22m[39m
 [32m✓[39m src/components/DashBoard/Pages/coach-assistant/CoachMessageWorkoutImportIdentity.test.ts [2m([22m[2m2 tests[22m[2m)[22m[32m 7[2mms[22m[39m
[90mstdout[2m | src/components/DashBoard/Pages/coach-assistant/useCoachActionProposalController.test.ts
[22m[39m[API] Production mode: false
[API] Base URL: http://localhost:10000

 [32m✓[39m src/components/DashBoard/Pages/coach-assistant/CoachRouteContext.test.ts [2m([22m[2m7 tests[22m[2m)[22m[32m 7[2mms[22m[39m
 [32m✓[39m src/components/DashBoard/Pages/coach-assistant/useCoachActionProposalController.test.ts [2m([22m[2m1 test[22m[2m)[22m[32m 14[2mms[22m[39m
 [32m✓[39m src/components/DashBoard/Pages/coach-assistant/coachWorkoutDraftContract.test.ts [2m([22m[2m4 tests[22m[2m)[22m[32m 6[2mms[22m[39m
 [32m✓[39m src/components/DashBoard/Pages/coach-assistant/SwanCoachWorkoutLoggerRoute.test.ts [2m([22m[2m11 tests[22m[2m)[22m[32m 5[2mms[22m[39m
 [32m✓[39m src/components/DashBoard/Pages/coach-assistant/SwanCoachWorkoutPlannerRoute.test.ts [2m([22m[2m9 tests[22m[2m)[22m[32m 5[2mms[22m[39m
 [32m✓[39m src/components/DashBoard/Pages/coach-assistant/coachSessionDraftState.test.ts [2m([22m[2m4 tests[22m[2m)[22m[32m 5[2mms[22m[39m
 [32m✓[39m src/components/WorkoutLogger/handoff/PostSaveHandoff.test.tsx [2m([22m[2m17 tests[22m[2m)[22m[33m 625[2mms[22m[39m
 [32m✓[39m src/components/WorkoutLogger/WorkoutLogger.clientMount.test.tsx [2m([22m[2m4 tests[22m[2m)[22m[33m 518[2mms[22m[39m
     [33m[2m✓[22m[39m mounts without throwing ReferenceError for executeLoadClientData [33m 400[2mms[22m[39m
 [32m✓[39m src/components/DashBoard/Pages/coach-assistant/SwanCoachAssistantPage.styleExtraction.test.ts [2m([22m[2m2 tests[22m[2m)[22m[32m 9[2mms[22m[39m
 [32m✓[39m src/components/DashBoard/Pages/coach-assistant/CoachIntakeOperationalText.logic.test.ts [2m([22m[2m5 tests[22m[2m)[22m[32m 5[2mms[22m[39m
 [32m✓[39m src/components/DashBoard/Pages/coach-assistant/CoachCommandLogEntry.truth.test.ts [2m([22m[2m2 tests[22m[2m)[22m[32m 5[2mms[22m[39m
 [32m✓[39m src/components/DashBoard/Pages/coach-assistant/CoachIntakeResponsiveContract.test.ts [2m([22m[2m5 tests[22m[2m)[22m[32m 5[2mms[22m[39m
 [32m✓[39m src/components/Charts/charts/live/deprecatedEndpointGuard.test.ts [2m([22m[2m30 tests[22m[2m)[22m[32m 5[2mms[22m[39m
 [32m✓[39m src/components/DashBoard/Pages/admin-clients/components/useCopilotSingleWorkoutActions.test.ts [2m([22m[2m4 tests[22m[2m)[22m[32m 21[2mms[22m[39m
 [32m✓[39m src/components/CoachIntentBar/CoachIntentBar.test.tsx [2m([22m[2m16 tests[22m[2m)[22m[33m 1715[2mms[22m[39m
     [33m[2m✓[22m[39m Enter with no match submits the raw utterance — plain speech is never blocked by the list [33m 714[2mms[22m[39m
 [32m✓[39m src/components/UserDashboard/components/HomeTabProofViewModel.weekDays.test.ts [2m([22m[2m15 tests[22m[2m)[22m[32m 7[2mms[22m[39m
[90mstdout[2m | src/services/adminClientService.test.ts
[22m[39m[API] Production mode: false
[API] Base URL: http://localhost:10000

 [32m✓[39m src/services/adminClientService.test.ts [2m([22m[2m7 tests[22m[2m)[22m[32m 9[2mms[22m[39m
 [32m✓[39m src/components/CoachConfirm/confirmationProjection.robustness.test.ts [2m([22m[2m52 tests[22m[2m)[22m[32m 10[2mms[22m[39m
[90mstdout[2m | src/tests/hooks/useClientDashboardMcp.test.tsx[2m > [22m[2museClientDashboardMcp[2m > [22m[2mshould initialize with loading state and fetch data on mount
[22m[39mSuccessfully synchronized client dashboard data from SwanStudios APIs {
  progress: [32m'Success'[39m,
  gamification: [32m'Success'[39m,
  trainingProgram: [32m'Success'[39m,
  timestamp: [32m'2026-09-11T20:02:42.025Z'[39m
}

[90mstdout[2m | src/tests/hooks/useClientDashboardMcp.test.tsx[2m > [22m[2museClientDashboardMcp[2m > [22m[2mshould tolerate API errors during refreshAll without crashing
[22m[39mSuccessfully synchronized client dashboard data from SwanStudios APIs {
  progress: [32m'Failed'[39m,
  gamification: [32m'Success'[39m,
  trainingProgram: [32m'Failed'[39m,
  timestamp: [32m'2026-09-11T20:02:42.089Z'[39m
}

[90mstdout[2m | src/tests/hooks/useClientDashboardMcp.test.tsx[2m > [22m[2museClientDashboardMcp[2m > [22m[2mrefreshAll function should reload all data
[22m[39mSuccessfully synchronized client dashboard data from SwanStudios APIs {
  progress: [32m'Success'[39m,
  gamification: [32m'Success'[39m,
  trainingProgram: [32m'Success'[39m,
  timestamp: [32m'2026-09-11T20:02:42.163Z'[39m
}

[90mstdout[2m | src/hooks/useTrainerTodaySessions.logic.test.ts
[22m[39m[API] Production mode: false
[API] Base URL: http://localhost:10000

[90mstdout[2m | src/tests/hooks/useClientDashboardMcp.test.tsx[2m > [22m[2museClientDashboardMcp[2m > [22m[2mrefreshAll function should reload all data
[22m[39mSuccessfully synchronized client dashboard data from SwanStudios APIs {
  progress: [32m'Success'[39m,
  gamification: [32m'Success'[39m,
  trainingProgram: [32m'Success'[39m,
  timestamp: [32m'2026-09-11T20:02:42.240Z'[39m
}

[90mstdout[2m | src/tests/hooks/useClientDashboardMcp.test.tsx[2m > [22m[2museClientDashboardMcp[2m > [22m[2mindividual refresh functions should only update their specific data
[22m[39mSuccessfully synchronized client dashboard data from SwanStudios APIs {
  progress: [32m'Success'[39m,
  gamification: [32m'Success'[39m,
  trainingProgram: [32m'Success'[39m,
  timestamp: [32m'2026-09-11T20:02:42.243Z'[39m
}

[90mstdout[2m | src/hooks/useTrainerTodaySessions.logic.test.ts
[22m[39mAPI clients configured for SwanStudios backend

[90mstdout[2m | src/pages/dashboard/PlaudMergePage.test.tsx
[22m[39m[API] Production mode: false
[API] Base URL: http://localhost:10000

 [32m✓[39m src/hooks/useTrainerTodaySessions.logic.test.ts [2m([22m[2m13 tests[22m[2m)[22m[32m 6[2mms[22m[39m
 [32m✓[39m src/tests/hooks/useClientDashboardMcp.test.tsx [2m([22m[2m4 tests[22m[2m)[22m[33m 308[2mms[22m[39m
 [32m✓[39m src/components/Admin/AdminImpersonation.source.test.ts [2m([22m[2m5 tests[22m[2m)[22m[32m 10[2mms[22m[39m
[90mstdout[2m | src/components/MyEquipment/MyEquipmentPage.test.tsx
[22m[39m[API] Production mode: false
[API] Base URL: http://localhost:10000

 [32m✓[39m src/components/UniversalMasterSchedule/hooks/useSessionCompletion.test.tsx [2m([22m[2m8 tests[22m[2m)[22m[32m 73[2mms[22m[39m
[90mstdout[2m | src/components/DashBoard/Pages/admin-clients/CreateClientModal.test.tsx
[22m[39m[API] Production mode: false
[API] Base URL: http://localhost:10000

[90mstdout[2m | src/components/UserDashboard/hooks/useBannerCompositionState.test.tsx
[22m[39m[API] Production mode: false
[API] Base URL: http://localhost:10000

[90mstderr[2m | src/components/UserDashboard/hooks/useBannerCompositionState.test.tsx[2m > [22m[2museBannerCompositionState[2m > [22m[2mrolls crop previews back when crop persistence fails
[22m[39mUser dashboard banner crop save failed.

 [32m✓[39m src/components/DashBoard/Pages/admin-dashboard/components/opsAggregates.truth.test.tsx [2m([22m[2m13 tests[22m[2m)[22m[33m 354[2mms[22m[39m
[90mstderr[2m | src/components/UserDashboard/hooks/useBannerCompositionState.test.tsx[2m > [22m[2museBannerCompositionState[2m > [22m[2mrolls collage uploads back when profile persistence fails
[22m[39mUser dashboard banner collage photos save failed.

[90mstderr[2m | src/components/UserDashboard/hooks/useBannerCompositionState.test.tsx[2m > [22m[2museBannerCompositionState[2m > [22m[2mrolls collage removals back when profile persistence fails
[22m[39mUser dashboard banner collage photo removal failed.

 [32m✓[39m src/components/UserDashboard/hooks/useBannerCompositionState.test.tsx [2m([22m[2m8 tests[22m[2m)[22m[32m 88[2mms[22m[39m
 [32m✓[39m src/pages/dashboard/PlaudMergePage.test.tsx [2m([22m[2m17 tests[22m[2m)[22m[32m 224[2mms[22m[39m
[90mstdout[2m | src/components/UniversalMasterSchedule/hooks/useTrainingPlanProjections.test.ts
[22m[39m[API] Production mode: false
[API] Base URL: http://localhost:10000

 [32m✓[39m src/components/BadgeCreator/BadgeGalleryPanel.safeMutation.test.tsx [2m([22m[2m7 tests[22m[2m)[22m[33m 2962[2mms[22m[39m
     [33m[2m✓[22m[39m shows safe assign failure copy without leaking raw backend messages [33m 578[2mms[22m[39m
     [33m[2m✓[22m[39m encodes the badge id before posting assignment requests [33m 356[2mms[22m[39m
     [33m[2m✓[22m[39m saves badge edits and optional replacement image through dedicated admin routes [33m 1578[2mms[22m[39m
 [32m✓[39m src/components/WorkoutLogger/WorkoutLoggerCoachTerminal.test.tsx [2m([22m[2m7 tests[22m[2m)[22m[32m 269[2mms[22m[39m
 [32m✓[39m src/hooks/useAIChat.conversationIsolation.test.tsx [2m([22m[2m5 tests[22m[2m)[22m[32m 28[2mms[22m[39m
[90mstderr[2m | src/components/MyEquipment/MyEquipmentPage.test.tsx[2m > [22m[2mMyEquipmentPage[2m > [22m[2mrenders the cinematic empty state with the scan CTA when there is no gear
[22m[39m[API] Response error: {
  status: [90mundefined[39m,
  message: [32m'Network Error'[39m,
  url: [32m'/api/equipment-insights/profile/1/gap-report'[39m
}

 [32m✓[39m src/components/UniversalMasterSchedule/SessionDetailFooterActions.test.tsx [2m([22m[2m8 tests[22m[2m)[22m[32m 290[2mms[22m[39m
 [32m✓[39m src/hooks/profile/useProfile.statsStatus.test.tsx [2m([22m[2m6 tests[22m[2m)[22m[33m 512[2mms[22m[39m
 [32m✓[39m src/utils/imageUrl.siblingSweep.test.ts [2m([22m[2m58 tests[22m[2m)[22m[32m 11[2mms[22m[39m
[90mstdout[2m | src/context/GlobalClientContext.test.ts
[22m[39m[API] Production mode: false
[API] Base URL: http://localhost:10000

 [32m✓[39m src/components/DashBoard/progress-proof/ChartExpandModal.test.tsx [2m([22m[2m9 tests[22m[2m)[22m[33m 334[2mms[22m[39m
[90mstdout[2m | src/context/GlobalClientContext.test.ts
[22m[39mAPI clients configured for SwanStudios backend

 [32m✓[39m src/components/WorkoutLogger/SaveSuccessPanel.test.tsx [2m([22m[2m12 tests[22m[2m)[22m[33m 397[2mms[22m[39m
 [32m✓[39m src/components/EquipmentManager/equipmentScanSessionMerge.test.ts [2m([22m[2m10 tests[22m[2m)[22m[32m 7[2mms[22m[39m
 [32m✓[39m src/context/GlobalClientContext.test.ts [2m([22m[2m13 tests[22m[2m)[22m[32m 7[2mms[22m[39m
 [32m✓[39m src/components/DashBoard/Pages/client-dashboard/plan/ClientPlanDetailModal.test.tsx [2m([22m[2m10 tests[22m[2m)[22m[33m 712[2mms[22m[39m
     [33m[2m✓[22m[39m fetches the client-scoped full-plan read and shows EVERY week [33m 320[2mms[22m[39m
 [32m✓[39m src/components/WorkoutLogger/WorkoutLogger.submitReceipt.test.ts [2m([22m[2m8 tests[22m[2m)[22m[32m 5[2mms[22m[39m
 [32m✓[39m src/components/BadgeCreator/BadgeCreatorPage.safeMutation.test.tsx [2m([22m[2m11 tests[22m[2m)[22m[33m 6354[2mms[22m[39m
     [33m[2m✓[22m[39m shows safe generation failure copy without leaking backend messages [33m 917[2mms[22m[39m
     [33m[2m✓[22m[39m blocks concurrent generation before React can rerender disabled state [33m 574[2mms[22m[39m
     [33m[2m✓[22m[39m rejects unsafe successful generation image URLs before preview or save [33m 628[2mms[22m[39m
     [33m[2m✓[22m[39m rejects successful generation payloads with malformed credit counts [33m 619[2mms[22m[39m
     [33m[2m✓[22m[39m keeps regenerate gated when the first generation exhausts credits [33m 691[2mms[22m[39m
     [33m[2m✓[22m[39m shows safe save failure copy without leaking backend messages [33m 1000[2mms[22m[39m
     [33m[2m✓[22m[39m blocks concurrent save before React can rerender disabled state [33m 977[2mms[22m[39m
     [33m[2m✓[22m[39m shows safe network copy for transport failures [33m 578[2mms[22m[39m
 [32m✓[39m src/config/contentSecurityPolicy.test.ts [2m([22m[2m13 tests[22m[2m)[22m[32m 7[2mms[22m[39m
 [32m✓[39m src/components/UniversalMasterSchedule/hooks/useTrainingPlanProjections.test.ts [2m([22m[2m7 tests[22m[2m)[22m[33m 551[2mms[22m[39m
 [32m✓[39m src/components/MyEquipment/MyEquipmentPage.test.tsx [2m([22m[2m5 tests[22m[2m)[22m[33m 913[2mms[22m[39m
     [33m[2m✓[22m[39m renders places and inventory grouped by movement pattern with pending dots [33m 399[2mms[22m[39m
 [32m✓[39m src/components/DashBoard/Pages/client-dashboard/observatory/ClientObservatoryFeed.test.tsx [2m([22m[2m8 tests[22m[2m)[22m[33m 671[2mms[22m[39m
 [32m✓[39m src/components/Social/Challenges/ChallengesView.truth.test.ts [2m([22m[2m8 tests[22m[2m)[22m[32m 5[2mms[22m[39m
 [32m✓[39m src/components/DashBoard/Pages/admin-clients/CreateClientModal.test.tsx [2m([22m[2m8 tests[22m[2m)[22m[33m 1441[2mms[22m[39m
     [33m[2m✓[22m[39m does not close when the backdrop is clicked [33m 432[2mms[22m[39m
     [33m[2m✓[22m[39m requires confirmation before discarding a partially entered client draft [33m 385[2mms[22m[39m
 [32m✓[39m src/context/GlobalClientContext.actorSwitch.test.tsx [2m([22m[2m3 tests[22m[2m)[22m[32m 63[2mms[22m[39m
 [32m✓[39m src/components/FoodTracker/FoodSearchPanel.addToLog.test.tsx [2m([22m[2m10 tests[22m[2m)[22m[33m 7868[2mms[22m[39m
     [33m[2m✓[22m[39m queries the backend food-search proxy instead of browser provider APIs [33m 866[2mms[22m[39m
     [33m[2m✓[22m[39m ignores a stale search response that resolves after the latest query [33m 1256[2mms[22m[39m
     [33m[2m✓[22m[39m hands a searched food to the shared review contract without writing first [33m 730[2mms[22m[39m
     [33m[2m✓[22m[39m logs a searched food to /api/macros with DB macros (usda_lookup, verified:false) and refreshes macros [33m 733[2mms[22m[39m
     [33m[2m✓[22m[39m uses the selected meal type when adding a searched food [33m 869[2mms[22m[39m
     [33m[2m✓[22m[39m does not save malformed external macro fields as credible nutrition values [33m 728[2mms[22m[39m
     [33m[2m✓[22m[39m does not render packaged foods without a stable external id [33m 664[2mms[22m[39m
     [33m[2m✓[22m[39m distinguishes provider downtime from an empty result and offers retry [33m 720[2mms[22m[39m
     [33m[2m✓[22m[39m blocks a rapid double-tap from double-logging the same searched food [33m 641[2mms[22m[39m
     [33m[2m✓[22m[39m shows safe copy and does not mark added when the save fails [33m 657[2mms[22m[39m
 [32m✓[39m src/utils/parseAIWorkoutPlan.queue.test.ts [2m([22m[2m11 tests[22m[2m)[22m[32m 11[2mms[22m[39m
 [32m✓[39m src/components/voice/VoiceModeOverlay/VoiceModeOverlay.test.tsx [2m([22m[2m9 tests[22m[2m)[22m[33m 320[2mms[22m[39m
 [32m✓[39m src/context/ThemeContext/newColorwaySpecs.audit.test.ts [2m([22m[2m20 tests[22m[2m)[22m[32m 9[2mms[22m[39m
 [32m✓[39m src/components/DashBoard/Pages/challenges/ChallengeCommandWorkspace.lifecycle.test.tsx [2m([22m[2m10 tests[22m[2m)[22m[33m 911[2mms[22m[39m
     [33m[2m✓[22m[39m publishes a draft challenge as a private cohort from the live tab action [33m 344[2mms[22m[39m
[90mstdout[2m | src/context/GlobalClientContext.actorScope.test.ts
[22m[39m[API] Production mode: false
[API] Base URL: http://localhost:10000

[90mstdout[2m | src/context/GlobalClientContext.actorScope.test.ts
[22m[39mAPI clients configured for SwanStudios backend

 [32m✓[39m src/components/DashBoard/Pages/admin-dashboard/components/PendingOrdersAdminPanel.truth.test.tsx [2m([22m[2m6 tests[22m[2m)[22m[33m 598[2mms[22m[39m
     [33m[2m✓[22m[39m normalizes backend pending_payment carts into actionable pending orders [33m 430[2mms[22m[39m
 [32m✓[39m src/context/GlobalClientContext.actorScope.test.ts [2m([22m[2m15 tests[22m[2m)[22m[32m 6[2mms[22m[39m
 [32m✓[39m src/components/DashBoard/workspaces/MarketingAuthPipeline.truth.test.ts [2m([22m[2m2 tests[22m[2m)[22m[32m 7[2mms[22m[39m
 [32m✓[39m src/utils/theme/themeUtils.aliases.test.ts [2m([22m[2m8 tests[22m[2m)[22m[32m 47[2mms[22m[39m
 [32m✓[39m src/components/Shared/DashboardTeachMeGuide.logic.test.ts [2m([22m[2m6 tests[22m[2m)[22m[32m 6[2mms[22m[39m
 [32m✓[39m src/adapters/style-lens-swan/worlds/lawA.test.ts [2m([22m[2m6 tests[22m[2m)[22m[32m 8[2mms[22m[39m
 [32m✓[39m src/components/BootcampBuilder/BootcampCommandDeck.logic.test.ts [2m([22m[2m7 tests[22m[2m)[22m[32m 6[2mms[22m[39m
 [32m✓[39m src/components/EquipmentManager/equipmentScanBatch.test.ts [2m([22m[2m7 tests[22m[2m)[22m[32m 7[2mms[22m[39m
 [32m✓[39m src/components/WorkoutLogger/WorkoutLogger.assignmentPrefill.test.tsx [2m([22m[2m2 tests[22m[2m)[22m[33m 2830[2mms[22m[39m
     [33m[2m✓[22m[39m loads todayAssignment.exercises when currentSession is absent [33m 2744[2mms[22m[39m
 [32m✓[39m src/adapters/style-lens-swan/worlds/fontLoading.test.ts [2m([22m[2m2 tests[22m[2m)[22m[32m 4[2mms[22m[39m
[90mstdout[2m | src/components/DashBoard/Pages/admin-support/OwnerSupportInboxPage.test.tsx
[22m[39mAPI clients configured for SwanStudios backend

 [32m✓[39m src/components/DashBoard/Pages/challenges/challengeDraftForm.test.ts [2m([22m[2m8 tests[22m[2m)[22m[32m 9[2mms[22m[39m
 [32m✓[39m src/components/CoachConfirm/ConfirmationSheet.projection.test.tsx [2m([22m[2m5 tests[22m[2m)[22m[32m 239[2mms[22m[39m
[90mstdout[2m | src/components/WorkoutLogger/WorkoutLogger.coachPendingPlan.test.tsx
[22m[39m[API] Production mode: false
[API] Base URL: http://localhost:10000

 [32m✓[39m src/components/BootcampBuilder/runner/audienceDirector.test.ts [2m([22m[2m12 tests[22m[2m)[22m[32m 12[2mms[22m[39m
[90mstdout[2m | src/components/WorkoutLogger/WorkoutLogger.scheduledPlanPrefill.test.tsx
[22m[39m[API] Production mode: false
[API] Base URL: http://localhost:10000

 [32m✓[39m src/adapters/style-lens-swan/contract/__tests__/designValueGuard.test.ts [2m([22m[2m12 tests[22m[2m)[22m[32m 16[2mms[22m[39m
 [32m✓[39m src/components/DashBoard/workspaces/ClientsWorkspaceTabs.identity.test.tsx [2m([22m[2m5 tests[22m[2m)[22m[33m 551[2mms[22m[39m
 [32m✓[39m src/components/DashBoard/workspaces/clients-team/tabs/NutritionCoachTab.logic.test.ts [2m([22m[2m21 tests[22m[2m)[22m[32m 29[2mms[22m[39m
 [32m✓[39m src/routes/adminBypassFlagsUnwritten.contract.test.ts [2m([22m[2m9 tests[22m[2m)[22m[32m 114[2mms[22m[39m
 [32m✓[39m src/components/TrainerDashboard/ClientProgress/EnhancedClientProgressView.truth.test.ts [2m([22m[2m13 tests[22m[2m)[22m[32m 5[2mms[22m[39m
 [32m✓[39m src/components/Shared/AITerminalPanel.deepResearch.test.tsx [2m([22m[2m7 tests[22m[2m)[22m[33m 335[2mms[22m[39m
 [32m✓[39m src/components/DashBoard/Pages/admin-support/OwnerSupportInboxPage.test.tsx [2m([22m[2m5 tests[22m[2m)[22m[33m 941[2mms[22m[39m
     [33m[2m✓[22m[39m loads the queue and copies a de-identified agent-ready prompt [33m 426[2mms[22m[39m
 [32m✓[39m src/components/DashBoard/UniversalDashboardLayout.retryContract.test.ts [2m([22m[2m9 tests[22m[2m)[22m[32m 6[2mms[22m[39m
 [32m✓[39m src/components/DashBoard/workspaces/NutritionWorkspace.nutritionOS.test.tsx [2m([22m[2m4 tests[22m[2m)[22m[33m 1738[2mms[22m[39m
     [33m[2m✓[22m[39m surfaces one five-mode capture rail and keeps barcode scanning embedded [33m 642[2mms[22m[39m
     [33m[2m✓[22m[39m keeps non-capture nutrition surfaces reachable through the segmented bar [33m 302[2mms[22m[39m
     [33m[2m✓[22m[39m routes restaurant foods into the shared review drawer before saving macros [33m 611[2mms[22m[39m
 [32m✓[39m src/components/TrainerDashboard/ClientManagement/MyClientsView.styleExtraction.test.ts [2m([22m[2m8 tests[22m[2m)[22m[32m 10[2mms[22m[39m
 [32m✓[39m src/components/UniversalMasterSchedule/hooks/useSessionDetailPermissions.test.tsx [2m([22m[2m8 tests[22m[2m)[22m[32m 31[2mms[22m[39m
[90mstdout[2m | src/components/DashBoard/workspaces/ClientsWorkspaceTopBar.test.tsx
[22m[39m[API] Production mode: false
[API] Base URL: http://localhost:10000

 [32m✓[39m src/components/BootcampBuilder/runner/swapDeck.test.ts [2m([22m[2m12 tests[22m[2m)[22m[32m 12[2mms[22m[39m
[90mstderr[2m | src/services/clientTrainerAssignmentService.contract.test.ts[2m > [22m[2mgetClientAssignments — response shape[2m > [22m[2mTHROWS on a { success: false } envelope instead of reporting no assignments
[22m[39mError fetching client assignments: Error: validation failed
    at ClientTrainerAssignmentService.getClientAssignments (C:/Users/BigotSmasher/Desktop/@Everything/quick-pt/SS-PT/tmp/worktrees/swan-coach-astra-owned-20260906/frontend/src/services/clientTrainerAssignmentService.ts:102:15)
[90m    at processTicksAndRejections (node:internal/process/task_queues:104:5)[39m

[90mstderr[2m | src/services/clientTrainerAssignmentService.contract.test.ts[2m > [22m[2mgetClientAssignments — response shape[2m > [22m[2mTHROWS on an unrecognised body rather than asserting emptiness
[22m[39mError fetching client assignments: Error: Unrecognised assignment response shape
    at ClientTrainerAssignmentService.getClientAssignments (C:/Users/BigotSmasher/Desktop/@Everything/quick-pt/SS-PT/tmp/worktrees/swan-coach-astra-owned-20260906/frontend/src/services/clientTrainerAssignmentService.ts:112:13)
[90m    at processTicksAndRejections (node:internal/process/task_queues:104:5)[39m

 [32m✓[39m src/components/Shared/SwanExercisePicker/SwanExercisePicker.test.tsx [2m([22m[2m9 tests[22m[2m)[22m[33m 1050[2mms[22m[39m
     [33m[2m✓[22m[39m survives the full 840-exercise library (smoke) [33m 673[2mms[22m[39m
[90mstderr[2m | src/services/clientTrainerAssignmentService.contract.test.ts[2m > [22m[2mgetClientAssignments — response shape[2m > [22m[2mdoes not deactivate or create anything when the lookup fails
[22m[39mError fetching client assignments: Error: boom
    at ClientTrainerAssignmentService.getClientAssignments (C:/Users/BigotSmasher/Desktop/@Everything/quick-pt/SS-PT/tmp/worktrees/swan-coach-astra-owned-20260906/frontend/src/services/clientTrainerAssignmentService.ts:102:15)
[90m    at processTicksAndRejections (node:internal/process/task_queues:104:5)[39m
    at ClientTrainerAssignmentService.unassignClient (C:/Users/BigotSmasher/Desktop/@Everything/quick-pt/SS-PT/tmp/worktrees/swan-coach-astra-owned-20260906/frontend/src/services/clientTrainerAssignmentService.ts:268:27)

[90mstderr[2m | src/services/clientTrainerAssignmentService.contract.test.ts[2m > [22m[2mgetClientAssignments — response shape[2m > [22m[2mdoes not deactivate or create anything when the lookup fails
[22m[39mError unassigning client: Error: boom
    at ClientTrainerAssignmentService.getClientAssignments (C:/Users/BigotSmasher/Desktop/@Everything/quick-pt/SS-PT/tmp/worktrees/swan-coach-astra-owned-20260906/frontend/src/services/clientTrainerAssignmentService.ts:102:15)
[90m    at processTicksAndRejections (node:internal/process/task_queues:104:5)[39m
    at ClientTrainerAssignmentService.unassignClient (C:/Users/BigotSmasher/Desktop/@Everything/quick-pt/SS-PT/tmp/worktrees/swan-coach-astra-owned-20260906/frontend/src/services/clientTrainerAssignmentService.ts:268:27)

 [32m✓[39m src/services/clientTrainerAssignmentService.contract.test.ts [2m([22m[2m12 tests[22m[2m)[22m[32m 13[2mms[22m[39m
 [32m✓[39m src/components/FoodTracker/VoiceNutritionPanel.test.tsx [2m([22m[2m7 tests[22m[2m)[22m[33m 3655[2mms[22m[39m
     [33m[2m✓[22m[39m drafts a typed meal into the editable review panel via /api/meal-plans/parse-voice [33m 813[2mms[22m[39m
     [33m[2m✓[22m[39m hands a parsed voice meal to the shared review contract without saving first [33m 416[2mms[22m[39m
     [33m[2m✓[22m[39m saves drafted voice meals with voice source provenance [33m 625[2mms[22m[39m
     [33m[2m✓[22m[39m surfaces low-confidence follow-up questions before saving [33m 380[2mms[22m[39m
     [33m[2m✓[22m[39m shows a friendly message and no review panel when nothing parses (422) [33m 436[2mms[22m[39m
     [33m[2m✓[22m[39m does not surface raw backend or provider messages when voice parsing fails [33m 489[2mms[22m[39m
     [33m[2m✓[22m[39m does not blame the meal text when the voice endpoint returns an upgrade gate [33m 494[2mms[22m[39m
[90mstdout[2m | src/services/training-plan-projection-service.test.ts
[22m[39m[API] Production mode: false
[API] Base URL: http://localhost:10000

 [32m✓[39m src/components/CoachIntentBar/intentBarState.test.ts [2m([22m[2m20 tests[22m[2m)[22m[32m 6[2mms[22m[39m
 [32m✓[39m src/services/training-plan-projection-service.test.ts [2m([22m[2m14 tests[22m[2m)[22m[32m 24[2mms[22m[39m
 [32m✓[39m src/components/TrainerDashboard/ClientManagement/MyClientsView.adminViewAs.test.ts [2m([22m[2m15 tests[22m[2m)[22m[32m 6[2mms[22m[39m
 [32m✓[39m src/components/EquipmentIQ/EquipmentIQPanel.test.tsx [2m([22m[2m8 tests[22m[2m)[22m[33m 313[2mms[22m[39m
[90mstdout[2m | src/components/PlaudClipMerge/PlaudClipMergePanel.render.test.tsx
[22m[39m[API] Production mode: false
[API] Base URL: http://localhost:10000

 [32m✓[39m src/utils/localDate.test.ts [2m([22m[2m19 tests[22m[2m)[22m[32m 6[2mms[22m[39m
 [32m✓[39m src/components/UserDashboard/components/ClientDashboardHome.viewModel.test.ts [2m([22m[2m9 tests[22m[2m)[22m[32m 24[2mms[22m[39m
 [32m✓[39m src/components/DashBoard/workspaces/ClientsWorkspaceTopBar.test.tsx [2m([22m[2m7 tests[22m[2m)[22m[33m 753[2mms[22m[39m
     [33m[2m✓[22m[39m uses fallback client identity in selected-client admin actions [33m 338[2mms[22m[39m
 [32m✓[39m src/components/FoodTracker/NutritionReviewDrawer.atomic.test.tsx [2m([22m[2m7 tests[22m[2m)[22m[33m 1200[2mms[22m[39m
     [33m[2m✓[22m[39m submits a multi-food review as one idempotent draft request [33m 343[2mms[22m[39m
 [32m✓[39m src/components/PlaudClipMerge/PlaudClipMergePanel.render.test.tsx [2m([22m[2m4 tests[22m[2m)[22m[33m 373[2mms[22m[39m
 [32m✓[39m src/components/FoodTracker/MealPlanTab.sections.test.tsx [2m([22m[2m6 tests[22m[2m)[22m[33m 545[2mms[22m[39m
 [32m✓[39m src/adapters/style-lens-swan/worlds/variantVocabulary.test.ts [2m([22m[2m4 tests[22m[2m)[22m[32m 12[2mms[22m[39m
 [32m✓[39m src/adapters/style-lens-swan/swanStyleLensRegistry.test.ts [2m([22m[2m32 tests[22m[2m)[22m[32m 17[2mms[22m[39m
 [32m✓[39m src/components/AvatarHome/CrystallineMarketplace.safeError.test.tsx [2m([22m[2m6 tests[22m[2m)[22m[33m 691[2mms[22m[39m
     [33m[2m✓[22m[39m shows safe purchase failure copy without leaking raw backend messages [33m 328[2mms[22m[39m
 [32m✓[39m src/components/DashBoard/Pages/admin-dashboard/components/RealTimeSignupMonitoring.truth.test.tsx [2m([22m[2m5 tests[22m[2m)[22m[33m 357[2mms[22m[39m
 [32m✓[39m src/types/gamification.test.ts [2m([22m[2m9 tests[22m[2m)[22m[32m 6[2mms[22m[39m
 [32m✓[39m src/components/DashBoard/workspaces/ClientsWorkspace.manualCreateExternal.test.tsx [2m([22m[2m1 test[22m[2m)[22m[33m 2618[2mms[22m[39m
     [33m[2m✓[22m[39m shows a claim-link handoff for Move Fitness clients from the canonical Client Hub [33m 2615[2mms[22m[39m
 [32m✓[39m src/hooks/NutritionHooksAuthPipeline.test.tsx [2m([22m[2m2 tests[22m[2m)[22m[32m 8[2mms[22m[39m
 [32m✓[39m src/components/appearance/AppearanceSyncBridge.test.tsx [2m([22m[2m5 tests[22m[2m)[22m[32m 237[2mms[22m[39m
 [32m✓[39m src/components/UniversalMasterSchedule/components/ScheduleDayStrip.test.tsx [2m([22m[2m6 tests[22m[2m)[22m[33m 427[2mms[22m[39m
     [33m[2m✓[22m[39m renders the ribbon with drill-down tap semantics and a Today pill [33m 310[2mms[22m[39m
 [32m✓[39m src/components/BootcampBuilder/BootcampDemoMode.contract.test.ts [2m([22m[2m8 tests[22m[2m)[22m[32m 5[2mms[22m[39m
 [32m✓[39m src/pages/shop/StoreV3.cancelRecovery.test.tsx [2m([22m[2m14 tests[22m[2m)[22m[33m 866[2mms[22m[39m
     [33m[2m✓[22m[39m opens the cart when returning from a cancelled checkout [33m 385[2mms[22m[39m
 [32m✓[39m src/pages/support/SupportVoiceCapture.test.tsx [2m([22m[2m5 tests[22m[2m)[22m[32m 275[2mms[22m[39m
 [32m✓[39m src/components/UniversalMasterSchedule/SessionDetailModal.actions.test.ts [2m([22m[2m8 tests[22m[2m)[22m[32m 5[2mms[22m[39m
 [32m✓[39m src/components/DashBoard/Pages/admin-sessions/AdminSessions.dialogExtraction.test.ts [2m([22m[2m5 tests[22m[2m)[22m[32m 8[2mms[22m[39m
[90mstdout[2m | src/pages/support/SupportReportRoomPage.test.tsx
[22m[39mAPI clients configured for SwanStudios backend

[90mstderr[2m | src/context/AuthContext.refreshSession.test.tsx[2m > [22m[2mAuthProvider session refresh on boot[2m > [22m[2mkeeps a complete stored session when the boot profile check hits a transient server error
[22m[39mAuth check failed: { response: { status: [33m503[39m } }

[90mstderr[2m | src/context/AuthContext.refreshSession.test.tsx[2m > [22m[2mAuthProvider session refresh on boot[2m > [22m[2mclears the stored session when the boot profile check returns 401
[22m[39mAuth check failed: { response: { status: [33m401[39m } }

 [32m✓[39m src/context/AuthContext.refreshSession.test.tsx [2m([22m[2m4 tests[22m[2m)[22m[32m 77[2mms[22m[39m
 [32m✓[39m src/components/AdvancedGamification/components/CompanionPet/useCompanionPet.hardening.test.tsx [2m([22m[2m7 tests[22m[2m)[22m[33m 419[2mms[22m[39m
 [32m✓[39m src/components/DashBoard/Pages/admin-dashboard/components/SessionTrackingWidget.truth.test.tsx [2m([22m[2m6 tests[22m[2m)[22m[32m 261[2mms[22m[39m
 [32m✓[39m src/components/DashBoard/Pages/coach-assistant/SwanCoachAssistantPage.transcriptReviewSplit.test.ts [2m([22m[2m6 tests[22m[2m)[22m[32m 4[2mms[22m[39m
 [32m✓[39m src/components/DashBoard/Pages/coach-assistant/CoachWorkoutEndToEndRoutes.test.ts [2m([22m[2m3 tests[22m[2m)[22m[32m 6[2mms[22m[39m
 [32m✓[39m src/components/DashBoard/Pages/admin-dashboard/components/RecentActivityFeed.truth.test.tsx [2m([22m[2m6 tests[22m[2m)[22m[32m 202[2mms[22m[39m
 [32m✓[39m src/components/DashBoard/workspaces/clients-team/tabs/SettingsTabContent.realData.test.tsx [2m([22m[2m6 tests[22m[2m)[22m[33m 514[2mms[22m[39m
 [32m✓[39m src/hooks/voice/useCoachSpeech.test.ts [2m([22m[2m11 tests[22m[2m)[22m[32m 25[2mms[22m[39m
 [32m✓[39m src/components/ConsoleOS/ConsoleAtmosphere.contract.test.ts [2m([22m[2m7 tests[22m[2m)[22m[32m 6[2mms[22m[39m
[90mstderr[2m | src/components/WorkoutLogger/WorkoutLogger.coachPendingPlan.test.tsx[2m > [22m[2mWorkoutLogger Coach pending plan handoff[2m > [22m[2mkeeps a Coach-staged workout queued when the wrong client logger opens
[22m[39mWarning: An update to EquipmentContextChip inside a test was not wrapped in act(...).

When testing, code that causes React state updates should be wrapped into act(...):

act(() => {
  /* fire events that update state */
});
/* assert on the output */

This ensures that you're testing the behavior the user would see in the browser. Learn more at https://reactjs.org/link/wrap-tests-with-act
    at EquipmentContextChip (C:/Users/BigotSmasher/Desktop/@Everything/quick-pt/SS-PT/tmp/worktrees/swan-coach-astra-owned-20260906/frontend/src/components/Shared/EquipmentContextChip.tsx:52:3)
    at div
    at MotionComponent (file:///C:/Users/BigotSmasher/Desktop/@Everything/quick-pt/SS-PT/tmp/worktrees/swan-coach-astra-owned-20260906/frontend/node_modules/framer-motion/dist/es/motion/index.mjs:33:16)
    at S (C:\Users\BigotSmasher\Desktop\@Everything\quick-pt\SS-PT\tmp\worktrees\swan-coach-astra-owned-20260906\frontend\node_modules\styled-components\dist\styled-components.cjs.js:1:27898)
    at div
    at S (C:\Users\BigotSmasher\Desktop\@Everything\quick-pt\SS-PT\tmp\worktrees\swan-coach-astra-owned-20260906\frontend\node_modules\styled-components\dist\styled-components.cjs.js:1:27898)
    at LensPlanFrame (C:/Users/BigotSmasher/Desktop/@Everything/quick-pt/SS-PT/tmp/worktrees/swan-coach-astra-owned-20260906/frontend/src/components/DashBoard/Pages/workout-design-lab/LensPlanFrame.tsx:56:3)
    at div
    at S (C:\Users\BigotSmasher\Desktop\@Everything\quick-pt\SS-PT\tmp\worktrees\swan-coach-astra-owned-20260906\frontend\node_modules\styled-components\dist\styled-components.cjs.js:1:27898)
    at SurfaceLensGate (C:/Users/BigotSmasher/Desktop/@Everything/quick-pt/SS-PT/tmp/worktrees/swan-coach-astra-owned-20260906/frontend/src/adapters/style-lens-swan/v2/SurfaceLensGate.tsx:13:28)
    at Frame (C:/Users/BigotSmasher/Desktop/@Everything/quick-pt/SS-PT/tmp/worktrees/swan-coach-astra-owned-20260906/frontend/src/adapters/style-lens-swan/v2/SurfaceLensGate.tsx:51:20)
    at C:/Users/BigotSmasher/Desktop/@Everything/quick-pt/SS-PT/tmp/worktrees/swan-coach-astra-owned-20260906/frontend/src/components/WorkoutLogger/NASMLearningMode.tsx:19:3
    at WorkoutLogger (C:/Users/BigotSmasher/Desktop/@Everything/quick-pt/SS-PT/tmp/worktrees/swan-coach-astra-owned-20260906/frontend/src/components/WorkoutLogger/WorkoutLogger.tsx:90:3)
    at Router (C:\Users\BigotSmasher\Desktop\@Everything\quick-pt\SS-PT\tmp\worktrees\swan-coach-astra-owned-20260906\frontend\node_modules\react-router\dist\umd\react-router.development.js:1203:17)
    at MemoryRouter (C:\Users\BigotSmasher\Desktop\@Everything\quick-pt\SS-PT\tmp\worktrees\swan-coach-astra-owned-20260906\frontend\node_modules\react-router\dist\umd\react-router.development.js:1097:7)
Warning: An update to EquipmentContextChip inside a test was not wrapped in act(...).

When testing, code that causes React state updates should be wrapped into act(...):

act(() => {
  /* fire events that update state */
});
/* assert on the output */

This ensures that you're testing the behavior the user would see in the browser. Learn more at https://reactjs.org/link/wrap-tests-with-act
    at EquipmentContextChip (C:/Users/BigotSmasher/Desktop/@Everything/quick-pt/SS-PT/tmp/worktrees/swan-coach-astra-owned-20260906/frontend/src/components/Shared/EquipmentContextChip.tsx:52:3)
    at div
    at MotionComponent (file:///C:/Users/BigotSmasher/Desktop/@Everything/quick-pt/SS-PT/tmp/worktrees/swan-coach-astra-owned-20260906/frontend/node_modules/framer-motion/dist/es/motion/index.mjs:33:16)
    at S (C:\Users\BigotSmasher\Desktop\@Everything\quick-pt\SS-PT\tmp\worktrees\swan-coach-astra-owned-20260906\frontend\node_modules\styled-components\dist\styled-components.cjs.js:1:27898)
    at div
    at S (C:\Users\BigotSmasher\Desktop\@Everything\quick-pt\SS-PT\tmp\worktrees\swan-coach-astra-owned-20260906\frontend\node_modules\styled-components\dist\styled-components.cjs.js:1:27898)
    at LensPlanFrame (C:/Users/BigotSmasher/Desktop/@Everything/quick-pt/SS-PT/tmp/worktrees/swan-coach-astra-owned-20260906/frontend/src/components/DashBoard/Pages/workout-design-lab/LensPlanFrame.tsx:56:3)
    at div
    at S (C:\Users\BigotSmasher\Desktop\@Everything\quick-pt\SS-PT\tmp\worktrees\swan-coach-astra-owned-20260906\frontend\node_modules\styled-components\dist\styled-components.cjs.js:1:27898)
    at SurfaceLensGate (C:/Users/BigotSmasher/Desktop/@Everything/quick-pt/SS-PT/tmp/worktrees/swan-coach-astra-owned-20260906/frontend/src/adapters/style-lens-swan/v2/SurfaceLensGate.tsx:13:28)
    at Frame (C:/Users/BigotSmasher/Desktop/@Everything/quick-pt/SS-PT/tmp/worktrees/swan-coach-astra-owned-20260906/frontend/src/adapters/style-lens-swan/v2/SurfaceLensGate.tsx:51:20)
    at C:/Users/BigotSmasher/Desktop/@Everything/quick-pt/SS-PT/tmp/worktrees/swan-coach-astra-owned-20260906/frontend/src/components/WorkoutLogger/NASMLearningMode.tsx:19:3
    at WorkoutLogger (C:/Users/BigotSmasher/Desktop/@Everything/quick-pt/SS-PT/tmp/worktrees/swan-coach-astra-owned-20260906/frontend/src/components/WorkoutLogger/WorkoutLogger.tsx:90:3)
    at Router (C:\Users\BigotSmasher\Desktop\@Everything\quick-pt\SS-PT\tmp\worktrees\swan-coach-astra-owned-20260906\frontend\node_modules\react-router\dist\umd\react-router.development.js:1203:17)
    at MemoryRouter (C:\Users\BigotSmasher\Desktop\@Everything\quick-pt\SS-PT\tmp\worktrees\swan-coach-astra-owned-20260906\frontend\node_modules\react-router\dist\umd\react-router.development.js:1097:7)

 [32m✓[39m src/components/WorkoutLogger/WorkoutLogger.coachPendingPlan.test.tsx [2m([22m[2m3 tests[22m[2m)[22m[33m 2237[2mms[22m[39m
     [33m[2m✓[22m[39m loads the Coach-staged workout without also applying today's active plan [33m 1912[2mms[22m[39m
 [32m✓[39m src/components/Shared/EquipmentContextChip.test.tsx [2m([22m[2m15 tests[22m[2m)[22m[33m 303[2mms[22m[39m
 [32m✓[39m src/components/DashBoard/Pages/admin-dashboard/components/BusinessKPIDashboard.truth.test.tsx [2m([22m[2m6 tests[22m[2m)[22m[33m 395[2mms[22m[39m
[90mstdout[2m | src/services/plaudClipService.test.ts
[22m[39m[API] Production mode: false
[API] Base URL: http://localhost:10000

 [32m✓[39m src/services/plaudClipService.test.ts [2m([22m[2m17 tests[22m[2m)[22m[32m 8[2mms[22m[39m
[90mstdout[2m | src/components/DashBoard/workspaces/NutritionWorkspace.today.test.tsx
[22m[39mAPI clients configured for SwanStudios backend

 [32m✓[39m src/components/FoodTracker/MealPlanApproveSavePanel.logic.test.ts [2m([22m[2m8 tests[22m[2m)[22m[32m 5[2mms[22m[39m
 [32m✓[39m src/components/UniversalMasterSchedule/SessionDetailPlannedWorkoutPanel.test.tsx [2m([22m[2m9 tests[22m[2m)[22m[32m 159[2mms[22m[39m
 [32m✓[39m src/components/DashBoard/Pages/admin-dashboard/components/opsInsightWidgets.truth.test.tsx [2m([22m[2m13 tests[22m[2m)[22m[33m 484[2mms[22m[39m
 [32m✓[39m src/components/DashBoard/Pages/admin-dashboard/components/PendingPaymentsWidget.truth.test.tsx [2m([22m[2m7 tests[22m[2m)[22m[32m 282[2mms[22m[39m
 [32m✓[39m src/components/MyEquipment/myEquipmentPatterns.test.ts [2m([22m[2m10 tests[22m[2m)[22m[32m 6[2mms[22m[39m
 [32m✓[39m src/components/UniversalMasterSchedule/TrainingPlanProjectionLayer.test.tsx [2m([22m[2m5 tests[22m[2m)[22m[32m 300[2mms[22m[39m
 [32m✓[39m src/components/UniversalMasterSchedule/Views/WeekView.ghostLayer.test.ts [2m([22m[2m13 tests[22m[2m)[22m[32m 26[2mms[22m[39m
 [32m✓[39m src/components/DashBoard/Pages/admin-sessions/AdminSessionsSessionList.logic.test.ts [2m([22m[2m5 tests[22m[2m)[22m[32m 20[2mms[22m[39m
 [32m✓[39m src/hooks/gamification/useGamificationData.queryPayload.test.tsx [2m([22m[2m2 tests[22m[2m)[22m[32m 164[2mms[22m[39m
 [32m✓[39m src/components/WorkoutLogger/WorkoutLogger.scheduledPlanPrefill.test.tsx [2m([22m[2m1 test[22m[2m)[22m[33m 2799[2mms[22m[39m
     [33m[2m✓[22m[39m refreshes scheduled-session context and submits trainer-session plan metadata [33m 2797[2mms[22m[39m
 [32m✓[39m src/components/BootcampBuilder/runner/slice9and10.test.ts [2m([22m[2m11 tests[22m[2m)[22m[32m 6[2mms[22m[39m
 [32m✓[39m src/components/Admin/TrainerPermissionsManager.templateCommands.test.tsx [2m([22m[2m5 tests[22m[2m)[22m[33m 620[2mms[22m[39m
     [33m[2m✓[22m[39m surfaces safe starter template commands with selected trainer context [33m 365[2mms[22m[39m
[90mstdout[2m | src/components/WorkoutLogger/useRolodexDeepLink.test.tsx
[22m[39m[API] Production mode: false
[API] Base URL: http://localhost:10000

 [32m✓[39m src/hooks/useChallenges.fetch.test.tsx [2m([22m[2m5 tests[22m[2m)[22m[33m 400[2mms[22m[39m
 [32m✓[39m src/components/DashBoard/Pages/admin-dashboard/components/revenueWidgets.truth.test.tsx [2m([22m[2m12 tests[22m[2m)[22m[33m 384[2mms[22m[39m
 [32m✓[39m src/pages/gallery-vnext/useJustifiedRows.test.ts [2m([22m[2m9 tests[22m[2m)[22m[32m 6[2mms[22m[39m
 [32m✓[39m src/components/UniversalMasterSchedule/ScheduleSupportModalsAuthPipeline.truth.test.ts [2m([22m[2m2 tests[22m[2m)[22m[32m 9[2mms[22m[39m
 [32m✓[39m src/components/WorkoutLogger/useLastWeightSuggestions.test.tsx [2m([22m[2m7 tests[22m[2m)[22m[33m 624[2mms[22m[39m
     [33m[2m✓[22m[39m renders the chip + placeholder only when a suggestion exists for the name [33m 432[2mms[22m[39m
 [32m✓[39m src/components/UserDashboard/UserDashboardTokenAudit.test.ts [2m([22m[2m3 tests[22m[2m)[22m[32m 13[2mms[22m[39m
 [32m✓[39m src/components/WorkoutLogger/useRolodexDeepLink.test.tsx [2m([22m[2m6 tests[22m[2m)[22m[32m 294[2mms[22m[39m
 [32m✓[39m src/pages/VideoLibraryV3.hardening.test.ts [2m([22m[2m6 tests[22m[2m)[22m[32m 9[2mms[22m[39m
 [32m✓[39m src/components/Social/Feed/PostContent.transformationSlider.test.tsx [2m([22m[2m7 tests[22m[2m)[22m[33m 553[2mms[22m[39m
 [32m✓[39m src/components/WorkoutLogger/WorkoutLoggerChallengeReceipt.test.tsx [2m([22m[2m6 tests[22m[2m)[22m[32m 164[2mms[22m[39m
 [32m✓[39m src/components/marketing/BookConsultCTA.test.tsx [2m([22m[2m9 tests[22m[2m)[22m[33m 498[2mms[22m[39m
 [32m✓[39m src/components/DashBoard/Pages/admin-dashboard/components/VisitorGeoWidget.truth.test.ts [2m([22m[2m6 tests[22m[2m)[22m[32m 6[2mms[22m[39m
 [32m✓[39m src/core/style-lens-os/appearancePersistence.test.ts [2m([22m[2m9 tests[22m[2m)[22m[32m 6[2mms[22m[39m
[90mstdout[2m | src/components/EquipmentManager/EquipmentManagerPage.possibleItem.test.tsx
[22m[39m[API] Production mode: false
[API] Base URL: http://localhost:10000

 [32m✓[39m src/components/BodyMap/painChartInsights.test.ts [2m([22m[2m5 tests[22m[2m)[22m[32m 22[2mms[22m[39m
 [32m✓[39m src/components/UniversalMasterSchedule/ApplyPaymentModalAuthPipeline.truth.test.ts [2m([22m[2m3 tests[22m[2m)[22m[32m 8[2mms[22m[39m
 [32m✓[39m src/components/DashBoard/UniversalDashboardLayout.adminViewAsRoute.test.ts [2m([22m[2m5 tests[22m[2m)[22m[32m 4[2mms[22m[39m
 [32m✓[39m src/components/DashBoard/workspaces/NutritionWorkspace.today.test.tsx [2m([22m[2m4 tests[22m[2m)[22m[33m 2078[2mms[22m[39m
     [33m[2m✓[22m[39m defaults to Today and lets the Today panel route into existing tabs [33m 1291[2mms[22m[39m
     [33m[2m✓[22m[39m returns to Today and refreshes the diary after a reviewed save [33m 498[2mms[22m[39m
 [32m✓[39m src/components/EquipmentIQ/equipmentIQGeometry.test.ts [2m([22m[2m14 tests[22m[2m)[22m[32m 8[2mms[22m[39m
 [32m✓[39m src/components/UserDashboard/components/PhotoGallery.test.tsx [2m([22m[2m7 tests[22m[2m)[22m[33m 920[2mms[22m[39m
     [33m[2m✓[22m[39m renders photo posts and filters categories as pressed controls [33m 857[2mms[22m[39m
[90mstdout[2m | src/components/UniversalMasterSchedule/ScheduleAiOperatorDock.test.tsx
[22m[39m[API] Production mode: false
[API] Base URL: http://localhost:10000

[90mstdout[2m | src/components/EquipmentManager/EquipmentManagerPage.duplicateMerge.test.tsx
[22m[39m[API] Production mode: false
[API] Base URL: http://localhost:10000

 [32m✓[39m src/components/DashBoard/Pages/admin-gamification/AdminGamificationEconomyGuardrail.test.ts [2m([22m[2m6 tests[22m[2m)[22m[32m 19[2mms[22m[39m
 [32m✓[39m src/pages/gallery-vnext/galleryVNextMoney.truth.test.ts [2m([22m[2m10 tests[22m[2m)[22m[32m 8[2mms[22m[39m
 [32m✓[39m src/components/UserDashboard/components/WorkoutsTab.test.tsx [2m([22m[2m7 tests[22m[2m)[22m[33m 676[2mms[22m[39m
[90mstdout[2m | src/components/EquipmentManager/EquipmentManagerPage.errorStates.test.tsx
[22m[39m[API] Production mode: false
[API] Base URL: http://localhost:10000

 [32m✓[39m src/components/WorkoutLogger/WorkoutLoggerGhostAuthPipeline.truth.test.ts [2m([22m[2m4 tests[22m[2m)[22m[32m 5[2mms[22m[39m
 [32m✓[39m src/components/BootcampBuilder/BootcampRunner.logic.test.ts [2m([22m[2m5 tests[22m[2m)[22m[32m 8[2mms[22m[39m
[90mstderr[2m | src/components/EquipmentManager/EquipmentManagerPage.possibleItem.test.tsx[2m > [22m[2mEquipmentManagerPage possible scan candidate promotion[2m > [22m[2madds a possible scan candidate as a manual inventory item from the batch tray
[22m[39m[API] Response error: {
  status: [90mundefined[39m,
  message: [32m'Network Error'[39m,
  url: [32m'/api/equipment-insights/profile/1/gap-report'[39m
}

 [32m✓[39m src/components/EquipmentManager/EquipmentManagerPage.possibleItem.test.tsx [2m([22m[2m1 test[22m[2m)[22m[33m 600[2mms[22m[39m
     [33m[2m✓[22m[39m adds a possible scan candidate as a manual inventory item from the batch tray [33m 598[2mms[22m[39m
 [32m✓[39m src/hooks/analytics/workoutAnalyticsData.test.ts [2m([22m[2m6 tests[22m[2m)[22m[32m 17[2mms[22m[39m
 [32m✓[39m src/components/UniversalMasterSchedule/ScheduleAiOperatorDock.test.tsx [2m([22m[2m3 tests[22m[2m)[22m[33m 373[2mms[22m[39m
 [32m✓[39m src/components/CoachConfirm/confirmationProjection.test.ts [2m([22m[2m9 tests[22m[2m)[22m[32m 4[2mms[22m[39m
[90mstderr[2m | src/components/EquipmentManager/EquipmentManagerPage.duplicateMerge.test.tsx[2m > [22m[2mEquipmentManagerPage duplicate scan merge[2m > [22m[2mmerges a duplicate scan candidate into the matched item quantity
[22m[39m[API] Response error: {
  status: [90mundefined[39m,
  message: [32m'Network Error'[39m,
  url: [32m'/api/equipment-insights/profile/1/gap-report'[39m
}

 [32m✓[39m src/components/NewCheckout/SuccessPage.authRefresh.test.tsx [2m([22m[2m3 tests[22m[2m)[22m[33m 304[2mms[22m[39m
 [32m✓[39m src/components/EquipmentManager/EquipmentManagerPage.duplicateMerge.test.tsx [2m([22m[2m1 test[22m[2m)[22m[33m 567[2mms[22m[39m
     [33m[2m✓[22m[39m merges a duplicate scan candidate into the matched item quantity [33m 565[2mms[22m[39m
 [32m✓[39m src/components/DashBoard/Pages/client-dashboard/observatory/ClientCurrentWorkoutCard.test.tsx [2m([22m[2m2 tests[22m[2m)[22m[32m 274[2mms[22m[39m
[90mstdout[2m | src/components/EquipmentManager/EquipmentManagerPage.retry.test.tsx
[22m[39m[API] Production mode: false
[API] Base URL: http://localhost:10000

 [32m✓[39m src/components/EquipmentManager/EquipmentManagerPage.errorStates.test.tsx [2m([22m[2m3 tests[22m[2m)[22m[33m 610[2mms[22m[39m
 [32m✓[39m src/components/DashBoard/workspaces/clients-team/tabs/ClientWorkoutPlansPanel.activeArc.test.tsx [2m([22m[2m5 tests[22m[2m)[22m[33m 1249[2mms[22m[39m
     [33m[2m✓[22m[39m lets trainer and admin users activate a filled plan horizon from one active-arc control [33m 466[2mms[22m[39m
[90mstdout[2m | src/components/DashBoard/components/ViewAsBanner.test.tsx
[22m[39m[API] Production mode: false
[API] Base URL: http://localhost:10000

[90mstdout[2m | src/components/DashBoard/components/ViewAsBanner.test.tsx
[22m[39mAPI clients configured for SwanStudios backend

 [32m✓[39m src/utils/adminImpersonationSession.test.ts [2m([22m[2m7 tests[22m[2m)[22m[32m 23[2mms[22m[39m
 [32m✓[39m src/components/DashBoard/Pages/admin-dashboard/overview/AdminOverviewPanel.truth.test.ts [2m([22m[2m5 tests[22m[2m)[22m[32m 4[2mms[22m[39m
[90mstderr[2m | src/components/EquipmentManager/EquipmentManagerPage.retry.test.tsx[2m > [22m[2mEquipmentManagerPage AI scan retry[2m > [22m[2mretains the photo, auto-retries once, then re-scans the same photo on Try Again
[22m[39m[API] Response error: {
  status: [90mundefined[39m,
  message: [32m'Network Error'[39m,
  url: [32m'/api/equipment-insights/profile/1/gap-report'[39m
}

 [32m✓[39m src/components/UserDashboard/components/UserDashboardQuickStatsTicker.test.tsx [2m([22m[2m6 tests[22m[2m)[22m[32m 287[2mms[22m[39m
 [32m✓[39m src/hooks/BootcampSprintAuthPipeline.truth.test.ts [2m([22m[2m2 tests[22m[2m)[22m[32m 7[2mms[22m[39m
 [32m✓[39m src/utils/aiWorkoutEvents.test.ts [2m([22m[2m19 tests[22m[2m)[22m[32m 8[2mms[22m[39m
 [32m✓[39m src/adapters/style-lens-swan/styles/__tests__/monolithContract.test.ts [2m([22m[2m7 tests[22m[2m)[22m[32m 32[2mms[22m[39m
[90mstdout[2m | src/config/canonical-surface-names.test.ts
[22m[39m[API] Production mode: false
[API] Base URL: http://localhost:10000

 [32m✓[39m src/components/DashBoard/Pages/challenges/ChallengeResultsPanel.needsAttention.test.tsx [2m([22m[2m1 test[22m[2m)[22m[32m 100[2mms[22m[39m
 [32m✓[39m src/pages/support/SupportReportRoomPage.test.tsx [2m([22m[2m4 tests[22m[2m)[22m[33m 4963[2mms[22m[39m
     [33m[2m✓[22m[39m submits a structured text report and shows a durable receipt [33m 3473[2mms[22m[39m
     [33m[2m✓[22m[39m keeps the reporter draft when the request fails [33m 1180[2mms[22m[39m
[90mstdout[2m | src/config/canonical-surface-names.test.ts
[22m[39mAPI clients configured for SwanStudios backend

 [32m✓[39m src/components/DashBoard/Pages/admin-dashboard/components/opsPipeline.truth.test.tsx [2m([22m[2m11 tests[22m[2m)[22m[33m 314[2mms[22m[39m
 [32m✓[39m src/components/DashBoard/Pages/admin-dashboard/components/SwanGlobe/swanGlobe.truth.test.tsx [2m([22m[2m12 tests[22m[2m)[22m[33m 393[2mms[22m[39m
 [32m✓[39m src/components/UniversalMasterSchedule/SessionDetailBodyPanels.test.tsx [2m([22m[2m3 tests[22m[2m)[22m[33m 479[2mms[22m[39m
     [33m[2m✓[22m[39m composes the manager-facing session body without owning modal actions [33m 393[2mms[22m[39m
 [32m✓[39m src/hooks/useCoachIntakeQueue.test.tsx [2m([22m[2m2 tests[22m[2m)[22m[33m 314[2mms[22m[39m
 [32m✓[39m src/components/DashBoard/workspaces/NutritionDiaryTimeline.test.tsx [2m([22m[2m4 tests[22m[2m)[22m[33m 307[2mms[22m[39m
 [32m✓[39m src/core/style-lens-os/StyleLensProvider.test.tsx [2m([22m[2m3 tests[22m[2m)[22m[32m 163[2mms[22m[39m
 [32m✓[39m src/components/BootcampBuilder/useBootcampAiEvents.test.tsx [2m([22m[2m10 tests[22m[2m)[22m[32m 27[2mms[22m[39m
 [32m✓[39m src/components/DashBoard/UniversalDashboardLayout.clientProgressIdentity.test.ts [2m([22m[2m4 tests[22m[2m)[22m[32m 8[2mms[22m[39m
[90mstderr[2m | src/components/DashBoard/Pages/client-dashboard/observatory/ClientObservatoryHome.profileMetrics.test.tsx[2m > [22m[2mClientObservatoryHome profile metric truth[2m > [22m[2msanitizes malformed gamification profile metrics before they reach the visible observatory
[22m[39mRestore panel fetch failed { message: [32m'empty restore payload'[39m }

[90mstdout[2m | src/components/DashBoard/components/ViewAsBanner.test.tsx
[22m[39m[PERF] Schedule performance harness loaded. Use window.logPerfToggles() to see current state.

 [32m✓[39m src/pages/EnhancedLoginProviders.test.tsx [2m([22m[2m6 tests[22m[2m)[22m[33m 357[2mms[22m[39m
[90mstderr[2m | src/components/EquipmentManager/EquipmentManagerPage.retry.test.tsx
[22m[39m[API] Response error: {
  status: [90mundefined[39m,
  message: [32m'Network Error'[39m,
  url: [32m'/api/equipment-insights/profile/1/gap-report'[39m
}

 [32m✓[39m src/components/EquipmentManager/EquipmentManagerPage.retry.test.tsx [2m([22m[2m2 tests[22m[2m)[22m[33m 1502[2mms[22m[39m
     [33m[2m✓[22m[39m retains the photo, auto-retries once, then re-scans the same photo on Try Again [33m 1454[2mms[22m[39m
 [32m✓[39m src/components/DashBoard/Pages/admin-dashboard/TrainersManagementSection.truth.test.ts [2m([22m[2m5 tests[22m[2m)[22m[32m 6[2mms[22m[39m
[90mstderr[2m | src/components/DashBoard/Pages/client-dashboard/observatory/ClientObservatoryHome.profileMetrics.test.tsx[2m > [22m[2mClientObservatoryHome profile metric truth[2m > [22m[2mdoes not coerce malformed quick-post awarded points into visible XP proof
[22m[39mRestore panel fetch failed { message: [32m'empty restore payload'[39m }

[90mstdout[2m | src/config/canonical-surface-names.test.ts
[22m[39m[PERF] Schedule performance harness loaded. Use window.logPerfToggles() to see current state.

[90mstdout[2m | src/components/DashBoard/workspaces/ClientsWorkspace.trainerAudience.test.tsx
[22m[39m[API] Production mode: false
[API] Base URL: http://localhost:10000

 [32m✓[39m src/components/BootcampBuilder/BootcampDemoMode.floorDirector.render.test.tsx [2m([22m[2m5 tests[22m[2m)[22m[33m 593[2mms[22m[39m
     [33m[2m✓[22m[39m drives station focus with buttons and arrow-key remote controls [33m 472[2mms[22m[39m
 [32m✓[39m src/adapters/style-lens-swan/viewport/__tests__/lensViewport.test.tsx [2m([22m[2m10 tests[22m[2m)[22m[32m 28[2mms[22m[39m
[90mstdout[2m | src/components/WorkoutLogger/ExerciseSetRowComponent.test.tsx
[22m[39m[API] Production mode: false
[API] Base URL: http://localhost:10000

 [32m✓[39m src/components/AvatarHome/FactionHooksPanel.mutationLocks.test.tsx [2m([22m[2m5 tests[22m[2m)[22m[33m 431[2mms[22m[39m
 [32m✓[39m src/components/WorkoutLogger/WorkoutLogger.repeatLastSession.test.ts [2m([22m[2m9 tests[22m[2m)[22m[32m 7[2mms[22m[39m
 [32m✓[39m src/components/FoodTracker/nutritionDecisionDraft.v1.test.ts [2m([22m[2m7 tests[22m[2m)[22m[32m 7[2mms[22m[39m
 [32m✓[39m src/components/DashBoard/Pages/admin-dashboard/components/ClientComplianceDashboard.truth.test.tsx [2m([22m[2m6 tests[22m[2m)[22m[33m 370[2mms[22m[39m
[90mstderr[2m | src/pages/shop/components/PricingInquiryModal.test.tsx[2m > [22m[2mPricingInquiryModal[2m > [22m[2mshows the rate-limit message (429 `error` field) instead of a generic failure
[22m[39mPricing inquiry submit failed: {
  response: {
    status: [33m429[39m,
    data: {
      success: [33mfalse[39m,
      error: [32m'Too many inquiries from this IP. Please try again in a few minutes.'[39m
    }
  }
}

 [32m✓[39m src/pages/shop/components/PricingInquiryModal.test.tsx [2m([22m[2m7 tests[22m[2m)[22m[33m 462[2mms[22m[39m
 [32m✓[39m src/components/UniversalMasterSchedule/hooks/useSessionAttendance.test.tsx [2m([22m[2m6 tests[22m[2m)[22m[32m 24[2mms[22m[39m
 [32m✓[39m src/components/DashBoard/progress/ExerciseCodexMatrix.logic.test.ts [2m([22m[2m5 tests[22m[2m)[22m[32m 15[2mms[22m[39m
 [32m✓[39m src/utils/logApiError.test.ts [2m([22m[2m6 tests[22m[2m)[22m[32m 6[2mms[22m[39m
 [32m✓[39m src/components/DashBoard/Pages/client-dashboard/observatory/ClientObservatoryHome.profileMetrics.test.tsx [2m([22m[2m2 tests[22m[2m)[22m[33m 2554[2mms[22m[39m
     [33m[2m✓[22m[39m sanitizes malformed gamification profile metrics before they reach the visible observatory [33m 1557[2mms[22m[39m
     [33m[2m✓[22m[39m does not coerce malformed quick-post awarded points into visible XP proof [33m 994[2mms[22m[39m
 [32m✓[39m src/hooks/analytics/useAdminClientProgressCharts.test.tsx [2m([22m[2m2 tests[22m[2m)[22m[32m 33[2mms[22m[39m
 [32m✓[39m src/components/BootcampBuilder/BootcampClassRail.logic.test.ts [2m([22m[2m6 tests[22m[2m)[22m[32m 9[2mms[22m[39m
[90mstdout[2m | src/components/EquipmentManager/EquipmentManagerPage.batchPreview.test.tsx
[22m[39m[API] Production mode: false
[API] Base URL: http://localhost:10000

 [32m✓[39m src/core/style-lens-os/appearanceRuntime.test.ts [2m([22m[2m5 tests[22m[2m)[22m[32m 18[2mms[22m[39m
 [32m✓[39m src/components/PlaudClipMerge/PlaudDateSplitCandidatePanel.test.tsx [2m([22m[2m5 tests[22m[2m)[22m[32m 130[2mms[22m[39m
[90mstderr[2m | src/components/DashBoard/workspaces/ClientsWorkspace.trainerAudience.test.tsx[2m > [22m[2mClientsWorkspace trainer audience[2m > [22m[2mshows the trainer empty state without admin create actions
[22m[39m[API] Response error: {
  status: [90mundefined[39m,
  message: [32m'Network Error'[39m,
  url: [32m'/api/macros/roster-triage?date=2026-09-11&userIds=61'[39m
}

[90mstderr[2m | src/components/DashBoard/workspaces/ClientsWorkspace.trainerAudience.test.tsx[2m > [22m[2mClientsWorkspace trainer audience[2m > [22m[2mshows the trainer empty state without admin create actions
[22m[39m[API] Response error: {
  status: [90mundefined[39m,
  message: [32m'Network Error'[39m,
  url: [32m'/api/macros/review-queue?date=2026-09-11&userIds=61&days=7&limit=25&offset=0'[39m
}

 [32m✓[39m src/components/WorkoutLogger/ExerciseSetRowComponent.test.tsx [2m([22m[2m5 tests[22m[2m)[22m[33m 930[2mms[22m[39m
     [33m[2m✓[22m[39m marks the set logged, fires onSetLogged once, and unmarks without re-firing [33m 831[2mms[22m[39m
[90mstderr[2m | src/components/DashBoard/workspaces/ClientsWorkspace.trainerAudience.test.tsx
[22m[39m[API] Response error: {
  status: [90mundefined[39m,
  message: [32m'Network Error'[39m,
  url: [32m'/api/macros/roster-triage?date=2026-09-11&userIds=61'[39m
}

[90mstderr[2m | src/components/DashBoard/workspaces/ClientsWorkspace.trainerAudience.test.tsx
[22m[39m[API] Response error: {
  status: [90mundefined[39m,
  message: [32m'Network Error'[39m,
  url: [32m'/api/macros/review-queue?date=2026-09-11&userIds=61&days=7&limit=25&offset=0'[39m
}

 [32m✓[39m src/components/DashBoard/workspaces/ClientsWorkspace.trainerAudience.test.tsx [2m([22m[2m4 tests[22m[2m)[22m[33m 910[2mms[22m[39m
     [33m[2m✓[22m[39m loads the assigned-clients roster through the trainer data lane [33m 715[2mms[22m[39m
 [32m✓[39m src/components/UserDashboard/styles/DashboardV3Styles.stickyTab.test.ts [2m([22m[2m9 tests[22m[2m)[22m[32m 4[2mms[22m[39m
 [32m✓[39m src/components/UserDashboard/components/HomeComposerMediaPolicy.test.ts [2m([22m[2m5 tests[22m[2m)[22m[32m 7[2mms[22m[39m
 [32m✓[39m src/components/DashBoard/workspaces/clients-team/tabs/OverviewTabContent.unwrap.test.tsx [2m([22m[2m5 tests[22m[2m)[22m[32m 275[2mms[22m[39m
 [32m✓[39m src/components/DashBoard/components/ViewAsBanner.test.tsx [2m([22m[2m8 tests[22m[2m)[22m[32m 297[2mms[22m[39m
 [32m✓[39m src/components/DashBoard/workspaces/ClientsWorkspace.claimLinkRecovery.test.tsx [2m([22m[2m1 test[22m[2m)[22m[33m 2609[2mms[22m[39m
     [33m[2m✓[22m[39m generates a copyable claim link for a selected stub client from the canonical Client Hub [33m 2607[2mms[22m[39m
 [32m✓[39m src/components/UniversalMasterSchedule/SessionDetailInfoGrid.test.tsx [2m([22m[2m4 tests[22m[2m)[22m[32m 207[2mms[22m[39m
 [32m✓[39m src/components/UniversalMasterSchedule/UniversalMasterSchedule.userIdentity.test.ts [2m([22m[2m3 tests[22m[2m)[22m[32m 7[2mms[22m[39m
[90mstderr[2m | src/components/EquipmentManager/EquipmentManagerPage.batchPreview.test.tsx[2m > [22m[2mEquipmentManagerPage V2 scan preview overlay[2m > [22m[2mkeeps the scanned photo visible with bounded V2 detections in the batch tray
[22m[39m[API] Response error: {
  status: [90mundefined[39m,
  message: [32m'Network Error'[39m,
  url: [32m'/api/equipment-insights/profile/1/gap-report'[39m
}

 [32m✓[39m src/components/UserDashboard/GroupsSurface.contract.test.ts [2m([22m[2m11 tests[22m[2m)[22m[32m 8[2mms[22m[39m
 [32m✓[39m src/components/EquipmentManager/EquipmentManagerPage.batchPreview.test.tsx [2m([22m[2m1 test[22m[2m)[22m[33m 757[2mms[22m[39m
     [33m[2m✓[22m[39m keeps the scanned photo visible with bounded V2 detections in the batch tray [33m 755[2mms[22m[39m
 [32m✓[39m src/components/Shared/PdfApprovalVault.test.tsx [2m([22m[2m7 tests[22m[2m)[22m[33m 410[2mms[22m[39m
 [32m✓[39m src/components/RecoveryBoard/RecoveryBoardPanel.test.tsx [2m([22m[2m5 tests[22m[2m)[22m[33m 324[2mms[22m[39m
 [32m✓[39m src/components/DashBoard/Pages/admin-dashboard/components/alertArchive.truth.test.tsx [2m([22m[2m10 tests[22m[2m)[22m[33m 435[2mms[22m[39m
 [32m✓[39m src/components/Admin/NutritionPlanBuilder.logic.test.ts [2m([22m[2m11 tests[22m[2m)[22m[32m 6[2mms[22m[39m
 [32m✓[39m src/components/DashBoard/workspaces/NutritionWorkspace.gentleMode.test.tsx [2m([22m[2m3 tests[22m[2m)[22m[33m 1786[2mms[22m[39m
     [33m[2m✓[22m[39m hides calorie and macro-number surfaces and persists the recovery setting [33m 1586[2mms[22m[39m
[90mstdout[2m | src/services/bannerObjectPosition.test.ts
[22m[39m[API] Production mode: false
[API] Base URL: http://localhost:10000

 [32m✓[39m src/services/bannerObjectPosition.test.ts [2m([22m[2m12 tests[22m[2m)[22m[32m 6[2mms[22m[39m
[90mstdout[2m | src/components/UserDashboard/hooks/useBannerCompositionState.presets.test.tsx
[22m[39m[API] Production mode: false
[API] Base URL: http://localhost:10000

 [32m✓[39m src/components/BootcampBuilder/BootcampExerciseAlternatives.test.ts [2m([22m[2m5 tests[22m[2m)[22m[32m 4[2mms[22m[39m
[90mstderr[2m | src/components/UserDashboard/hooks/useBannerCompositionState.presets.test.tsx[2m > [22m[2museBannerCompositionState carousel presets[2m > [22m[2mrolls back visible banner state when preset apply persistence fails
[22m[39mUser dashboard banner preset apply failed.

 [32m✓[39m src/components/UserDashboard/hooks/useBannerCompositionState.presets.test.tsx [2m([22m[2m4 tests[22m[2m)[22m[32m 39[2mms[22m[39m
 [32m✓[39m src/pages/AdvancedGamificationPage.logic.test.ts [2m([22m[2m4 tests[22m[2m)[22m[32m 19[2mms[22m[39m
 [32m✓[39m src/context/ThemeContext/AppearanceStudio/AppearanceStudioPanel.test.tsx [2m([22m[2m7 tests[22m[2m)[22m[33m 2288[2mms[22m[39m
     [33m[2m✓[22m[39m offers Style, Color, Motion, and Density as 44px tabs [33m 625[2mms[22m[39m
     [33m[2m✓[22m[39m switches role and viewport only inside the synthetic preview [33m 381[2mms[22m[39m
     [33m[2m✓[22m[39m traps keyboard focus, exposes modal semantics, and dismisses with Escape [33m 344[2mms[22m[39m
     [33m[2m✓[22m[39m supports favorite and recent quick paths without hiding active styles [33m 389[2mms[22m[39m
 [32m✓[39m src/components/UserDashboard/components/CreativeGallery.data.test.ts [2m([22m[2m7 tests[22m[2m)[22m[32m 8[2mms[22m[39m
 [32m✓[39m src/components/BootcampBuilder/runner/AudienceView.render.test.tsx [2m([22m[2m9 tests[22m[2m)[22m[32m 116[2mms[22m[39m
 [32m✓[39m src/components/WorkoutLogger/WorkoutLogger.test.ts [2m([22m[2m5 tests[22m[2m)[22m[32m 4[2mms[22m[39m
 [32m✓[39m src/components/NewCheckout/CheckoutView.moneyPathSafety.test.ts [2m([22m[2m12 tests[22m[2m)[22m[32m 4[2mms[22m[39m
[90mstdout[2m | src/tests/hooks/useActivityTicker.test.tsx
[22m[39m[API] Production mode: false
[API] Base URL: http://localhost:10000

[90mstdout[2m | src/components/WorkoutLogger/NASMExerciseRolodex.recentRow.test.tsx
[22m[39m[API] Production mode: false
[API] Base URL: http://localhost:10000

 [32m✓[39m src/tests/hooks/useActivityTicker.test.tsx [2m([22m[2m6 tests[22m[2m)[22m[32m 26[2mms[22m[39m
 [32m✓[39m src/styles/device-matrix/deviceMatrix.test.ts [2m([22m[2m15 tests[22m[2m)[22m[32m 10[2mms[22m[39m
 [32m✓[39m src/components/UniversalMasterSchedule/ScheduleServiceAuthPipeline.truth.test.ts [2m([22m[2m3 tests[22m[2m)[22m[32m 8[2mms[22m[39m
 [32m✓[39m src/components/DashBoard/Pages/admin-dashboard/components/CancelledSessionsWidget.truth.test.ts [2m([22m[2m6 tests[22m[2m)[22m[32m 5[2mms[22m[39m
 [32m✓[39m src/components/BootcampBuilder/BootcampTaughtPanel.test.tsx [2m([22m[2m5 tests[22m[2m)[22m[32m 239[2mms[22m[39m
 [32m✓[39m src/components/ui/forge/ForgeButton.sheen.test.tsx [2m([22m[2m8 tests[22m[2m)[22m[32m 139[2mms[22m[39m
 [32m✓[39m src/components/Social/RPG/PartyHPBar.test.tsx [2m([22m[2m6 tests[22m[2m)[22m[33m 589[2mms[22m[39m
 [32m✓[39m src/components/Social/Feed/PostMediaDisplay.lightbox.test.tsx [2m([22m[2m3 tests[22m[2m)[22m[33m 414[2mms[22m[39m
     [33m[2m✓[22m[39m renders uploaded photos as untinted media and opens the full image dialog [33m 301[2mms[22m[39m
[90mstderr[2m | src/pages/EnhancedLoginModal.forcePasswordChange.test.tsx[2m > [22m[2mEnhancedLoginModal force-password-change flow[2m > [22m[2mswitches to a policy-gated password reset form when login requires forcePasswordChange
[22m[39m[API] Response error: {
  status: [90mundefined[39m,
  message: [32m'Network Error'[39m,
  url: [32m'/api/auth/providers'[39m
}

 [32m✓[39m src/components/WorkoutLogger/NASMExerciseRolodex.recentRow.test.tsx [2m([22m[2m5 tests[22m[2m)[22m[33m 501[2mms[22m[39m
     [33m[2m✓[22m[39m renders chips for stored recents, dropping ids missing from the catalog [33m 383[2mms[22m[39m
 [32m✓[39m src/components/BootcampBuilder/BootcampDemoMode.floorDirector.test.ts [2m([22m[2m4 tests[22m[2m)[22m[32m 5[2mms[22m[39m
 [32m✓[39m src/components/Social/Reels/VerticalReels.dashboard.test.tsx [2m([22m[2m6 tests[22m[2m)[22m[33m 401[2mms[22m[39m
 [32m✓[39m src/pages/onboarding/useOnboardingDraft.test.ts [2m([22m[2m13 tests[22m[2m)[22m[32m 9[2mms[22m[39m
 [32m✓[39m src/services/pdf/workoutSessionPdf.test.ts [2m([22m[2m4 tests[22m[2m)[22m[32m 9[2mms[22m[39m
 [32m✓[39m src/components/ui/PanelErrorBoundary.test.tsx [2m([22m[2m5 tests[22m[2m)[22m[32m 172[2mms[22m[39m
 [32m✓[39m src/pages/DesignPlayground/DesignStudio.contract.test.ts [2m([22m[2m5 tests[22m[2m)[22m[32m 5[2mms[22m[39m
 [32m✓[39m src/components/DashBoard/Pages/admin-dashboard/components/RenewalRiskWidget.truth.test.tsx [2m([22m[2m7 tests[22m[2m)[22m[33m 489[2mms[22m[39m
 [32m✓[39m src/components/DashBoard/workspaces/NutritionTodayPanel.reviewRepeat.test.tsx [2m([22m[2m2 tests[22m[2m)[22m[33m 660[2mms[22m[39m
     [33m[2m✓[22m[39m routes the latest meal through review instead of writing directly [33m 456[2mms[22m[39m
 [32m✓[39m src/config/canonical-surface-names.test.ts [2m([22m[2m5 tests[22m[2m)[22m[33m 2751[2mms[22m[39m
     [33m[2m✓[22m[39m keeps retired planner names out of the source tree [33m 2746[2mms[22m[39m
 [32m✓[39m src/components/DashBoard/Pages/admin-dashboard/overview/AdminOverviewPanel.priorityOrder.test.ts [2m([22m[2m4 tests[22m[2m)[22m[32m 4[2mms[22m[39m
 [32m✓[39m src/components/NextBestAction/NextBestActionCard.test.tsx [2m([22m[2m5 tests[22m[2m)[22m[32m 188[2mms[22m[39m
 [32m✓[39m src/__tests__/mcp-retirement.contract.test.ts [2m([22m[2m7 tests[22m[2m)[22m[32m 11[2mms[22m[39m
 [32m✓[39m src/components/Shared/ConfirmActionDialog.windowConfirmContract.test.ts [2m([22m[2m4 tests[22m[2m)[22m[33m 521[2mms[22m[39m
     [33m[2m✓[22m[39m keeps destructive dashboard actions out of browser-native confirm prompts [33m 315[2mms[22m[39m
 [32m✓[39m src/components/FoodTracker/FoodTrackerThemeBridge.contract.test.ts [2m([22m[2m1 test[22m[2m)[22m[32m 5[2mms[22m[39m
 [32m✓[39m src/components/WorkoutLogger/useRestTimer.endsAt.test.ts [2m([22m[2m6 tests[22m[2m)[22m[32m 27[2mms[22m[39m
 [32m✓[39m src/hooks/useHydration.test.tsx [2m([22m[2m6 tests[22m[2m)[22m[33m 744[2mms[22m[39m
     [33m[2m✓[22m[39m clamps updates before saving through the shared API service [33m 406[2mms[22m[39m
 [32m✓[39m src/components/UserDashboard/components/SwanRankBadge.test.tsx [2m([22m[2m12 tests[22m[2m)[22m[32m 228[2mms[22m[39m
 [32m✓[39m src/services/pdf/progressReportPdf.test.ts [2m([22m[2m4 tests[22m[2m)[22m[32m 8[2mms[22m[39m
 [32m✓[39m src/components/WorkoutLogger/WorkoutLogger.writerDefaults.test.ts [2m([22m[2m9 tests[22m[2m)[22m[32m 5[2mms[22m[39m
 [32m✓[39m src/services/sessionService.lifecycleRoutes.test.ts [2m([22m[2m9 tests[22m[2m)[22m[32m 8[2mms[22m[39m
 [32m✓[39m src/components/UserDashboard/components/HomeTabTrainingProof.states.test.tsx [2m([22m[2m8 tests[22m[2m)[22m[32m 222[2mms[22m[39m
 [32m✓[39m src/components/BadgeCreator/BadgeMarketplacePanel.safeError.test.tsx [2m([22m[2m5 tests[22m[2m)[22m[33m 523[2mms[22m[39m
 [32m✓[39m src/components/UserDashboard/UserDashboardNutritionResponsive.contract.test.tsx [2m([22m[2m9 tests[22m[2m)[22m[32m 126[2mms[22m[39m
 [32m✓[39m src/components/DashBoard/Pages/client-dashboard/observatory/ClientCurrentWorkoutCard.viewModel.test.ts [2m([22m[2m4 tests[22m[2m)[22m[32m 21[2mms[22m[39m
 [32m✓[39m src/components/DashBoard/workspaces/clients-team/tabs/HistoricalWorkoutImportPanel.logic.test.ts [2m([22m[2m5 tests[22m[2m)[22m[32m 6[2mms[22m[39m
 [32m✓[39m src/components/DashBoard/workspaces/clients-team/tabs/ClientWorkoutPlansPanel.homework.test.tsx [2m([22m[2m3 tests[22m[2m)[22m[33m 530[2mms[22m[39m
     [33m[2m✓[22m[39m shows today homework position and non-billable session semantics [33m 420[2mms[22m[39m
 [32m✓[39m src/components/Charts/charts/heatmap/WorkoutHeatmapCalendar.test.tsx [2m([22m[2m6 tests[22m[2m)[22m[32m 219[2mms[22m[39m
 [32m✓[39m src/components/DashBoard/Pages/admin-dashboard/components/ContactNotifications.readState.test.ts [2m([22m[2m8 tests[22m[2m)[22m[32m 4[2mms[22m[39m
 [32m✓[39m src/pages/dashboard/PlaudIntelligenceWorkspacePage.render.test.tsx [2m([22m[2m3 tests[22m[2m)[22m[33m 312[2mms[22m[39m
 [32m✓[39m src/pages/EnhancedLoginModal.forcePasswordChange.test.tsx [2m([22m[2m1 test[22m[2m)[22m[33m 2331[2mms[22m[39m
     [33m[2m✓[22m[39m switches to a policy-gated password reset form when login requires forcePasswordChange [33m 2329[2mms[22m[39m
 [32m✓[39m src/components/ClientProgressCharts/charts/detailedChartTheme.test.ts [2m([22m[2m8 tests[22m[2m)[22m[32m 6[2mms[22m[39m
 [32m✓[39m src/components/UniversalMasterSchedule/SessionDetailCancelOptionsPanel.test.tsx [2m([22m[2m6 tests[22m[2m)[22m[32m 221[2mms[22m[39m
 [32m✓[39m src/components/UserDashboard/components/crystalRing.tiers.test.ts [2m([22m[2m11 tests[22m[2m)[22m[32m 7[2mms[22m[39m
 [32m✓[39m src/components/WorkoutLogger/WorkoutLoggerEmptyPlanState.test.tsx [2m([22m[2m5 tests[22m[2m)[22m[32m 299[2mms[22m[39m
 [32m✓[39m src/components/UserDashboard/components/TransformationPhotoShowcase.trust.test.tsx [2m([22m[2m6 tests[22m[2m)[22m[33m 437[2mms[22m[39m
 [32m✓[39m src/components/AvatarHome/ReadyPlayerMeAvatar.safeError.test.tsx [2m([22m[2m5 tests[22m[2m)[22m[33m 2497[2mms[22m[39m
     [33m[2m✓[22m[39m shows safe save failure copy without leaking raw backend messages [33m 876[2mms[22m[39m
     [33m[2m✓[22m[39m rejects unsafe successful avatar URLs before updating the page state [33m 762[2mms[22m[39m
     [33m[2m✓[22m[39m shows safe network failure copy without leaking transport details [33m 730[2mms[22m[39m
 [32m✓[39m src/components/UserDashboard/components/HomeTabVisionLeftRail.statsUnavailable.test.tsx [2m([22m[2m8 tests[22m[2m)[22m[33m 399[2mms[22m[39m
 [32m✓[39m src/components/WorkoutLogger/workoutCoachContext.test.ts [2m([22m[2m15 tests[22m[2m)[22m[32m 6[2mms[22m[39m
 [32m✓[39m src/components/Social/Messaging/MessagingView.composeTo.test.tsx [2m([22m[2m4 tests[22m[2m)[22m[32m 124[2mms[22m[39m
 [32m✓[39m src/adapters/style-lens-swan/swanStyleLensRuntime.contract.test.ts [2m([22m[2m5 tests[22m[2m)[22m[32m 15[2mms[22m[39m
 [32m✓[39m src/components/Shared/AITerminalPanel.contract.test.ts [2m([22m[2m6 tests[22m[2m)[22m[32m 5[2mms[22m[39m
 [32m✓[39m src/components/UserDashboard/hooks/useDayBoundary.test.ts [2m([22m[2m7 tests[22m[2m)[22m[32m 26[2mms[22m[39m
 [32m✓[39m src/components/UniversalMasterSchedule/SessionDetailCommandPanel.logic.test.ts [2m([22m[2m6 tests[22m[2m)[22m[32m 6[2mms[22m[39m
 [32m✓[39m src/hooks/useFocusTrap.test.tsx [2m([22m[2m8 tests[22m[2m)[22m[33m 1067[2mms[22m[39m
     [33m[2m✓[22m[39m never lands on an element outside the container [33m 437[2mms[22m[39m
 [32m✓[39m src/pages/EnhancedLoginModal.mobileAccess.test.tsx [2m([22m[2m4 tests[22m[2m)[22m[33m 978[2mms[22m[39m
     [33m[2m✓[22m[39m exposes labelled autofill-ready credentials and a touch-accessible password reveal [33m 962[2mms[22m[39m
[90mstderr[2m | src/components/TrainerDashboard/ClientManagement/useTrainerClients.stats.test.tsx[2m > [22m[2museTrainerClients stats[2m > [22m[2mdrops malformed assignment client ids before loading session history
[22m[39mSkipping trainer assignment with invalid client id: { assignmentId: [32m'assignment-bad'[39m }

 [32m✓[39m src/components/UserDashboard/hooks/resolveDataStatus.test.ts [2m([22m[2m14 tests[22m[2m)[22m[32m 4[2mms[22m[39m
 [32m✓[39m src/components/TrainerDashboard/ClientManagement/useTrainerClients.stats.test.tsx [2m([22m[2m2 tests[22m[2m)[22m[32m 95[2mms[22m[39m
 [32m✓[39m src/components/DashBoard/workspaces/clients-team/tabs/trainingWorkflowModes.test.ts [2m([22m[2m10 tests[22m[2m)[22m[32m 6[2mms[22m[39m
 [32m✓[39m src/hooks/social/useFeedEnrichment.test.tsx [2m([22m[2m3 tests[22m[2m)[22m[32m 234[2mms[22m[39m
 [32m✓[39m src/routes/protected-route.waiverGate.test.tsx [2m([22m[2m7 tests[22m[2m)[22m[32m 65[2mms[22m[39m
 [32m✓[39m src/components/FoodTracker/FoodIntelligenceDashboard.test.tsx [2m([22m[2m4 tests[22m[2m)[22m[33m 1169[2mms[22m[39m
     [33m[2m✓[22m[39m shows safe nutrition-search failure copy without leaking raw provider errors [33m 576[2mms[22m[39m
     [33m[2m✓[22m[39m does not render malformed provider macros as credible nutrition facts [33m 409[2mms[22m[39m
 [32m✓[39m src/components/UserDashboard/components/ProfileChartsGrid.test.tsx [2m([22m[2m2 tests[22m[2m)[22m[32m 72[2mms[22m[39m
 [32m✓[39m src/features/teach-mode/hooks/useExerciseTeachData.authPipeline.test.ts [2m([22m[2m3 tests[22m[2m)[22m[32m 3[2mms[22m[39m
[90mstderr[2m | src/adapters/style-lens-swan/styles/__tests__/activeLensStyles.test.tsx[2m > [22m[2mAT-4a/b — useStyleLensIds reactivity (subtree-aware)[2m > [22m[2mreads the committed id on <html> at mount
[22m[39mWarning: An update to TestComponent inside a test was not wrapped in act(...).

When testing, code that causes React state updates should be wrapped into act(...):

act(() => {
  /* fire events that update state */
});
/* assert on the output */

This ensures that you're testing the behavior the user would see in the browser. Learn more at https://reactjs.org/link/wrap-tests-with-act
    at TestComponent (C:\Users\BigotSmasher\Desktop\@Everything\quick-pt\SS-PT\tmp\worktrees\swan-coach-astra-owned-20260906\frontend\node_modules\@testing-library\react\dist\pure.js:328:5)

 [32m✓[39m src/components/Social/Messaging/useMessaging.capabilities.test.tsx [2m([22m[2m6 tests[22m[2m)[22m[33m 405[2mms[22m[39m
 [32m✓[39m src/components/DashBoard/Pages/admin-gamification/useAdminGamificationController.test.tsx [2m([22m[2m2 tests[22m[2m)[22m[32m 162[2mms[22m[39m
[90mstderr[2m | src/adapters/style-lens-swan/styles/__tests__/activeLensStyles.test.tsx[2m > [22m[2mAT-4a/b — useStyleLensIds reactivity (subtree-aware)[2m > [22m[2mAT-4b flip: updates when the attribute changes
[22m[39mWarning: An update to TestComponent inside a test was not wrapped in act(...).

When testing, code that causes React state updates should be wrapped into act(...):

act(() => {
  /* fire events that update state */
});
/* assert on the output */

This ensures that you're testing the behavior the user would see in the browser. Learn more at https://reactjs.org/link/wrap-tests-with-act
    at TestComponent (C:\Users\BigotSmasher\Desktop\@Everything\quick-pt\SS-PT\tmp\worktrees\swan-coach-astra-owned-20260906\frontend\node_modules\@testing-library\react\dist\pure.js:328:5)

 [32m✓[39m src/components/TrainerDashboard/WorkoutLogging/EnhancedWorkoutLogger.roleNavigation.test.tsx [2m([22m[2m3 tests[22m[2m)[22m[33m 573[2mms[22m[39m
     [33m[2m✓[22m[39m admin sees "Back to Client Hub" and navigates to /dashboard/admin/client-management [33m 356[2mms[22m[39m
[90mstdout[2m | src/components/PlaudClipMerge/PlaudClipAudioPreview.test.tsx
[22m[39m[API] Production mode: false
[API] Base URL: http://localhost:10000

[90mstderr[2m | src/adapters/style-lens-swan/styles/__tests__/activeLensStyles.test.tsx[2m > [22m[2mAT-4g — subtree union (ScopedLensFrame previews)[2m > [22m[2mincludes a preview frame id alongside the committed lens, then drops it on unmount
[22m[39mWarning: An update to TestComponent inside a test was not wrapped in act(...).

When testing, code that causes React state updates should be wrapped into act(...):

act(() => {
  /* fire events that update state */
});
/* assert on the output */

This ensures that you're testing the behavior the user would see in the browser. Learn more at https://reactjs.org/link/wrap-tests-with-act
    at TestComponent (C:\Users\BigotSmasher\Desktop\@Everything\quick-pt\SS-PT\tmp\worktrees\swan-coach-astra-owned-20260906\frontend\node_modules\@testing-library\react\dist\pure.js:328:5)

 [32m✓[39m src/adapters/style-lens-swan/styles/__tests__/activeLensStyles.test.tsx [2m([22m[2m9 tests[22m[2m)[22m[32m 275[2mms[22m[39m
 [32m✓[39m src/pages/support/SupportReportComposer.voice.test.tsx [2m([22m[2m2 tests[22m[2m)[22m[33m 453[2mms[22m[39m
     [33m[2m✓[22m[39m never replaces an existing twelfth reproduction step with more dictation [33m 390[2mms[22m[39m
 [32m✓[39m src/components/UniversalMasterSchedule/TrainingPlanProjectionLayer.logic.test.ts [2m([22m[2m8 tests[22m[2m)[22m[32m 6[2mms[22m[39m
 [32m✓[39m src/components/PlaudClipMerge/PlaudClipAudioPreview.test.tsx [2m([22m[2m5 tests[22m[2m)[22m[32m 189[2mms[22m[39m
 [32m✓[39m src/components/DashBoard/Pages/admin-sessions/AdminSessionsRealtimeSocket.truth.test.ts [2m([22m[2m5 tests[22m[2m)[22m[32m 4[2mms[22m[39m
 [32m✓[39m src/components/DashBoard/shared/DashboardBackgroundStudio.mount.contract.test.ts [2m([22m[2m1 test[22m[2m)[22m[32m 4[2mms[22m[39m
 [32m✓[39m src/components/BodyMap/painSlice3Interaction.test.tsx [2m([22m[2m7 tests[22m[2m)[22m[32m 155[2mms[22m[39m
 [32m✓[39m src/components/DashBoard/progress-proof/progressChartFacts.test.ts [2m([22m[2m10 tests[22m[2m)[22m[32m 19[2mms[22m[39m
 [32m✓[39m src/components/DashBoard/Pages/admin-clients/components/WorkoutHistoryPanel.readOnly.test.tsx [2m([22m[2m2 tests[22m[2m)[22m[33m 478[2mms[22m[39m
     [33m[2m✓[22m[39m hides edit and share controls while preserving session read access [33m 367[2mms[22m[39m
 [32m✓[39m src/components/BootcampBuilder/runner/ConsoleView.render.test.tsx [2m([22m[2m6 tests[22m[2m)[22m[32m 212[2mms[22m[39m
 [32m✓[39m src/components/FoodTracker/NutritionReviewDrawer.test.tsx [2m([22m[2m3 tests[22m[2m)[22m[33m 765[2mms[22m[39m
     [33m[2m✓[22m[39m requires review and saves one atomic provider draft as unverified data [33m 514[2mms[22m[39m
[90mstdout[2m | src/components/PlaudClipMerge/PlaudClientResolver.create.test.tsx
[22m[39m[API] Production mode: false
[API] Base URL: http://localhost:10000

 [32m✓[39m src/components/BodyMap/PainChartInsightPanel.render.test.tsx [2m([22m[2m4 tests[22m[2m)[22m[33m 362[2mms[22m[39m
 [32m✓[39m src/components/DashBoard/Pages/admin-dashboard/components/AdminFulfillmentQueue.test.tsx [2m([22m[2m3 tests[22m[2m)[22m[33m 319[2mms[22m[39m
 [32m✓[39m src/components/DashBoard/progress-proof/ProgressReportPdfButton.test.tsx [2m([22m[2m3 tests[22m[2m)[22m[32m 194[2mms[22m[39m
 [32m✓[39m src/components/DashBoard/Pages/admin-dashboard/components/alertClaim.truth.test.tsx [2m([22m[2m8 tests[22m[2m)[22m[33m 381[2mms[22m[39m
 [32m✓[39m src/components/Social/Notifications/SocialNotificationsPanel.test.tsx [2m([22m[2m5 tests[22m[2m)[22m[33m 329[2mms[22m[39m
 [32m✓[39m src/hooks/useWorkoutMcp.recommendations.test.tsx [2m([22m[2m3 tests[22m[2m)[22m[32m 21[2mms[22m[39m
[90mstdout[2m | src/components/OrientationForm/orientationForm.firstLogin.test.tsx[2m > [22m[2mOrientationForm first-login routing[2m > [22m[2mposts signed-in plain user orientation through the protected signup endpoint
[22m[39mOrientation form submitted: { success: [33mtrue[39m }

 [32m✓[39m src/components/OrientationForm/orientationForm.firstLogin.test.tsx [2m([22m[2m2 tests[22m[2m)[22m[33m 449[2mms[22m[39m
     [33m[2m✓[22m[39m posts signed-in plain user orientation through the protected signup endpoint [33m 417[2mms[22m[39m
 [32m✓[39m src/components/UserDashboard/components/CrystalProgressRing.test.tsx [2m([22m[2m8 tests[22m[2m)[22m[32m 212[2mms[22m[39m
[90mstdout[2m | src/components/DashBoard/workspaces/clients-team/tabs/TrainingTabContent.trainerAudience.test.tsx
[22m[39m[API] Production mode: false
[API] Base URL: http://localhost:10000

 [32m✓[39m src/components/WorkoutLogger/handoff/PostSaveHandoff.convergence.test.tsx [2m([22m[2m8 tests[22m[2m)[22m[32m 238[2mms[22m[39m
 [32m✓[39m src/components/BootcampBuilder/BootcampDemoMode.media.test.ts [2m([22m[2m8 tests[22m[2m)[22m[32m 4[2mms[22m[39m
 [32m✓[39m src/components/Shared/EquipmentProfilePicker.authPipeline.test.ts [2m([22m[2m2 tests[22m[2m)[22m[32m 5[2mms[22m[39m
 [32m✓[39m src/components/VideoChat/VideoCallAuthPipeline.truth.test.ts [2m([22m[2m3 tests[22m[2m)[22m[32m 4[2mms[22m[39m
 [32m✓[39m src/components/FoodTracker/useNutritionDictation.test.tsx [2m([22m[2m4 tests[22m[2m)[22m[32m 17[2mms[22m[39m
 [32m✓[39m src/pages/VideoCatalogAuthPipeline.truth.test.ts [2m([22m[2m3 tests[22m[2m)[22m[32m 4[2mms[22m[39m
 [32m✓[39m src/core/style-lens-os/styleLensRegistry.test.ts [2m([22m[2m4 tests[22m[2m)[22m[32m 6[2mms[22m[39m
 [32m✓[39m src/pages/shop/StoreV3.fallbackTruth.test.tsx [2m([22m[2m4 tests[22m[2m)[22m[33m 817[2mms[22m[39m
 [32m✓[39m src/utils/imageUrl.test.ts [2m([22m[2m12 tests[22m[2m)[22m[32m 5[2mms[22m[39m
 [32m✓[39m src/components/DashBoard/DashboardRouteScroll.test.ts [2m([22m[2m3 tests[22m[2m)[22m[32m 21[2mms[22m[39m
 [32m✓[39m src/components/PlaudClipMerge/PlaudClientResolver.create.test.tsx [2m([22m[2m2 tests[22m[2m)[22m[33m 1026[2mms[22m[39m
     [33m[2m✓[22m[39m selects the created client from the create response without depending on a follow-up search [33m 695[2mms[22m[39m
     [33m[2m✓[22m[39m loads trainer client search from trainer assignments instead of the admin roster [33m 329[2mms[22m[39m
 [32m✓[39m src/context/ThemeContext/UniversalThemeToggle.appearanceStudio.test.tsx [2m([22m[2m2 tests[22m[2m)[22m[33m 424[2mms[22m[39m
     [33m[2m✓[22m[39m previews, commits, applies palette, and restores trigger focus [33m 361[2mms[22m[39m
 [32m✓[39m src/components/Admin/NurtureTestSendPanel.test.tsx [2m([22m[2m5 tests[22m[2m)[22m[33m 494[2mms[22m[39m
 [32m✓[39m src/components/voice/voiceModeCutover.contract.test.ts [2m([22m[2m8 tests[22m[2m)[22m[32m 5[2mms[22m[39m
 [32m✓[39m src/components/DashBoard/workspaces/clients-team/tabs/TrainingTabContent.trainerAudience.test.tsx [2m([22m[2m4 tests[22m[2m)[22m[33m 751[2mms[22m[39m
 [32m✓[39m src/context/cartContextContracts.test.ts [2m([22m[2m9 tests[22m[2m)[22m[32m 5[2mms[22m[39m
 [32m✓[39m src/components/FoodTracker/RestaurantTab.logic.test.ts [2m([22m[2m6 tests[22m[2m)[22m[32m 5[2mms[22m[39m
 [32m✓[39m src/components/Checkout/methods/achPaymentState.test.ts [2m([22m[2m10 tests[22m[2m)[22m[32m 20[2mms[22m[39m
 [32m✓[39m src/components/WorkoutLogger/workoutLoggerCoachRoute.test.ts [2m([22m[2m6 tests[22m[2m)[22m[32m 4[2mms[22m[39m
 [32m✓[39m src/components/TrainerDashboard/ClientManagement/MyClientsView.a11yContract.test.tsx [2m([22m[2m2 tests[22m[2m)[22m[33m 704[2mms[22m[39m
     [33m[2m✓[22m[39m labels the client search and exposes aria-pressed toggle state on the status filters [33m 611[2mms[22m[39m
 [32m✓[39m src/components/TrainerDashboard/ClientManagement/MyClientsView.progressTruth.test.ts [2m([22m[2m5 tests[22m[2m)[22m[32m 4[2mms[22m[39m
 [32m✓[39m src/components/WorkoutLogger/WorkoutLogger.supersets.test.ts [2m([22m[2m11 tests[22m[2m)[22m[32m 6[2mms[22m[39m
 [32m✓[39m src/components/Social/Feed/PostCardDisplay.contract.test.tsx [2m([22m[2m5 tests[22m[2m)[22m[32m 291[2mms[22m[39m
 [32m✓[39m src/components/DashBoard/UniversalDashboardLayout.viewAsBanner.test.ts [2m([22m[2m5 tests[22m[2m)[22m[32m 4[2mms[22m[39m
 [32m✓[39m src/context/CartContext.authPipeline.test.ts [2m([22m[2m3 tests[22m[2m)[22m[32m 7[2mms[22m[39m
 [32m✓[39m src/components/WorkoutLogger/SwanTermsIndex.test.tsx [2m([22m[2m17 tests[22m[2m)[22m[32m 235[2mms[22m[39m
 [32m✓[39m src/components/Shared/DashboardTeachMeGuide.dashboardCoverage.test.ts [2m([22m[2m4 tests[22m[2m)[22m[32m 5[2mms[22m[39m
 [32m✓[39m src/components/AvatarHome/CompanionPetPanel.interactionLocks.test.tsx [2m([22m[2m4 tests[22m[2m)[22m[33m 324[2mms[22m[39m
 [32m✓[39m src/components/UniversalMasterSchedule/SessionDetailNoShowReasonPanel.test.tsx [2m([22m[2m4 tests[22m[2m)[22m[32m 170[2mms[22m[39m
 [32m✓[39m src/components/DashBoard/progress-proof/chartMovementDigest.test.ts [2m([22m[2m8 tests[22m[2m)[22m[32m 6[2mms[22m[39m
 [32m✓[39m src/core/style-lens-os/appearanceState.test.ts [2m([22m[2m5 tests[22m[2m)[22m[32m 3[2mms[22m[39m
[90mstderr[2m | src/pages/EnhancedLoginModal.claimHandoff.test.tsx
[22m[39m[API] Response error: {
  status: [90mundefined[39m,
  message: [32m'Network Error'[39m,
  url: [32m'/api/auth/providers'[39m
}

 [32m✓[39m src/pages/EnhancedLoginModal.claimHandoff.test.tsx [2m([22m[2m3 tests[22m[2m)[22m[32m 237[2mms[22m[39m
[90mstderr[2m | src\services\apiClientFactory.ts:185:17
[22m[39m[API] Response error: {
  status: [90mundefined[39m,
  message: [32m'Network Error'[39m,
  url: [32m'/api/auth/providers'[39m
}

 [32m✓[39m src/components/DashBoard/workspaces/ClientsWorkspace.mobileHeader.contract.test.ts [2m([22m[2m6 tests[22m[2m)[22m[32m 4[2mms[22m[39m
 [32m✓[39m src/components/ClientProgressCharts/ClientProgressCharts.sanitizers.test.ts [2m([22m[2m1 test[22m[2m)[22m[32m 5[2mms[22m[39m
 [32m✓[39m src/components/WorkoutLogger/WorkoutLogger.planPrefill.regression.test.ts [2m([22m[2m1 test[22m[2m)[22m[32m 6[2mms[22m[39m
 [32m✓[39m src/services/coachProposalService.test.ts [2m([22m[2m5 tests[22m[2m)[22m[32m 5[2mms[22m[39m
[90mstdout[2m | src/services/adminClientService.export.test.ts
[22m[39m[API] Production mode: false
[API] Base URL: http://localhost:10000

 [32m✓[39m src/services/adminClientService.export.test.ts [2m([22m[2m3 tests[22m[2m)[22m[32m 15[2mms[22m[39m
 [32m✓[39m src/components/FoodTracker/quickAdd.logic.test.ts [2m([22m[2m5 tests[22m[2m)[22m[32m 6[2mms[22m[39m
 [32m✓[39m src/hooks/aiMessageLimits.test.ts [2m([22m[2m9 tests[22m[2m)[22m[32m 6[2mms[22m[39m
[90mstdout[2m | src/components/DashBoard/workspaces/useClientDirectoryExport.test.tsx
[22m[39m[API] Production mode: false
[API] Base URL: http://localhost:10000

 [32m✓[39m src/components/DashBoard/workspaces/useClientDirectoryExport.test.tsx [2m([22m[2m5 tests[22m[2m)[22m[32m 44[2mms[22m[39m
[90mstdout[2m | src/hooks/useBootcampTaughtLog.test.ts
[22m[39m[API] Production mode: false
[API] Base URL: http://localhost:10000

 [32m✓[39m src/hooks/useBootcampTaughtLog.test.ts [2m([22m[2m4 tests[22m[2m)[22m[32m 4[2mms[22m[39m
 [32m✓[39m src/components/WorkoutLogger/NumericKeypadSheet.test.tsx [2m([22m[2m8 tests[22m[2m)[22m[33m 520[2mms[22m[39m
 [32m✓[39m src/components/DashBoard/progress-proof/proofFacetLadder.test.ts [2m([22m[2m7 tests[22m[2m)[22m[32m 6[2mms[22m[39m
[90mstdout[2m | src/pages/waiver/usePublicWaiverForm.returnUrl.test.ts
[22m[39m[API] Production mode: false
[API] Base URL: http://localhost:10000

 [32m✓[39m src/pages/waiver/usePublicWaiverForm.returnUrl.test.ts [2m([22m[2m22 tests[22m[2m)[22m[32m 5[2mms[22m[39m
 [32m✓[39m src/components/Social/Messaging/useMessaging.tierGate.test.ts [2m([22m[2m3 tests[22m[2m)[22m[32m 90[2mms[22m[39m
 [32m✓[39m src/components/WorkoutLogger/WorkoutLogger.styleExtraction.test.ts [2m([22m[2m6 tests[22m[2m)[22m[32m 6[2mms[22m[39m
 [32m✓[39m src/lib/acquisition.test.ts [2m([22m[2m7 tests[22m[2m)[22m[32m 16[2mms[22m[39m
 [32m✓[39m src/components/ShoppingCart/ShoppingCart.themeContract.test.ts [2m([22m[2m9 tests[22m[2m)[22m[32m 5[2mms[22m[39m
 [32m✓[39m src/pages/ClaimAccountPage.enterVerify.test.tsx [2m([22m[2m3 tests[22m[2m)[22m[33m 1817[2mms[22m[39m
     [33m[2m✓[22m[39m verifies the invite code when Enter is pressed before password fields are shown [33m 434[2mms[22m[39m
     [33m[2m✓[22m[39m auto-verifies a direct claim link and posts the activation payload [33m 1211[2mms[22m[39m
 [32m✓[39m src/components/FoodTracker/NutritionBarcodeCapture.test.tsx [2m([22m[2m3 tests[22m[2m)[22m[33m 908[2mms[22m[39m
     [33m[2m✓[22m[39m morphs an unmatched barcode into a manual draft without losing the barcode [33m 621[2mms[22m[39m
 [32m✓[39m src/pages/video-vnext/VideoVNext.regression.test.tsx [2m([22m[2m4 tests[22m[2m)[22m[33m 334[2mms[22m[39m
 [32m✓[39m src/components/DashBoard/progress-proof/progressSocialShare.test.ts [2m([22m[2m5 tests[22m[2m)[22m[32m 8[2mms[22m[39m
 [32m✓[39m src/components/WorkoutLogger/WorkoutLogger.setRowIdentity.test.ts [2m([22m[2m6 tests[22m[2m)[22m[32m 6[2mms[22m[39m
 [32m✓[39m src/components/Social/Feed/PostWorkoutDetailsModal.routing.test.tsx [2m([22m[2m6 tests[22m[2m)[22m[33m 313[2mms[22m[39m
 [32m✓[39m src/components/UniversalMasterSchedule/SessionDetailModal.styleExtraction.test.ts [2m([22m[2m3 tests[22m[2m)[22m[32m 6[2mms[22m[39m
 [32m✓[39m src/components/DashBoard/workspaces/clientActivationQueue.test.ts [2m([22m[2m3 tests[22m[2m)[22m[32m 6[2mms[22m[39m
 [32m✓[39m src/components/Shared/DashboardTeachMeGuide.userTabsRoutes.test.ts [2m([22m[2m3 tests[22m[2m)[22m[32m 6[2mms[22m[39m
 [32m✓[39m src/adapters/style-lens-swan/v2/bundleBoundary.test.ts [2m([22m[2m4 tests[22m[2m)[22m[32m 4[2mms[22m[39m
 [32m✓[39m src/components/Social/Messaging/MessageThread.groupIdentity.test.tsx [2m([22m[2m1 test[22m[2m)[22m[33m 325[2mms[22m[39m
     [33m[2m✓[22m[39m renders group messages with speaker labels, role badges, and group-aware composer copy [33m 323[2mms[22m[39m
 [32m✓[39m src/components/Social/Messaging/useMessaging.safeErrors.test.tsx [2m([22m[2m3 tests[22m[2m)[22m[32m 249[2mms[22m[39m
 [32m✓[39m src/content/aiConsentCopy.contract.test.ts [2m([22m[2m10 tests[22m[2m)[22m[32m 4[2mms[22m[39m
 [32m✓[39m src/components/FoodScanner/ProductAnalysis.intelligence.test.tsx [2m([22m[2m1 test[22m[2m)[22m[33m 635[2mms[22m[39m
     [33m[2m✓[22m[39m renders source-aware panels and creates explain/video draft requests [33m 633[2mms[22m[39m
 [32m✓[39m src/components/Shared/DashboardTeachMeGuide.trainerTrainingRoutes.test.ts [2m([22m[2m2 tests[22m[2m)[22m[32m 5[2mms[22m[39m
 [32m✓[39m src/components/cortex/useSafetyGateReview.test.tsx [2m([22m[2m5 tests[22m[2m)[22m[32m 19[2mms[22m[39m
 [32m✓[39m src/components/BadgeCreator/BadgeUploadPanel.test.tsx [2m([22m[2m3 tests[22m[2m)[22m[33m 2338[2mms[22m[39m
     [33m[2m✓[22m[39m uploads badge art through the admin badge creator route with assignment metadata [33m 1869[2mms[22m[39m
     [33m[2m✓[22m[39m uses safe upload failure copy without leaking backend details [33m 405[2mms[22m[39m
 [32m✓[39m src/context/SocketContext.authPipeline.test.ts [2m([22m[2m3 tests[22m[2m)[22m[32m 3[2mms[22m[39m
 [32m✓[39m src/adapters/style-lens-swan/v2/surfaceManifests.test.ts [2m([22m[2m5 tests[22m[2m)[22m[32m 14[2mms[22m[39m
 [32m✓[39m src/components/NewCheckout/CheckoutView.logic.test.ts [2m([22m[2m4 tests[22m[2m)[22m[32m 4[2mms[22m[39m
 [32m✓[39m src/components/DashBoard/Pages/coach-assistant/CoachCommandCenter.commandLane.test.ts [2m([22m[2m4 tests[22m[2m)[22m[32m 6[2mms[22m[39m
 [32m✓[39m src/components/DashBoard/Pages/coach-assistant/hooks/useCoachSuggestionChips.test.ts [2m([22m[2m13 tests[22m[2m)[22m[32m 6[2mms[22m[39m
 [32m✓[39m src/components/DashBoard/Pages/coach-assistant/CoachCommandCenter.chatResponse.test.ts [2m([22m[2m8 tests[22m[2m)[22m[32m 6[2mms[22m[39m
 [32m✓[39m src/components/DashBoard/Pages/coach-assistant/CoachCommandCenter.themeBridge.test.ts [2m([22m[2m2 tests[22m[2m)[22m[32m 5[2mms[22m[39m
 [32m✓[39m src/components/DashBoard/Pages/coach-assistant/CoachAudioInspectionResultCard.identity.test.ts [2m([22m[2m2 tests[22m[2m)[22m[32m 7[2mms[22m[39m
 [32m✓[39m src/components/DashBoard/Pages/coach-assistant/CoachCommandCenter.bridgeSplit.test.ts [2m([22m[2m2 tests[22m[2m)[22m[32m 5[2mms[22m[39m
 [32m✓[39m src/components/DashBoard/Pages/coach-assistant/CoachActionProposalCard.nutrition.test.ts [2m([22m[2m3 tests[22m[2m)[22m[32m 4[2mms[22m[39m
[90mstdout[2m | src/hooks/gamification/useGamificationData.structure.test.ts
[22m[39m[API] Production mode: false
[API] Base URL: http://localhost:10000

 [32m✓[39m src/components/Shared/SwanExercisePicker/SwanExercisePickerPreview.test.tsx [2m([22m[2m4 tests[22m[2m)[22m[32m 170[2mms[22m[39m
[90mstdout[2m | src/hooks/gamification/useGamificationData.structure.test.ts
[22m[39mAPI clients configured for SwanStudios backend

 [32m✓[39m src/components/DashBoard/Pages/coach-assistant/CoachCommandCenter.accessHandoff.test.ts [2m([22m[2m5 tests[22m[2m)[22m[32m 4[2mms[22m[39m
 [32m✓[39m src/components/DashBoard/Pages/admin-clients/components/useCopilotPanelReset.test.ts [2m([22m[2m3 tests[22m[2m)[22m[32m 17[2mms[22m[39m
 [32m✓[39m src/components/DashBoard/workspaces/clients-team/tabs/NutritionTriageCard.logic.test.ts [2m([22m[2m4 tests[22m[2m)[22m[32m 19[2mms[22m[39m
 [32m✓[39m src/components/DashBoard/workspaces/ClientsWorkspace.urlClientId.test.tsx [2m([22m[2m1 test[22m[2m)[22m[33m 1187[2mms[22m[39m
     [33m[2m✓[22m[39m does not auto-select a client from a malformed clientId query value [33m 1185[2mms[22m[39m
 [32m✓[39m src/components/cortex/SafetyGateModal.test.tsx [2m([22m[2m6 tests[22m[2m)[22m[32m 262[2mms[22m[39m
 [32m✓[39m src/components/DashBoard/Pages/admin-dashboard/components/PostReportsWidget.truth.test.ts [2m([22m[2m7 tests[22m[2m)[22m[32m 4[2mms[22m[39m
 [32m✓[39m src/components/Social/Friends/FriendsList.sharedState.test.tsx [2m([22m[2m2 tests[22m[2m)[22m[33m 595[2mms[22m[39m
     [33m[2m✓[22m[39m renders friends, requests, and suggestions from the same hook instance [33m 590[2mms[22m[39m
 [32m✓[39m src/components/UniversalMasterSchedule/hooks/useSessionSeriesActions.test.tsx [2m([22m[2m4 tests[22m[2m)[22m[32m 20[2mms[22m[39m
 [32m✓[39m src/hooks/gamification/useGamificationData.structure.test.ts [2m([22m[2m6 tests[22m[2m)[22m[32m 7[2mms[22m[39m
 [32m✓[39m src/components/DashBoard/Pages/admin-dashboard/MeasurementEntryDataUtils.test.ts [2m([22m[2m5 tests[22m[2m)[22m[32m 20[2mms[22m[39m
 [32m✓[39m src/components/DashBoard/Pages/admin-dashboard/components/OrientationIntakeWidget.truth.test.ts [2m([22m[2m6 tests[22m[2m)[22m[32m 4[2mms[22m[39m
 [32m✓[39m src/components/DashBoard/Pages/client-dashboard/observatory/ClientObservatoryWidgets.source.test.ts [2m([22m[2m4 tests[22m[2m)[22m[32m 4[2mms[22m[39m
 [32m✓[39m src/components/DashBoard/Pages/admin-dashboard/components/RevenueAnalyticsPanel.authPipeline.test.ts [2m([22m[2m3 tests[22m[2m)[22m[32m 8[2mms[22m[39m
 [32m✓[39m src/components/UserDashboard/components/useHomeNutritionAction.test.tsx [2m([22m[2m5 tests[22m[2m)[22m[32m 20[2mms[22m[39m
 [32m✓[39m src/components/DashBoard/workspaces/clients-team/tabs/NutritionTriageCard.test.tsx [2m([22m[2m4 tests[22m[2m)[22m[32m 171[2mms[22m[39m
 [32m✓[39m src/components/voice/ReviewDecodedWorkout/ReviewDecodedWorkout.test.tsx [2m([22m[2m5 tests[22m[2m)[22m[32m 232[2mms[22m[39m
 [32m✓[39m src/components/DashBoard/Pages/admin-movement-analysis/MovementAnalysisWizard.unwrap.test.tsx [2m([22m[2m2 tests[22m[2m)[22m[33m 455[2mms[22m[39m
     [33m[2m✓[22m[39m pre-fills client info from the canonical { data: { client } } shape [33m 346[2mms[22m[39m
 [32m✓[39m src/components/DashBoard/Pages/challenges/ChallengeAudienceSelector.render.test.tsx [2m([22m[2m2 tests[22m[2m)[22m[33m 484[2mms[22m[39m
     [33m[2m✓[22m[39m shows real eligible clients and persists a draft audience selection [33m 357[2mms[22m[39m
 [32m✓[39m src/components/DashBoard/Pages/admin-clients/components/WorkoutHistoryPanel.buttonSemantics.test.ts [2m([22m[2m2 tests[22m[2m)[22m[32m 3[2mms[22m[39m
 [32m✓[39m src/components/DashBoard/Pages/admin-dashboard/components/VisitorWorldMap.truth.test.ts [2m([22m[2m6 tests[22m[2m)[22m[32m 5[2mms[22m[39m
 [32m✓[39m src/components/DashBoard/Pages/admin-clients/components/workoutHistoryPanelData.test.ts [2m([22m[2m5 tests[22m[2m)[22m[32m 5[2mms[22m[39m
 [32m✓[39m src/components/DashBoard/workspaces/clients-team/tabs/NutritionTabContent.logic.test.ts [2m([22m[2m8 tests[22m[2m)[22m[32m 20[2mms[22m[39m
 [32m✓[39m src/components/DashBoard/Pages/admin-dashboard/components/GamificationSummaryWidget.truth.test.ts [2m([22m[2m4 tests[22m[2m)[22m[32m 3[2mms[22m[39m
 [32m✓[39m src/components/DashBoard/Pages/admin-packages/admin-packages-view.products.contract.test.tsx [2m([22m[2m7 tests[22m[2m)[22m[32m 4[2mms[22m[39m
 [32m✓[39m src/components/DashBoard/Pages/challenges/ChallengeDraftCreator.model.test.ts [2m([22m[2m3 tests[22m[2m)[22m[32m 4[2mms[22m[39m
 [32m✓[39m src/components/UserDashboard/components/useHomeComposer.test.tsx [2m([22m[2m4 tests[22m[2m)[22m[32m 23[2mms[22m[39m
 [32m✓[39m src/adapters/style-lens-swan/charts/__tests__/victoryLensTheme.test.ts [2m([22m[2m6 tests[22m[2m)[22m[32m 104[2mms[22m[39m
 [32m✓[39m src/pages/shop/components/ProductCard.test.tsx [2m([22m[2m4 tests[22m[2m)[22m[33m 460[2mms[22m[39m
 [32m✓[39m src/components/WorkoutLogger/handoff/ShareProofButton.test.tsx [2m([22m[2m5 tests[22m[2m)[22m[32m 198[2mms[22m[39m
 [32m✓[39m src/components/DashBoard/Pages/admin-dashboard/components/WaiverSummaryWidget.truth.test.ts [2m([22m[2m6 tests[22m[2m)[22m[32m 5[2mms[22m[39m
 [32m✓[39m src/components/DashBoard/Pages/admin-sessions/AdminSessionsRowIdentity.test.ts [2m([22m[2m2 tests[22m[2m)[22m[32m 4[2mms[22m[39m
 [32m✓[39m src/components/DashBoard/Pages/coach-assistant/utils/coachCommandResultSummary.test.ts [2m([22m[2m4 tests[22m[2m)[22m[32m 4[2mms[22m[39m
 [32m✓[39m src/components/DashBoard/Pages/admin-dashboard/components/RevenueChart.truth.test.tsx [2m([22m[2m6 tests[22m[2m)[22m[33m 326[2mms[22m[39m
 [32m✓[39m src/components/DashBoard/Pages/admin-dashboard/components/SocialOverviewWidget.truth.test.ts [2m([22m[2m6 tests[22m[2m)[22m[32m 4[2mms[22m[39m
 [32m✓[39m src/components/DashBoard/Pages/admin-dashboard/shell/WidgetShell.truth.test.tsx [2m([22m[2m8 tests[22m[2m)[22m[32m 275[2mms[22m[39m
 [32m✓[39m src/components/DashBoard/Pages/admin-dashboard/components/ModerationWidget.truth.test.ts [2m([22m[2m4 tests[22m[2m)[22m[32m 5[2mms[22m[39m
 [32m✓[39m src/components/UserDashboard/components/SocialProgressAnalyticsPreview.test.tsx [2m([22m[2m3 tests[22m[2m)[22m[32m 175[2mms[22m[39m
[90mstdout[2m | src/components/Charts/charts/heatmap/WorkoutHeatmapCalendar.timezone.test.tsx
[22m[39m[API] Production mode: false
[API] Base URL: http://localhost:10000

 [32m✓[39m src/components/Charts/charts/heatmap/WorkoutHeatmapCalendar.timezone.test.tsx [2m([22m[2m3 tests[22m[2m)[22m[32m 4[2mms[22m[39m
 [32m✓[39m src/components/DashBoard/Pages/admin-dashboard/components/PostReportsWidget.actions.test.tsx [2m([22m[2m5 tests[22m[2m)[22m[33m 647[2mms[22m[39m
     [33m[2m✓[22m[39m Resolve PATCHes the resolve route with content-flagged and removes the row [32m 300[2mms[22m[39m
 [32m✓[39m src/components/DashBoard/Pages/admin-sessions/AdminSessionsTrainerAssignment.logic.test.ts [2m([22m[2m4 tests[22m[2m)[22m[32m 4[2mms[22m[39m
 [32m✓[39m src/components/DashBoard/Pages/canada-immigration/CanadaImmigrationTab.authPipeline.test.ts [2m([22m[2m2 tests[22m[2m)[22m[32m 3[2mms[22m[39m
 [32m✓[39m src/context/ThemeContext/AppearanceStudio/appearanceStudioContrast.test.ts [2m([22m[2m7 tests[22m[2m)[22m[32m 4[2mms[22m[39m
 [32m✓[39m src/components/DashBoard/Pages/admin-gamification/components/GamificationSettings.test.tsx [2m([22m[2m4 tests[22m[2m)[22m[33m 514[2mms[22m[39m
     [33m[2m✓[22m[39m saves the edited point value draft through the existing callback contract [33m 393[2mms[22m[39m
 [32m✓[39m src/components/DashBoard/Pages/admin-dashboard/components/OracleInsightsWidget.truth.test.ts [2m([22m[2m6 tests[22m[2m)[22m[32m 4[2mms[22m[39m
 [32m✓[39m src/components/DashBoard/Pages/admin-clients/components/WorkoutHistoryPanel.sessionStyles.test.ts [2m([22m[2m2 tests[22m[2m)[22m[32m 4[2mms[22m[39m
 [32m✓[39m src/components/DashBoard/Pages/admin-dashboard/components/UpcomingChecksWidget.truth.test.tsx [2m([22m[2m4 tests[22m[2m)[22m[32m 239[2mms[22m[39m
 [32m✓[39m src/components/DashBoard/workspaces/clients-team/tabs/TrainingTabContent.styleExtraction.test.ts [2m([22m[2m8 tests[22m[2m)[22m[32m 5[2mms[22m[39m
 [32m✓[39m src/components/DashBoard/Pages/admin-dashboard/components/AutomatedCheckInsWidget.truth.test.ts [2m([22m[2m6 tests[22m[2m)[22m[32m 5[2mms[22m[39m
 [32m✓[39m src/components/DashBoard/Pages/admin-dashboard/overview/AdminOverviewQuickActions.config.test.tsx [2m([22m[2m6 tests[22m[2m)[22m[32m 8[2mms[22m[39m
 [32m✓[39m src/components/DashBoard/workspaces/clients-team/tabs/ClientWorkoutPlansPanel.commands.test.tsx [2m([22m[2m2 tests[22m[2m)[22m[33m 835[2mms[22m[39m
     [33m[2m✓[22m[39m requests current PDF generation and audited lifecycle transitions from staff cards [33m 686[2mms[22m[39m
 [32m✓[39m src/components/DashBoard/Pages/admin-clients/components/useCopilotDraftEditor.test.ts [2m([22m[2m4 tests[22m[2m)[22m[32m 17[2mms[22m[39m
 [32m✓[39m src/components/DashBoard/workspaces/clients-team/tabs/OverviewTabContent.authPipeline.test.ts [2m([22m[2m2 tests[22m[2m)[22m[32m 4[2mms[22m[39m
 [32m✓[39m src/components/UserDashboard/components/UserDashboardRovingTabs.test.ts [2m([22m[2m5 tests[22m[2m)[22m[32m 5[2mms[22m[39m
[90mstderr[2m | src/components/UserDashboard/components/UserSettingsHub.saveContract.test.tsx[2m > [22m[2mUserSettingsHub save contract[2m > [22m[2mwrites to /api/profile when no persistence callback is supplied
[22m[39mWarning: An update to UserSettingsHub inside a test was not wrapped in act(...).

When testing, code that causes React state updates should be wrapped into act(...):

act(() => {
  /* fire events that update state */
});
/* assert on the output */

This ensures that you're testing the behavior the user would see in the browser. Learn more at https://reactjs.org/link/wrap-tests-with-act
    at UserSettingsHub (C:/Users/BigotSmasher/Desktop/@Everything/quick-pt/SS-PT/tmp/worktrees/swan-coach-astra-owned-20260906/frontend/src/components/UserDashboard/components/UserSettingsHub.tsx:38:28)
Warning: An update to UserSettingsHub inside a test was not wrapped in act(...).

When testing, code that causes React state updates should be wrapped into act(...):

act(() => {
  /* fire events that update state */
});
/* assert on the output */

This ensures that you're testing the behavior the user would see in the browser. Learn more at https://reactjs.org/link/wrap-tests-with-act
    at UserSettingsHub (C:/Users/BigotSmasher/Desktop/@Everything/quick-pt/SS-PT/tmp/worktrees/swan-coach-astra-owned-20260906/frontend/src/components/UserDashboard/components/UserSettingsHub.tsx:38:28)

 [32m✓[39m src/components/DashBoard/Pages/admin-dashboard/overview/AdminQuickActions.truth.test.tsx [2m([22m[2m4 tests[22m[2m)[22m[33m 383[2mms[22m[39m
 [32m✓[39m src/components/AdvancedGamification/components/JobClassSelector/JobClassSelector.test.tsx [2m([22m[2m4 tests[22m[2m)[22m[33m 607[2mms[22m[39m
     [33m[2m✓[22m[39m previews another class before saving [33m 312[2mms[22m[39m
 [32m✓[39m src/components/UserDashboard/components/UserDashboardSidebarV3.gamificationGate.test.ts [2m([22m[2m5 tests[22m[2m)[22m[32m 19[2mms[22m[39m
[90mstderr[2m | src/components/UserDashboard/components/UserSettingsHub.saveContract.test.tsx[2m > [22m[2mUserSettingsHub save contract[2m > [22m[2mdelegates to the supplied callback and sends the privacy fields
[22m[39mWarning: An update to UserSettingsHub inside a test was not wrapped in act(...).

When testing, code that causes React state updates should be wrapped into act(...):

act(() => {
  /* fire events that update state */
});
/* assert on the output */

This ensures that you're testing the behavior the user would see in the browser. Learn more at https://reactjs.org/link/wrap-tests-with-act
    at UserSettingsHub (C:/Users/BigotSmasher/Desktop/@Everything/quick-pt/SS-PT/tmp/worktrees/swan-coach-astra-owned-20260906/frontend/src/components/UserDashboard/components/UserSettingsHub.tsx:38:28)
Warning: An update to UserSettingsHub inside a test was not wrapped in act(...).

When testing, code that causes React state updates should be wrapped into act(...):

act(() => {
  /* fire events that update state */
});
/* assert on the output */

This ensures that you're testing the behavior the user would see in the browser. Learn more at https://reactjs.org/link/wrap-tests-with-act
    at UserSettingsHub (C:/Users/BigotSmasher/Desktop/@Everything/quick-pt/SS-PT/tmp/worktrees/swan-coach-astra-owned-20260906/frontend/src/components/UserDashboard/components/UserSettingsHub.tsx:38:28)

 [32m✓[39m src/components/DashBoard/workspaces/clients-team/tabs/ROMAssessment.test.tsx [2m([22m[2m5 tests[22m[2m)[22m[33m 346[2mms[22m[39m
     [33m[2m✓[22m[39m refuses malformed client ids before posting ROM measurements [33m 302[2mms[22m[39m
 [32m✓[39m src/components/DashBoard/Pages/client-dashboard/observatory/ClientCurrentWorkoutCoachAction.test.ts [2m([22m[2m3 tests[22m[2m)[22m[32m 5[2mms[22m[39m
[90mstderr[2m | src/components/UserDashboard/components/UserSettingsHub.saveContract.test.tsx[2m > [22m[2mUserSettingsHub save contract[2m > [22m[2mdoes NOT report success when the write rejects
[22m[39mWarning: An update to UserSettingsHub inside a test was not wrapped in act(...).

When testing, code that causes React state updates should be wrapped into act(...):

act(() => {
  /* fire events that update state */
});
/* assert on the output */

This ensures that you're testing the behavior the user would see in the browser. Learn more at https://reactjs.org/link/wrap-tests-with-act
    at UserSettingsHub (C:/Users/BigotSmasher/Desktop/@Everything/quick-pt/SS-PT/tmp/worktrees/swan-coach-astra-owned-20260906/frontend/src/components/UserDashboard/components/UserSettingsHub.tsx:38:28)
Warning: An update to UserSettingsHub inside a test was not wrapped in act(...).

When testing, code that causes React state updates should be wrapped into act(...):

act(() => {
  /* fire events that update state */
});
/* assert on the output */

This ensures that you're testing the behavior the user would see in the browser. Learn more at https://reactjs.org/link/wrap-tests-with-act
    at UserSettingsHub (C:/Users/BigotSmasher/Desktop/@Everything/quick-pt/SS-PT/tmp/worktrees/swan-coach-astra-owned-20260906/frontend/src/components/UserDashboard/components/UserSettingsHub.tsx:38:28)

 [32m✓[39m src/components/UserDashboard/components/UserSettingsHub.saveContract.test.tsx [2m([22m[2m3 tests[22m[2m)[22m[33m 655[2mms[22m[39m
     [33m[2m✓[22m[39m writes to /api/profile when no persistence callback is supplied [33m 433[2mms[22m[39m
 [32m✓[39m src/components/DashBoard/Pages/client-dashboard/observatory/ClientObservatoryFeed.source.test.ts [2m([22m[2m5 tests[22m[2m)[22m[32m 5[2mms[22m[39m
 [32m✓[39m src/components/AdvancedGamification/components/GhostMode/useGhostMode.hardening.test.tsx [2m([22m[2m2 tests[22m[2m)[22m[32m 18[2mms[22m[39m
 [32m✓[39m src/components/DashBoard/Pages/admin-dashboard/components/ModerationWidget.confirmationContract.test.tsx [2m([22m[2m2 tests[22m[2m)[22m[33m 384[2mms[22m[39m
     [33m[2m✓[22m[39m opens an in-app confirmation before deleting a moderation post [33m 382[2mms[22m[39m
 [32m✓[39m src/components/WorkoutLogger/handoff/PostSaveHandoff.celebration.test.tsx [2m([22m[2m6 tests[22m[2m)[22m[33m 418[2mms[22m[39m
 [32m✓[39m src/components/DashBoard/Pages/admin-dashboard/AdminStellarSidebar.iconCoverage.test.ts [2m([22m[2m3 tests[22m[2m)[22m[32m 4[2mms[22m[39m
 [32m✓[39m src/components/DashBoard/Pages/coach-assistant/SwanCoachAssistantPage.messagesPanelSplit.test.ts [2m([22m[2m4 tests[22m[2m)[22m[32m 4[2mms[22m[39m
 [32m✓[39m src/components/DashBoard/Pages/admin-packages/ProductVariantsManager.deleteGate.test.tsx [2m([22m[2m5 tests[22m[2m)[22m[33m 477[2mms[22m[39m
 [32m✓[39m src/components/UserDashboard/components/UserDashboardSidebarV3.quickStats.test.ts [2m([22m[2m4 tests[22m[2m)[22m[32m 18[2mms[22m[39m
 [32m✓[39m src/components/DashBoard/Pages/admin-clients/components/workoutHistoryNotes.test.ts [2m([22m[2m7 tests[22m[2m)[22m[32m 4[2mms[22m[39m
 [32m✓[39m src/components/DashBoard/Pages/admin-dashboard/components/VisitorGeoWidget.identity.test.ts [2m([22m[2m3 tests[22m[2m)[22m[32m 4[2mms[22m[39m
 [32m✓[39m src/components/Charts/charts/live/ghostSelf.test.ts [2m([22m[2m6 tests[22m[2m)[22m[32m 4[2mms[22m[39m
 [32m✓[39m src/components/UserDashboard/components/UserDashboardTabScroll.test.ts [2m([22m[2m2 tests[22m[2m)[22m[32m 12[2mms[22m[39m
 [32m✓[39m src/components/UniversalMasterSchedule/hooks/useSessionClientFeedback.test.tsx [2m([22m[2m4 tests[22m[2m)[22m[32m 38[2mms[22m[39m
 [32m✓[39m src/components/DashBoard/Pages/client-dashboard/observatory/ClientObservatoryWidgets.preview.test.ts [2m([22m[2m4 tests[22m[2m)[22m[32m 20[2mms[22m[39m
 [32m✓[39m src/components/DashBoard/Pages/admin-dashboard/components/ClientComplianceDashboard.actions.test.tsx [2m([22m[2m5 tests[22m[2m)[22m[33m 464[2mms[22m[39m
     [33m[2m✓[22m[39m 'View profile' deep-links to the Client Hub for that client [33m 367[2mms[22m[39m
[90mstdout[2m | src/components/DashBoard/workspaces/clients-team/tabs/TrainingTabContent.loggerReturnTo.test.tsx
[22m[39m[API] Production mode: false
[API] Base URL: http://localhost:10000

 [32m✓[39m src/components/DashBoard/Pages/admin-users/EnhancedUserDataManagement.authPipeline.test.ts [2m([22m[2m3 tests[22m[2m)[22m[32m 4[2mms[22m[39m
 [32m✓[39m src/components/UserDashboard/components/HomeTabLiveWidgetViewModel.leaderboard.test.ts [2m([22m[2m6 tests[22m[2m)[22m[32m 5[2mms[22m[39m
 [32m✓[39m src/pages/HomePage/components/EvidenceLensBand.test.tsx [2m([22m[2m6 tests[22m[2m)[22m[32m 67[2mms[22m[39m
 [32m✓[39m src/components/DashBoard/Pages/admin-dashboard/shell/usePolledFetch.test.ts [2m([22m[2m6 tests[22m[2m)[22m[33m 315[2mms[22m[39m
 [32m✓[39m src/pages/shop/components/PackageCard.test.tsx [2m([22m[2m5 tests[22m[2m)[22m[32m 297[2mms[22m[39m
 [32m✓[39m src/components/DashBoard/Pages/admin-dashboard/MeasurementEntryProgressCharts.test.ts [2m([22m[2m3 tests[22m[2m)[22m[32m 290[2mms[22m[39m
 [32m✓[39m src/components/DashBoard/Pages/coach-assistant/CoachActionProposalCard.logic.test.ts [2m([22m[2m5 tests[22m[2m)[22m[32m 5[2mms[22m[39m
 [32m✓[39m src/components/DashBoard/workspaces/clients-team/tabs/OverviewTabContent.nutritionMount.test.tsx [2m([22m[2m1 test[22m[2m)[22m[32m 183[2mms[22m[39m
 [32m✓[39m src/components/DashBoard/Pages/client-dashboard/observatory/ClientObservatoryHero.source.test.ts [2m([22m[2m3 tests[22m[2m)[22m[32m 5[2mms[22m[39m
 [32m✓[39m src/components/DashBoard/Pages/admin-clients/components/workoutHistoryEditRows.test.ts [2m([22m[2m5 tests[22m[2m)[22m[32m 6[2mms[22m[39m
 [32m✓[39m src/components/DashBoard/workspaces/clients-team/tabs/ClientWorkoutPlanPdfState.logic.test.ts [2m([22m[2m2 tests[22m[2m)[22m[32m 3[2mms[22m[39m
 [32m✓[39m src/components/DashBoard/Pages/client-dashboard/observatory/ClientObservatoryShell.source.test.ts [2m([22m[2m2 tests[22m[2m)[22m[32m 3[2mms[22m[39m
 [32m✓[39m src/components/DashBoard/Pages/admin-dashboard/components/WidgetSkeleton.themeBridge.test.ts [2m([22m[2m2 tests[22m[2m)[22m[32m 4[2mms[22m[39m
 [32m✓[39m src/components/DashBoard/workspaces/clients-team/tabs/SettingsTabContent.logic.test.ts [2m([22m[2m3 tests[22m[2m)[22m[32m 4[2mms[22m[39m
 [32m✓[39m src/components/TrainerDashboard/ClientProgress/Analytics/GoalProgressTracker.themeBridge.test.ts [2m([22m[2m2 tests[22m[2m)[22m[32m 9[2mms[22m[39m
 [32m✓[39m src/components/DashBoard/workspaces/clients-team/tabs/TrainingTabContent.loggerReturnTo.test.tsx [2m([22m[2m2 tests[22m[2m)[22m[33m 597[2mms[22m[39m
     [33m[2m✓[22m[39m returns to the planner when a planner-launched embedded log is canceled [33m 398[2mms[22m[39m
 [32m✓[39m src/components/DashBoard/workspaces/clients-team/clientDailyTrainingRoutes.trainerAudience.test.ts [2m([22m[2m6 tests[22m[2m)[22m[32m 5[2mms[22m[39m
 [32m✓[39m src/components/DashBoard/Pages/admin-clients/components/workoutHistoryEditPayload.test.ts [2m([22m[2m3 tests[22m[2m)[22m[32m 4[2mms[22m[39m
 [32m✓[39m src/components/DashBoard/Pages/admin-dashboard/overview/AdminOverviewMetrics.truth.test.ts [2m([22m[2m3 tests[22m[2m)[22m[32m 4[2mms[22m[39m
 [32m✓[39m src/components/TrainerDashboard/ClientProgress/Analytics/InjuryRiskAssessment.themeBridge.test.ts [2m([22m[2m2 tests[22m[2m)[22m[32m 5[2mms[22m[39m
 [32m✓[39m src/components/DashBoard/Pages/admin-dashboard/components/moneyTruth.test.ts [2m([22m[2m5 tests[22m[2m)[22m[32m 4[2mms[22m[39m
 [32m✓[39m src/components/DashBoard/Pages/admin-clients/components/useCopilotTemplateCatalog.test.ts [2m([22m[2m4 tests[22m[2m)[22m[32m 170[2mms[22m[39m
 [32m✓[39m src/components/DashBoard/Pages/admin-clients/components/workoutHistorySharing.test.ts [2m([22m[2m4 tests[22m[2m)[22m[32m 18[2mms[22m[39m
 [32m✓[39m src/components/DashBoard/workspaces/clients-team/clientSessionSignal.test.ts [2m([22m[2m5 tests[22m[2m)[22m[32m 4[2mms[22m[39m
 [32m✓[39m src/components/DashBoard/Pages/admin-workout-planner/plannerLogic/resolvePlanVsActual.test.ts [2m([22m[2m3 tests[22m[2m)[22m[32m 4[2mms[22m[39m
 [32m✓[39m src/components/DashBoard/Pages/admin-gamification/components/SystemAnalytics.test.tsx [2m([22m[2m3 tests[22m[2m)[22m[33m 391[2mms[22m[39m
 [32m✓[39m src/components/DashBoard/Pages/admin-dashboard/components/UserGrowthChart.truth.test.tsx [2m([22m[2m4 tests[22m[2m)[22m[32m 268[2mms[22m[39m
 [32m✓[39m src/components/DashBoard/Pages/client-dashboard/observatory/useCurrentClientWorkout.planVaultSemantics.test.tsx [2m([22m[2m1 test[22m[2m)[22m[32m 28[2mms[22m[39m
 [32m✓[39m src/components/DashBoard/workspaces/clients-team/tabs/BiometricsTabContent.test.tsx [2m([22m[2m3 tests[22m[2m)[22m[32m 288[2mms[22m[39m
 [32m✓[39m src/components/DashBoard/workspaces/clients-team/resolveAudienceFromPath.test.ts [2m([22m[2m5 tests[22m[2m)[22m[32m 4[2mms[22m[39m
 [32m✓[39m src/components/DashBoard/workspaces/clients-team/clientHubAudience.test.ts [2m([22m[2m4 tests[22m[2m)[22m[32m 3[2mms[22m[39m
 [32m✓[39m src/components/DashBoard/Pages/admin-clients/components/copilot-error-flags.test.ts [2m([22m[2m4 tests[22m[2m)[22m[32m 4[2mms[22m[39m
 [32m✓[39m src/components/DashBoard/workspaces/clients-team/clientStatusFilter.test.ts [2m([22m[2m4 tests[22m[2m)[22m[32m 4[2mms[22m[39m
 [32m✓[39m src/components/DashBoard/Pages/admin-workout-planner/hooks/usePlannerLibraryDialog.test.tsx [2m([22m[2m1 test[22m[2m)[22m[32m 142[2mms[22m[39m
 [32m✓[39m src/components/DashBoard/workspaces/marketing/CampaignManager.contract.test.ts [2m([22m[2m5 tests[22m[2m)[22m[32m 4[2mms[22m[39m
 [32m✓[39m src/components/DashBoard/Pages/admin-clients/components/workoutHistoryEditSession.test.ts [2m([22m[2m3 tests[22m[2m)[22m[32m 4[2mms[22m[39m
 [32m✓[39m src/components/DashBoard/Pages/admin-clients/components/WorkoutHistoryPanel.themeBridge.test.ts [2m([22m[2m2 tests[22m[2m)[22m[32m 3[2mms[22m[39m
 [32m✓[39m src/components/DashBoard/workspaces/clients-team/tabs/AdminProgressChartsGrid.primaryCards.pulse.test.tsx [2m([22m[2m2 tests[22m[2m)[22m[33m 659[2mms[22m[39m
     [33m[2m✓[22m[39m surfaces trainer-readable momentum before chart inspection clicks [33m 613[2mms[22m[39m
 [32m✓[39m src/components/DashBoard/Pages/admin-clients/components/LongHorizonStatusScreens.test.tsx [2m([22m[2m3 tests[22m[2m)[22m[32m 253[2mms[22m[39m
 [32m✓[39m src/components/DashBoard/Pages/coach-assistant/hooks/useCoachAssistantTranscriptMessagesSplit.test.ts [2m([22m[2m2 tests[22m[2m)[22m[32m 5[2mms[22m[39m
 [32m✓[39m src/components/DashBoard/workspaces/marketing/MarketingReadinessCockpit.contract.test.ts [2m([22m[2m5 tests[22m[2m)[22m[32m 4[2mms[22m[39m
[90mstdout[2m | src/components/DashBoard/Pages/coach-assistant/hooks/useSwanCoachConversationActions.test.tsx
[22m[39m[API] Production mode: false
[API] Base URL: http://localhost:10000

 [32m✓[39m src/components/DashBoard/Pages/admin-clients/components/CopilotSingleWorkoutFooter.test.tsx [2m([22m[2m3 tests[22m[2m)[22m[33m 369[2mms[22m[39m
     [33m[2m✓[22m[39m renders regenerate and approve actions for draft review [33m 315[2mms[22m[39m
 [32m✓[39m src/components/DashBoard/Pages/coach-assistant/hooks/useSwanCoachConversationActions.test.tsx [2m([22m[2m2 tests[22m[2m)[22m[32m 15[2mms[22m[39m
 [32m✓[39m src/components/DashBoard/workspaces/clients-team/ClientDetailView.identity.test.tsx [2m([22m[2m3 tests[22m[2m)[22m[33m 312[2mms[22m[39m
 [32m✓[39m src/components/DashBoard/workspaces/clients-team/ClientDetailView.styleExtraction.test.ts [2m([22m[2m2 tests[22m[2m)[22m[32m 3[2mms[22m[39m
 [32m✓[39m src/components/DashBoard/Pages/coach-assistant/CoachMessage.extraction.test.ts [2m([22m[2m2 tests[22m[2m)[22m[32m 6[2mms[22m[39m
 [32m✓[39m src/components/DashBoard/Pages/admin-clients/components/CopilotDraftTrainingDaysEditor.test.tsx [2m([22m[2m1 test[22m[2m)[22m[32m 276[2mms[22m[39m
 [32m✓[39m src/components/DashBoard/Pages/coach-assistant/SwanCoachAssistantPage.audioIntakeNavigationSplit.test.ts [2m([22m[2m4 tests[22m[2m)[22m[32m 3[2mms[22m[39m
 [32m✓[39m src/components/DashBoard/Pages/coach-assistant/SwanCoachAssistantPage.conversationActionsSplit.test.ts [2m([22m[2m5 tests[22m[2m)[22m[32m 4[2mms[22m[39m
 [32m✓[39m src/components/DashBoard/workspaces/NutritionWorkspace.segments.test.ts [2m([22m[2m7 tests[22m[2m)[22m[32m 6[2mms[22m[39m
 [32m✓[39m src/components/FoodTracker/nutritionDraft.adapters.test.ts [2m([22m[2m4 tests[22m[2m)[22m[32m 6[2mms[22m[39m
 [32m✓[39m src/components/TrainerDashboard/ClientProgress/EnhancedClientProgressView.themeBridge.test.ts [2m([22m[2m4 tests[22m[2m)[22m[32m 4[2mms[22m[39m
 [32m✓[39m src/components/DashBoard/Pages/admin-clients/components/CopilotModeTabs.test.tsx [2m([22m[2m2 tests[22m[2m)[22m[32m 209[2mms[22m[39m
 [32m✓[39m src/components/DashBoard/workspaces/clients-team/ClientDetailView.visibleTabs.test.tsx [2m([22m[2m3 tests[22m[2m)[22m[33m 463[2mms[22m[39m
     [33m[2m✓[22m[39m renders the full six-tab set when no allowlist is passed (admin default) [33m 357[2mms[22m[39m
 [32m✓[39m src/components/Shared/SwanExercisePicker/useSwanExercisePicker.test.tsx [2m([22m[2m4 tests[22m[2m)[22m[32m 27[2mms[22m[39m
 [32m✓[39m src/components/DashBoard/Pages/admin-gamification/components/RewardManager.test.tsx [2m([22m[2m3 tests[22m[2m)[22m[33m 653[2mms[22m[39m
     [33m[2m✓[22m[39m saves edited reward drafts through the existing update callback contract [33m 483[2mms[22m[39m
 [32m✓[39m src/components/DashBoard/progress-proof/progressShareCard.test.ts [2m([22m[2m4 tests[22m[2m)[22m[32m 5[2mms[22m[39m
 [32m✓[39m src/components/DashBoard/progress-proof/CoachRead.test.tsx [2m([22m[2m9 tests[22m[2m)[22m[32m 100[2mms[22m[39m
 [32m✓[39m src/components/UserDashboard/backgrounds/UserDashboardBackgrounds.contract.test.ts [2m([22m[2m5 tests[22m[2m)[22m[32m 7[2mms[22m[39m
 [32m✓[39m src/components/Social/Messaging/MessagingSafeErrors.truth.test.ts [2m([22m[2m4 tests[22m[2m)[22m[32m 7[2mms[22m[39m
 [32m✓[39m src/components/WorkoutLogger/offlineQueueStore.test.ts [2m([22m[2m8 tests[22m[2m)[22m[32m 5[2mms[22m[39m
 [32m✓[39m src/hooks/useSubscription.authPipeline.test.tsx [2m([22m[2m2 tests[22m[2m)[22m[32m 6[2mms[22m[39m
 [32m✓[39m src/services/pdf/swanPdfKit.test.ts [2m([22m[2m5 tests[22m[2m)[22m[32m 6[2mms[22m[39m
 [32m✓[39m src/hooks/gamification/useGamificationData.redemptionProof.test.tsx [2m([22m[2m1 test[22m[2m)[22m[32m 174[2mms[22m[39m
 [32m✓[39m src/components/Charts/correlationInsights.test.ts [2m([22m[2m7 tests[22m[2m)[22m[32m 5[2mms[22m[39m
 [32m✓[39m src/components/WorkoutLogger/NASMExerciseRolodex.mediaContract.test.ts [2m([22m[2m5 tests[22m[2m)[22m[32m 4[2mms[22m[39m
 [32m✓[39m src/hooks/analytics/useWorkoutAnalytics.fetch.test.tsx [2m([22m[2m3 tests[22m[2m)[22m[32m 75[2mms[22m[39m
[90mstdout[2m | src/store/slices/notificationSlice.test.ts
[22m[39m[API] Production mode: false
[API] Base URL: http://localhost:10000

 [32m✓[39m src/store/slices/notificationSlice.test.ts [2m([22m[2m3 tests[22m[2m)[22m[32m 7[2mms[22m[39m
 [32m✓[39m src/components/UserDashboard/hooks/gateWiring.contract.test.ts [2m([22m[2m5 tests[22m[2m)[22m[32m 4[2mms[22m[39m
 [32m✓[39m src/components/TrainerDashboard/ClientProgress/EnhancedClientProgressView.listIdentity.test.ts [2m([22m[2m4 tests[22m[2m)[22m[32m 6[2mms[22m[39m
 [32m✓[39m src/components/PlaudClipMerge/plaudDateSplitApprovalGuard.test.ts [2m([22m[2m5 tests[22m[2m)[22m[32m 4[2mms[22m[39m
 [32m✓[39m src/components/Admin/AdminAccountSwitcher.enterToGo.test.tsx [2m([22m[2m2 tests[22m[2m)[22m[33m 638[2mms[22m[39m
     [33m[2m✓[22m[39m starts an impersonation session when Enter is pressed with a valid target selected [33m 605[2mms[22m[39m
 [32m✓[39m src/components/Admin/NotesPhotosAuthPipeline.truth.test.ts [2m([22m[2m3 tests[22m[2m)[22m[32m 4[2mms[22m[39m
 [32m✓[39m src/components/UniversalMasterSchedule/SessionDetailClientCancelWarningPanel.test.tsx [2m([22m[2m3 tests[22m[2m)[22m[32m 244[2mms[22m[39m
 [32m✓[39m src/components/Social/Challenges/challengeSocialShare.test.ts [2m([22m[2m5 tests[22m[2m)[22m[32m 27[2mms[22m[39m
 [32m✓[39m src/components/WorkoutLogger/WorkoutLoggerCS.themeBridge.test.ts [2m([22m[2m3 tests[22m[2m)[22m[32m 6[2mms[22m[39m
 [32m✓[39m src/components/DashBoard/progress-proof/NextMilestoneGravity.test.tsx [2m([22m[2m7 tests[22m[2m)[22m[32m 181[2mms[22m[39m
[90mstdout[2m | src/components/PlaudClipMerge/PlaudClipQueue.test.tsx
[22m[39m[API] Production mode: false
[API] Base URL: http://localhost:10000

 [32m✓[39m src/components/BootcampBuilder/BootcampClassPlanAdapter.test.ts [2m([22m[2m3 tests[22m[2m)[22m[32m 7[2mms[22m[39m
 [32m✓[39m src/hooks/useAIChat.sendFailureCleanup.test.tsx [2m([22m[2m2 tests[22m[2m)[22m[32m 20[2mms[22m[39m
 [32m✓[39m src/components/PlaudClipMerge/PlaudClipQueue.test.tsx [2m([22m[2m5 tests[22m[2m)[22m[32m 270[2mms[22m[39m
 [32m✓[39m src/services/profileService.test.ts [2m([22m[2m5 tests[22m[2m)[22m[32m 7[2mms[22m[39m
 [32m✓[39m src/hooks/useNutritionPlan.authPipeline.test.tsx [2m([22m[2m3 tests[22m[2m)[22m[32m 73[2mms[22m[39m
 [32m✓[39m src/components/Social/Feed/PostContent.tryWorkout.test.tsx [2m([22m[2m2 tests[22m[2m)[22m[33m 427[2mms[22m[39m
     [33m[2m✓[22m[39m opens the attached workout details in a modal [33m 340[2mms[22m[39m
[90mstdout[2m | src/components/PlaudClipMerge/PlaudMergeWorkspaceOutcome.test.tsx
[22m[39m[API] Production mode: false
[API] Base URL: http://localhost:10000

 [32m✓[39m src/services/coachIntakeService.test.ts [2m([22m[2m3 tests[22m[2m)[22m[32m 5[2mms[22m[39m
 [32m✓[39m src/core/motion/surfaceMotionTiers.contract.test.ts [2m([22m[2m6 tests[22m[2m)[22m[32m 4[2mms[22m[39m
 [32m✓[39m src/utils/renderDigest.test.ts [2m([22m[2m20 tests[22m[2m)[22m[32m 11[2mms[22m[39m
 [32m✓[39m src/components/WorkoutLogger/WorkoutLogger.draftGate.contract.test.ts [2m([22m[2m6 tests[22m[2m)[22m[32m 3[2mms[22m[39m
 [32m✓[39m src/components/DashBoard/progress-proof/progressChartActions.test.ts [2m([22m[2m6 tests[22m[2m)[22m[32m 28[2mms[22m[39m
 [32m✓[39m src/__tests__/no-dead-people-routes.test.ts [2m([22m[2m2 tests[22m[2m)[22m[33m 2665[2mms[22m[39m
     [33m[2m✓[22m[39m no non-allowlisted source file references the dead /dashboard/people route [33m 2661[2mms[22m[39m
 [32m✓[39m src/components/NewCheckout/checkoutActivation.test.ts [2m([22m[2m4 tests[22m[2m)[22m[32m 5[2mms[22m[39m
 [32m✓[39m src/components/WorkoutLogger/WorkoutLoggerActionButtons.typeContract.test.ts [2m([22m[2m6 tests[22m[2m)[22m[32m 5[2mms[22m[39m
 [32m✓[39m src/routes/designSurfaceDegating.contract.test.ts [2m([22m[2m4 tests[22m[2m)[22m[32m 5[2mms[22m[39m
 [32m✓[39m src/components/TrainerDashboard/ClientProgress/ClientProgressView.clientIdentity.test.ts [2m([22m[2m3 tests[22m[2m)[22m[32m 12[2mms[22m[39m
 [32m✓[39m src/adapters/style-lens-swan/serverAppearanceSync.test.ts [2m([22m[2m4 tests[22m[2m)[22m[32m 7[2mms[22m[39m
 [32m✓[39m src/components/Admin/AutomationAuthPipeline.truth.test.ts [2m([22m[2m2 tests[22m[2m)[22m[32m 6[2mms[22m[39m
 [32m✓[39m src/components/PlaudClipMerge/PlaudMergeWorkspaceOutcome.test.tsx [2m([22m[2m3 tests[22m[2m)[22m[33m 574[2mms[22m[39m
     [33m[2m✓[22m[39m focuses the success receipt after a merge approval completes [33m 356[2mms[22m[39m
 [32m✓[39m src/components/WorkoutLogger/shareWorkoutPost.test.ts [2m([22m[2m4 tests[22m[2m)[22m[32m 6[2mms[22m[39m
 [32m✓[39m src/components/BodyMap/BodyMapSVG.test.tsx [2m([22m[2m4 tests[22m[2m)[22m[32m 188[2mms[22m[39m
 [32m✓[39m src/components/VirtualOlympics/VirtualOlympicsAuthPipeline.truth.test.ts [2m([22m[2m2 tests[22m[2m)[22m[32m 4[2mms[22m[39m
 [32m✓[39m src/config/renderBlueprintSafety.test.ts [2m([22m[2m4 tests[22m[2m)[22m[32m 16[2mms[22m[39m
[90mstdout[2m | src/components/WorkoutLogger/NASMExerciseRolodex.selectionBehavior.test.tsx
[22m[39m[API] Production mode: false
[API] Base URL: http://localhost:10000

 [32m✓[39m src/hooks/WorkoutGenerationAuthPipeline.truth.test.ts [2m([22m[2m2 tests[22m[2m)[22m[32m 7[2mms[22m[39m
 [32m✓[39m src/components/UserDashboard/backgrounds/UserDashboardBackgroundControls.test.tsx [2m([22m[2m3 tests[22m[2m)[22m[33m 2957[2mms[22m[39m
     [33m[2m✓[22m[39m renders fixed and rotation controls with all thirty recipes [33m 2630[2mms[22m[39m
 [32m✓[39m src/services/universal-master-schedule-service.edit.test.ts [2m([22m[2m3 tests[22m[2m)[22m[32m 8[2mms[22m[39m
 [32m✓[39m src/components/FoodScanner/BarcodeScanner.camera.test.tsx [2m([22m[2m4 tests[22m[2m)[22m[33m 629[2mms[22m[39m
     [33m[2m✓[22m[39m keeps manual barcode entry available and validates numeric UPC/EAN values [33m 324[2mms[22m[39m
 [32m✓[39m src/services/voice/decodeTranscript.test.ts [2m([22m[2m5 tests[22m[2m)[22m[32m 7[2mms[22m[39m
 [32m✓[39m src/components/WorkoutLogger/NASMExerciseRolodex.selectionBehavior.test.tsx [2m([22m[2m1 test[22m[2m)[22m[33m 359[2mms[22m[39m
     [33m[2m✓[22m[39m previews an exercise on single click and adds it only on double click [33m 357[2mms[22m[39m
 [32m✓[39m src/components/Social/Challenges/ChallengesView.leaveCopy.test.tsx [2m([22m[2m1 test[22m[2m)[22m[33m 642[2mms[22m[39m
     [33m[2m✓[22m[39m uses assigned workout completion copy when leaving assigned-session challenges [33m 639[2mms[22m[39m
 [32m✓[39m src/components/UserDashboard/components/ActivitySection.truncation.test.ts [2m([22m[2m4 tests[22m[2m)[22m[32m 6[2mms[22m[39m
 [32m✓[39m src/utils/acquisitionAttribution.test.ts [2m([22m[2m9 tests[22m[2m)[22m[32m 12[2mms[22m[39m
[90mstdout[2m | src/components/BodyMap/BodyMap.interaction.test.tsx
[22m[39m[API] Production mode: false
[API] Base URL: http://localhost:10000

 [32m✓[39m src/pages/onboarding/ClientOnboardingAccessHandoff.test.ts [2m([22m[2m5 tests[22m[2m)[22m[32m 4[2mms[22m[39m
 [32m✓[39m src/hooks/useFormAnalysisAPI.authPipeline.test.tsx [2m([22m[2m2 tests[22m[2m)[22m[32m 6[2mms[22m[39m
 [32m✓[39m src/pages/onboarding/ClientOnboardingWizard.accessHandoff.test.ts [2m([22m[2m4 tests[22m[2m)[22m[32m 4[2mms[22m[39m
 [32m✓[39m src/components/Shared/DashboardTeachMeGuide.mount.test.ts [2m([22m[2m4 tests[22m[2m)[22m[32m 5[2mms[22m[39m
[90mstdout[2m | src/components/DashBoard/components/resolveExitViewAsPath.test.ts
[22m[39m[API] Production mode: false
[API] Base URL: http://localhost:10000

 [32m✓[39m src/components/Shared/DashboardTeachMeGuide.trainerSupportRoutes.test.ts [2m([22m[2m2 tests[22m[2m)[22m[32m 4[2mms[22m[39m
[90mstdout[2m | src/components/DashBoard/components/resolveExitViewAsPath.test.ts
[22m[39mAPI clients configured for SwanStudios backend

 [32m✓[39m src/components/Shared/DashboardTeachMeGuide.engagementRoutes.test.ts [2m([22m[2m3 tests[22m[2m)[22m[32m 4[2mms[22m[39m
 [32m✓[39m src/components/Admin/TrainerPermissionsManager.criticalGrant.test.tsx [2m([22m[2m1 test[22m[2m)[22m[33m 647[2mms[22m[39m
     [33m[2m✓[22m[39m requires in-app confirmation before granting a critical permission from the direct toggle [33m 644[2mms[22m[39m
 [32m✓[39m src/hooks/useTrainerAvailability.authPipeline.test.tsx [2m([22m[2m2 tests[22m[2m)[22m[32m 5[2mms[22m[39m
 [32m✓[39m src/components/BootcampBuilder/ClassPreviewPanel.composition.test.ts [2m([22m[2m3 tests[22m[2m)[22m[32m 6[2mms[22m[39m
 [32m✓[39m src/components/WorkoutLogger/ExerciseSetRow.trainTokens.contract.test.ts [2m([22m[2m7 tests[22m[2m)[22m[32m 4[2mms[22m[39m
 [32m✓[39m src/components/UserDashboard/components/ActivitySection.test.tsx [2m([22m[2m2 tests[22m[2m)[22m[33m 1445[2mms[22m[39m
     [33m[2m✓[22m[39m filters posts into the visible activity categories users can actually select [33m 1297[2mms[22m[39m
 [32m✓[39m src/components/UniversalMasterSchedule/SessionDetailTrainerNotesPanel.test.tsx [2m([22m[2m3 tests[22m[2m)[22m[32m 81[2mms[22m[39m
 [32m✓[39m src/components/FoodTracker/nutritionStreakMilestones.test.ts [2m([22m[2m7 tests[22m[2m)[22m[32m 6[2mms[22m[39m
 [32m✓[39m src/components/Shared/DashboardTeachMeGuide.adminGrowthRoutes.test.ts [2m([22m[2m4 tests[22m[2m)[22m[32m 5[2mms[22m[39m
 [32m✓[39m src/components/BootcampBuilder/BootcampDemoVideoModal.test.tsx [2m([22m[2m5 tests[22m[2m)[22m[32m 264[2mms[22m[39m
 [32m✓[39m src/components/CoachDock/surfaceDockConfirmation.test.ts [2m([22m[2m7 tests[22m[2m)[22m[32m 4[2mms[22m[39m
 [32m✓[39m src/pages/ResetPasswordPage.accessibility.test.tsx [2m([22m[2m3 tests[22m[2m)[22m[33m 2354[2mms[22m[39m
     [33m[2m✓[22m[39m submits the reset token and strong password to the backend reset endpoint [33m 842[2mms[22m[39m
     [33m[2m✓[22m[39m keeps weak or mismatched activation passwords from reaching the reset API [33m 1247[2mms[22m[39m
 [32m✓[39m src/components/DashBoard/Pages/coach-assistant/SwanCoachAssistantPage.sendRoutingSplit.test.ts [2m([22m[2m5 tests[22m[2m)[22m[32m 4[2mms[22m[39m
[90mstdout[2m | src/components/DashBoard/sidebarRouteParity.contract.test.ts
[22m[39m[API] Production mode: false
[API] Base URL: http://localhost:10000

 [32m✓[39m src/components/TrainerDashboard/ClientManagement/MyClientsView.intentMode.test.tsx [2m([22m[2m1 test[22m[2m)[22m[33m 761[2mms[22m[39m
     [33m[2m✓[22m[39m makes the client picker visibly and accessibly about logging today [33m 758[2mms[22m[39m
[90mstdout[2m | src/components/DashBoard/sidebarRouteParity.contract.test.ts
[22m[39mAPI clients configured for SwanStudios backend

[90mstdout[2m | src/components/DashBoard/components/resolveExitViewAsPath.test.ts
[22m[39m[PERF] Schedule performance harness loaded. Use window.logPerfToggles() to see current state.

 [32m✓[39m src/components/BadgeCreator/BatchGenerationPanel.petPayload.test.tsx [2m([22m[2m2 tests[22m[2m)[22m[33m 744[2mms[22m[39m
     [33m[2m✓[22m[39m uses safe pet failure copy for 2xx provider failures [33m 463[2mms[22m[39m
 [32m✓[39m src/pages/DesignPlayground/PreviewReadOnlyBoundary.runtime.test.tsx [2m([22m[2m1 test[22m[2m)[22m[32m 42[2mms[22m[39m
 [32m✓[39m src/components/DashBoard/Pages/coach-assistant/CoachTeachModePanel.styleExtraction.test.ts [2m([22m[2m1 test[22m[2m)[22m[32m 4[2mms[22m[39m
 [32m✓[39m src/components/DashBoard/Pages/coach-assistant/CoachIntakeNextMove.logic.test.ts [2m([22m[2m4 tests[22m[2m)[22m[32m 4[2mms[22m[39m
 [32m✓[39m src/components/DashBoard/Pages/coach-assistant/SwanCoachAssistantPage.pendingFoodSplit.test.ts [2m([22m[2m4 tests[22m[2m)[22m[32m 4[2mms[22m[39m
 [32m✓[39m src/components/DashBoard/Pages/admin-workout-planner/plannerLogic/resolveSaveBar.test.ts [2m([22m[2m9 tests[22m[2m)[22m[32m 5[2mms[22m[39m
 [32m✓[39m src/components/NewCheckout/SuccessPage.verificationFailure.test.tsx [2m([22m[2m6 tests[22m[2m)[22m[32m 250[2mms[22m[39m
 [32m✓[39m src/components/DashBoard/Pages/coach-assistant/hooks/useCoachAssistantCommandSummarySplit.test.ts [2m([22m[2m2 tests[22m[2m)[22m[32m 4[2mms[22m[39m
 [32m✓[39m src/components/BodyMap/BodyMap.interaction.test.tsx [2m([22m[2m2 tests[22m[2m)[22m[33m 1573[2mms[22m[39m
     [33m[2m✓[22m[39m selects a client then opens the pain-entry panel from a desktop region click [33m 947[2mms[22m[39m
     [33m[2m✓[22m[39m keeps the mobile-sized staff path functional when a client is already selected [33m 623[2mms[22m[39m
 [32m✓[39m src/components/DashBoard/components/resolveExitViewAsPath.test.ts [2m([22m[2m7 tests[22m[2m)[22m[32m 4[2mms[22m[39m
 [32m✓[39m src/components/DashBoard/Pages/admin-dashboard/overview/AdminOverviewPanel.motion.test.ts [2m([22m[2m3 tests[22m[2m)[22m[32m 3[2mms[22m[39m
 [32m✓[39m src/components/DashBoard/workspaces/clients-team/tabs/WorkoutHistoryTimeline.styleExtraction.test.ts [2m([22m[2m3 tests[22m[2m)[22m[32m 5[2mms[22m[39m
 [32m✓[39m src/components/DashBoard/Pages/admin-clients/components/LongHorizonReviewFooter.test.tsx [2m([22m[2m3 tests[22m[2m)[22m[32m 286[2mms[22m[39m
 [32m✓[39m src/components/DashBoard/Pages/client-dashboard/observatory/ClientObservatoryFeed.preview.test.ts [2m([22m[2m3 tests[22m[2m)[22m[32m 19[2mms[22m[39m
 [32m✓[39m src/components/DashBoard/Pages/admin-clients/components/workoutHistoryExerciseTableState.test.ts [2m([22m[2m3 tests[22m[2m)[22m[32m 5[2mms[22m[39m
 [32m✓[39m src/components/UniversalMasterSchedule/ui/TimeWheelPicker/TimeWheelPicker.themeBridge.test.ts [2m([22m[2m1 test[22m[2m)[22m[32m 3[2mms[22m[39m
 [32m✓[39m src/components/DashBoard/Pages/admin-workout-planner/plannerLogic/resolveNextBestAction.test.ts [2m([22m[2m8 tests[22m[2m)[22m[32m 5[2mms[22m[39m
[90mstdout[2m | src/components/DashBoard/sidebarRouteParity.contract.test.ts
[22m[39m[PERF] Schedule performance harness loaded. Use window.logPerfToggles() to see current state.

 [32m✓[39m src/components/DashBoard/workspaces/clients-team/tabs/ClientTrainingSaveReceipt.test.tsx [2m([22m[2m3 tests[22m[2m)[22m[32m 62[2mms[22m[39m
 [32m✓[39m src/components/DashBoard/workspaces/clients-team/tabs/AdminProgressChartsGrid.themeBridge.test.ts [2m([22m[2m2 tests[22m[2m)[22m[32m 4[2mms[22m[39m
 [32m✓[39m src/components/DashBoard/Pages/coach-assistant/ConversationSidebar.styleExtraction.test.ts [2m([22m[2m3 tests[22m[2m)[22m[32m 4[2mms[22m[39m
 [32m✓[39m src/components/DashBoard/sidebarRouteParity.contract.test.ts [2m([22m[2m4 tests[22m[2m)[22m[32m 7[2mms[22m[39m
 [32m✓[39m src/components/DashBoard/Pages/admin-clients/components/WorkoutHistoryExerciseNotesBlock.test.ts [2m([22m[2m1 test[22m[2m)[22m[32m 3[2mms[22m[39m
 [32m✓[39m src/components/DashBoard/Pages/coach-assistant/SwanCoachAssistantPage.clientSelectionSplit.test.ts [2m([22m[2m1 test[22m[2m)[22m[32m 5[2mms[22m[39m
 [32m✓[39m src/components/DashBoard/workspaces/clients-team/tabs/OverviewTabContent.styleExtraction.test.ts [2m([22m[2m3 tests[22m[2m)[22m[32m 4[2mms[22m[39m
 [32m✓[39m src/components/DashBoard/Pages/coach-assistant/hooks/useCoachAssistantFoodMessagesSplit.test.ts [2m([22m[2m2 tests[22m[2m)[22m[32m 5[2mms[22m[39m
 [32m✓[39m src/components/DashBoard/Pages/admin-clients/components/LongHorizonErrorState.test.tsx [2m([22m[2m2 tests[22m[2m)[22m[32m 273[2mms[22m[39m
 [32m✓[39m src/components/DashBoard/Pages/admin-dashboard/overview/AdminQuickActions.test.tsx [2m([22m[2m1 test[22m[2m)[22m[33m 340[2mms[22m[39m
     [33m[2m✓[22m[39m turns the first admin controls into one ordered today flow [33m 337[2mms[22m[39m
 [32m✓[39m src/components/DashBoard/workspaces/clients-team/MasterDetailShellStyles.touchTarget.test.ts [2m([22m[2m3 tests[22m[2m)[22m[32m 3[2mms[22m[39m
 [32m✓[39m src/components/Social/Feed/utils/postIntentInference.test.ts [2m([22m[2m3 tests[22m[2m)[22m[32m 6[2mms[22m[39m
 [32m✓[39m src/components/DashBoard/Pages/admin-clients/components/longHorizonGoals.test.ts [2m([22m[2m3 tests[22m[2m)[22m[32m 4[2mms[22m[39m
 [32m✓[39m src/components/DashBoard/Pages/coach-assistant/SwanCoachAssistantPage.longPrompt.test.ts [2m([22m[2m4 tests[22m[2m)[22m[32m 4[2mms[22m[39m
 [32m✓[39m src/components/DashBoard/Pages/coach-assistant/SwanCoachAssistantPage.voiceControlsSplit.test.ts [2m([22m[2m1 test[22m[2m)[22m[32m 5[2mms[22m[39m
Error: widget exploded
    at Bomb (C:/Users/BigotSmasher/Desktop/@Everything/quick-pt/SS-PT/tmp/worktrees/swan-coach-astra-owned-20260906/frontend/src/components/DashBoard/Pages/admin-dashboard/shell/WidgetErrorBoundary.test.tsx:7:26)
    at renderWithHooks (C:\Users\BigotSmasher\Desktop\@Everything\quick-pt\SS-PT\tmp\worktrees\swan-coach-astra-owned-20260906\frontend\node_modules\react-dom\cjs\react-dom.development.js:15486:18)
    at mountIndeterminateComponent (C:\Users\BigotSmasher\Desktop\@Everything\quick-pt\SS-PT\tmp\worktrees\swan-coach-astra-owned-20260906\frontend\node_modules\react-dom\cjs\react-dom.development.js:20103:13)
    at beginWork (C:\Users\BigotSmasher\Desktop\@Everything\quick-pt\SS-PT\tmp\worktrees\swan-coach-astra-owned-20260906\frontend\node_modules\react-dom\cjs\react-dom.development.js:21626:16)
    at HTMLUnknownElement.callCallback (C:\Users\BigotSmasher\Desktop\@Everything\quick-pt\SS-PT\tmp\worktrees\swan-coach-astra-owned-20260906\frontend\node_modules\react-dom\cjs\react-dom.development.js:4164:14)
    at HTMLUnknownElement.callTheUserObjectsOperation (C:\Users\BigotSmasher\Desktop\@Everything\quick-pt\SS-PT\tmp\worktrees\swan-coach-astra-owned-20260906\frontend\node_modules\jsdom\lib\jsdom\living\generated\EventListener.js:26:30)
    at innerInvokeEventListeners (C:\Users\BigotSmasher\Desktop\@Everything\quick-pt\SS-PT\tmp\worktrees\swan-coach-astra-owned-20260906\frontend\node_modules\jsdom\lib\jsdom\living\events\EventTarget-impl.js:360:16)
    at invokeEventListeners (C:\Users\BigotSmasher\Desktop\@Everything\quick-pt\SS-PT\tmp\worktrees\swan-coach-astra-owned-20260906\frontend\node_modules\jsdom\lib\jsdom\living\events\EventTarget-impl.js:296:3)
    at HTMLUnknownElementImpl._dispatch (C:\Users\BigotSmasher\Desktop\@Everything\quick-pt\SS-PT\tmp\worktrees\swan-coach-astra-owned-20260906\frontend\node_modules\jsdom\lib\jsdom\living\events\EventTarget-impl.js:243:9)
    at HTMLUnknownElementImpl.dispatchEvent (C:\Users\BigotSmasher\Desktop\@Everything\quick-pt\SS-PT\tmp\worktrees\swan-coach-astra-owned-20260906\frontend\node_modules\jsdom\lib\jsdom\living\events\EventTarget-impl.js:114:17)
 [32m✓[39m src/hooks/useWorkoutMcp.planGeneration.reviewedDays.test.tsx [2m([22m[2m1 test[22m[2m)[22m[32m 5[2mms[22m[39m
Error: widget exploded
    at Bomb (C:/Users/BigotSmasher/Desktop/@Everything/quick-pt/SS-PT/tmp/worktrees/swan-coach-astra-owned-20260906/frontend/src/components/DashBoard/Pages/admin-dashboard/shell/WidgetErrorBoundary.test.tsx:7:26)
    at renderWithHooks (C:\Users\BigotSmasher\Desktop\@Everything\quick-pt\SS-PT\tmp\worktrees\swan-coach-astra-owned-20260906\frontend\node_modules\react-dom\cjs\react-dom.development.js:15486:18)
    at mountIndeterminateComponent (C:\Users\BigotSmasher\Desktop\@Everything\quick-pt\SS-PT\tmp\worktrees\swan-coach-astra-owned-20260906\frontend\node_modules\react-dom\cjs\react-dom.development.js:20103:13)
    at beginWork (C:\Users\BigotSmasher\Desktop\@Everything\quick-pt\SS-PT\tmp\worktrees\swan-coach-astra-owned-20260906\frontend\node_modules\react-dom\cjs\react-dom.development.js:21626:16)
    at HTMLUnknownElement.callCallback (C:\Users\BigotSmasher\Desktop\@Everything\quick-pt\SS-PT\tmp\worktrees\swan-coach-astra-owned-20260906\frontend\node_modules\react-dom\cjs\react-dom.development.js:4164:14)
    at HTMLUnknownElement.callTheUserObjectsOperation (C:\Users\BigotSmasher\Desktop\@Everything\quick-pt\SS-PT\tmp\worktrees\swan-coach-astra-owned-20260906\frontend\node_modules\jsdom\lib\jsdom\living\generated\EventListener.js:26:30)
    at innerInvokeEventListeners (C:\Users\BigotSmasher\Desktop\@Everything\quick-pt\SS-PT\tmp\worktrees\swan-coach-astra-owned-20260906\frontend\node_modules\jsdom\lib\jsdom\living\events\EventTarget-impl.js:360:16)
    at invokeEventListeners (C:\Users\BigotSmasher\Desktop\@Everything\quick-pt\SS-PT\tmp\worktrees\swan-coach-astra-owned-20260906\frontend\node_modules\jsdom\lib\jsdom\living\events\EventTarget-impl.js:296:3)
    at HTMLUnknownElementImpl._dispatch (C:\Users\BigotSmasher\Desktop\@Everything\quick-pt\SS-PT\tmp\worktrees\swan-coach-astra-owned-20260906\frontend\node_modules\jsdom\lib\jsdom\living\events\EventTarget-impl.js:243:9)
    at HTMLUnknownElementImpl.dispatchEvent (C:\Users\BigotSmasher\Desktop\@Everything\quick-pt\SS-PT\tmp\worktrees\swan-coach-astra-owned-20260906\frontend\node_modules\jsdom\lib\jsdom\living\events\EventTarget-impl.js:114:17)
 [32m✓[39m src/content/marketingStats.contract.test.ts [2m([22m[2m24 tests[22m[2m)[22m[32m 12[2mms[22m[39m
 [32m✓[39m src/components/DashBoard/Pages/admin-packages/admin-packages-view.toggle.contract.test.tsx [2m([22m[2m6 tests[22m[2m)[22m[32m 4[2mms[22m[39m
Error: widget exploded
    at Bomb (C:/Users/BigotSmasher/Desktop/@Everything/quick-pt/SS-PT/tmp/worktrees/swan-coach-astra-owned-20260906/frontend/src/components/DashBoard/Pages/admin-dashboard/shell/WidgetErrorBoundary.test.tsx:7:26)
    at renderWithHooks (C:\Users\BigotSmasher\Desktop\@Everything\quick-pt\SS-PT\tmp\worktrees\swan-coach-astra-owned-20260906\frontend\node_modules\react-dom\cjs\react-dom.development.js:15486:18)
    at mountIndeterminateComponent (C:\Users\BigotSmasher\Desktop\@Everything\quick-pt\SS-PT\tmp\worktrees\swan-coach-astra-owned-20260906\frontend\node_modules\react-dom\cjs\react-dom.development.js:20103:13)
    at beginWork (C:\Users\BigotSmasher\Desktop\@Everything\quick-pt\SS-PT\tmp\worktrees\swan-coach-astra-owned-20260906\frontend\node_modules\react-dom\cjs\react-dom.development.js:21626:16)
    at HTMLUnknownElement.callCallback (C:\Users\BigotSmasher\Desktop\@Everything\quick-pt\SS-PT\tmp\worktrees\swan-coach-astra-owned-20260906\frontend\node_modules\react-dom\cjs\react-dom.development.js:4164:14)
    at HTMLUnknownElement.callTheUserObjectsOperation (C:\Users\BigotSmasher\Desktop\@Everything\quick-pt\SS-PT\tmp\worktrees\swan-coach-astra-owned-20260906\frontend\node_modules\jsdom\lib\jsdom\living\generated\EventListener.js:26:30)
    at innerInvokeEventListeners (C:\Users\BigotSmasher\Desktop\@Everything\quick-pt\SS-PT\tmp\worktrees\swan-coach-astra-owned-20260906\frontend\node_modules\jsdom\lib\jsdom\living\events\EventTarget-impl.js:360:16)
    at invokeEventListeners (C:\Users\BigotSmasher\Desktop\@Everything\quick-pt\SS-PT\tmp\worktrees\swan-coach-astra-owned-20260906\frontend\node_modules\jsdom\lib\jsdom\living\events\EventTarget-impl.js:296:3)
    at HTMLUnknownElementImpl._dispatch (C:\Users\BigotSmasher\Desktop\@Everything\quick-pt\SS-PT\tmp\worktrees\swan-coach-astra-owned-20260906\frontend\node_modules\jsdom\lib\jsdom\living\events\EventTarget-impl.js:243:9)
    at HTMLUnknownElementImpl.dispatchEvent (C:\Users\BigotSmasher\Desktop\@Everything\quick-pt\SS-PT\tmp\worktrees\swan-coach-astra-owned-20260906\frontend\node_modules\jsdom\lib\jsdom\living\events\EventTarget-impl.js:114:17)
Error: widget exploded
    at Bomb (C:/Users/BigotSmasher/Desktop/@Everything/quick-pt/SS-PT/tmp/worktrees/swan-coach-astra-owned-20260906/frontend/src/components/DashBoard/Pages/admin-dashboard/shell/WidgetErrorBoundary.test.tsx:7:26)
    at renderWithHooks (C:\Users\BigotSmasher\Desktop\@Everything\quick-pt\SS-PT\tmp\worktrees\swan-coach-astra-owned-20260906\frontend\node_modules\react-dom\cjs\react-dom.development.js:15486:18)
    at mountIndeterminateComponent (C:\Users\BigotSmasher\Desktop\@Everything\quick-pt\SS-PT\tmp\worktrees\swan-coach-astra-owned-20260906\frontend\node_modules\react-dom\cjs\react-dom.development.js:20103:13)
    at beginWork (C:\Users\BigotSmasher\Desktop\@Everything\quick-pt\SS-PT\tmp\worktrees\swan-coach-astra-owned-20260906\frontend\node_modules\react-dom\cjs\react-dom.development.js:21626:16)
    at HTMLUnknownElement.callCallback (C:\Users\BigotSmasher\Desktop\@Everything\quick-pt\SS-PT\tmp\worktrees\swan-coach-astra-owned-20260906\frontend\node_modules\react-dom\cjs\react-dom.development.js:4164:14)
    at HTMLUnknownElement.callTheUserObjectsOperation (C:\Users\BigotSmasher\Desktop\@Everything\quick-pt\SS-PT\tmp\worktrees\swan-coach-astra-owned-20260906\frontend\node_modules\jsdom\lib\jsdom\living\generated\EventListener.js:26:30)
    at innerInvokeEventListeners (C:\Users\BigotSmasher\Desktop\@Everything\quick-pt\SS-PT\tmp\worktrees\swan-coach-astra-owned-20260906\frontend\node_modules\jsdom\lib\jsdom\living\events\EventTarget-impl.js:360:16)
    at invokeEventListeners (C:\Users\BigotSmasher\Desktop\@Everything\quick-pt\SS-PT\tmp\worktrees\swan-coach-astra-owned-20260906\frontend\node_modules\jsdom\lib\jsdom\living\events\EventTarget-impl.js:296:3)
    at HTMLUnknownElementImpl._dispatch (C:\Users\BigotSmasher\Desktop\@Everything\quick-pt\SS-PT\tmp\worktrees\swan-coach-astra-owned-20260906\frontend\node_modules\jsdom\lib\jsdom\living\events\EventTarget-impl.js:243:9)
    at HTMLUnknownElementImpl.dispatchEvent (C:\Users\BigotSmasher\Desktop\@Everything\quick-pt\SS-PT\tmp\worktrees\swan-coach-astra-owned-20260906\frontend\node_modules\jsdom\lib\jsdom\living\events\EventTarget-impl.js:114:17)
 [32m✓[39m src/components/DashBoard/Pages/admin-dashboard/shell/WidgetErrorBoundary.test.tsx [2m([22m[2m2 tests[22m[2m)[22m[32m 209[2mms[22m[39m
 [32m✓[39m src/hooks/voice/useJarvisVoiceLoop.test.ts [2m([22m[2m6 tests[22m[2m)[22m[32m 3[2mms[22m[39m
 [32m✓[39m src/components/WorkoutLogger/ExerciseCardComponent.touchTarget.test.ts [2m([22m[2m5 tests[22m[2m)[22m[32m 4[2mms[22m[39m
 [32m✓[39m src/components/DashBoard/workspaces/clients-team/SelectedClientTrainingHeader.test.tsx [2m([22m[2m1 test[22m[2m)[22m[33m 429[2mms[22m[39m
     [33m[2m✓[22m[39m uses fallback identity in the daily action strip when names are blank [33m 427[2mms[22m[39m
 [32m✓[39m src/components/Social/Messaging/messagingApiAdapters.test.ts [2m([22m[2m4 tests[22m[2m)[22m[32m 4[2mms[22m[39m
 [32m✓[39m src/components/WorkoutLogger/WorkoutLogger.extraction.test.ts [2m([22m[2m2 tests[22m[2m)[22m[32m 3[2mms[22m[39m
 [32m✓[39m src/utils/nutritionAdherence.test.ts [2m([22m[2m6 tests[22m[2m)[22m[32m 5[2mms[22m[39m
 [32m✓[39m src/components/Shared/DashboardTeachMeGuide.coachRoutes.test.ts [2m([22m[2m3 tests[22m[2m)[22m[32m 5[2mms[22m[39m
 [32m✓[39m src/components/DashBoard/workspaces/NutritionHydrationTab.test.tsx [2m([22m[2m4 tests[22m[2m)[22m[33m 328[2mms[22m[39m
 [32m✓[39m src/components/WorkoutLogger/useWorkoutAiEvents.rest.test.tsx [2m([22m[2m5 tests[22m[2m)[22m[32m 23[2mms[22m[39m
 [32m✓[39m src/components/DashBoard/Pages/admin-sessions/AdminSessions.mutationExtraction.test.ts [2m([22m[2m2 tests[22m[2m)[22m[32m 4[2mms[22m[39m
 [32m✓[39m src/components/DashBoard/progress/ProgressChartCube.test.tsx [2m([22m[2m2 tests[22m[2m)[22m[33m 319[2mms[22m[39m
 [32m✓[39m src/services/publicWaiverService.authPipeline.test.ts [2m([22m[2m3 tests[22m[2m)[22m[32m 3[2mms[22m[39m
 [32m✓[39m src/components/DashBoard/Pages/admin-packages/admin-packages-view.image.contract.test.tsx [2m([22m[2m5 tests[22m[2m)[22m[32m 4[2mms[22m[39m
 [32m✓[39m src/components/DashBoard/progress-proof/progressProofSummary.test.ts [2m([22m[2m4 tests[22m[2m)[22m[32m 4[2mms[22m[39m
[90mstderr[2m | src/components/CoachDock/PainChartCoachDockMount.test.tsx[2m > [22m[2mPainChartCoachDockMount[2m > [22m[2mselects a real region by label (case-insensitive) and acknowledges
[22m[39mWarning: An update to PainChartCoachDockMount inside a test was not wrapped in act(...).

When testing, code that causes React state updates should be wrapped into act(...):

act(() => {
  /* fire events that update state */
});
/* assert on the output */

This ensures that you're testing the behavior the user would see in the browser. Learn more at https://reactjs.org/link/wrap-tests-with-act
    at PainChartCoachDockMount (C:/Users/BigotSmasher/Desktop/@Everything/quick-pt/SS-PT/tmp/worktrees/swan-coach-astra-owned-20260906/frontend/src/components/CoachDock/PainChartCoachDockMount.tsx:18:3)

[90mstderr[2m | src/components/CoachDock/PainChartCoachDockMount.test.tsx[2m > [22m[2mPainChartCoachDockMount[2m > [22m[2mselects by exact region id too
[22m[39mWarning: An update to PainChartCoachDockMount inside a test was not wrapped in act(...).

When testing, code that causes React state updates should be wrapped into act(...):

act(() => {
  /* fire events that update state */
});
/* assert on the output */

This ensures that you're testing the behavior the user would see in the browser. Learn more at https://reactjs.org/link/wrap-tests-with-act
    at PainChartCoachDockMount (C:/Users/BigotSmasher/Desktop/@Everything/quick-pt/SS-PT/tmp/worktrees/swan-coach-astra-owned-20260906/frontend/src/components/CoachDock/PainChartCoachDockMount.tsx:18:3)

 [32m✓[39m src/components/CoachDock/PainChartCoachDockMount.test.tsx [2m([22m[2m4 tests[22m[2m)[22m[32m 73[2mms[22m[39m
[90mstdout[2m | src/components/UniversalMasterSchedule/hooks/useSessionTypes.test.ts
[22m[39m[API] Production mode: false
[API] Base URL: http://localhost:10000

 [32m✓[39m src/components/UniversalMasterSchedule/hooks/useSessionTypes.test.ts [2m([22m[2m3 tests[22m[2m)[22m[32m 18[2mms[22m[39m
[90mstdout[2m | src/adapters/style-lens-swan/swanStyleLensPaletteMatrix.test.ts[2m > [22m[2mSwan color theme and structural lens precedence[2m > [22m[2mproves primary text contrast across the full color by promoted-lens matrix
[22m[39m[style-lens-palette-matrix] themes=42 combinations=1092 min=deep-ocean:12.17 light=15.38

 [32m✓[39m src/components/Admin/NurturePreviewPanel.test.tsx [2m([22m[2m3 tests[22m[2m)[22m[32m 214[2mms[22m[39m
 [32m✓[39m src/adapters/style-lens-swan/swanStyleLensPaletteMatrix.test.ts [2m([22m[2m3 tests[22m[2m)[22m[32m 25[2mms[22m[39m
 [32m✓[39m src/components/WorkoutLogger/handoff/WorkoutLoggerHandoffMount.test.tsx [2m([22m[2m3 tests[22m[2m)[22m[33m 363[2mms[22m[39m
     [33m[2m✓[22m[39m renders the handoff (portaled) when present, and hides it on Done [33m 309[2mms[22m[39m
 [32m✓[39m src/__tests__/devToolsProductionGate.test.ts [2m([22m[2m4 tests[22m[2m)[22m[32m 5[2mms[22m[39m
 [32m✓[39m src/components/Shared/SwanExercisePicker/SwanExercisePickerSheet.test.tsx [2m([22m[2m4 tests[22m[2m)[22m[32m 184[2mms[22m[39m
 [32m✓[39m src/hooks/useCurrentWorkout.authPipeline.test.tsx [2m([22m[2m3 tests[22m[2m)[22m[32m 84[2mms[22m[39m
 [32m✓[39m src/components/DashBoard/Pages/admin-client-progress/ClientNextBestActionCard.test.tsx [2m([22m[2m5 tests[22m[2m)[22m[32m 196[2mms[22m[39m
 [32m✓[39m src/hooks/social/useActivityTicker.authPipeline.test.ts [2m([22m[2m3 tests[22m[2m)[22m[32m 3[2mms[22m[39m
 [32m✓[39m src/components/DashBoard/progress-proof/buildProgressReportSections.test.ts [2m([22m[2m3 tests[22m[2m)[22m[32m 19[2mms[22m[39m
 [32m✓[39m src/components/Schedule/UniversalSchedule.modeResolution.test.tsx [2m([22m[2m6 tests[22m[2m)[22m[32m 34[2mms[22m[39m
 [32m✓[39m src/hooks/useEquipmentAPI.authPipeline.test.tsx [2m([22m[2m2 tests[22m[2m)[22m[32m 6[2mms[22m[39m
[90mstderr[2m | src/components/FoodTracker/FoodQualityTab.test.tsx[2m > [22m[2mFoodQualityTab[2m > [22m[2mshows branded error copy (never raw err.message) with a retry affordance
[22m[39m[FoodQualityTab] search failed: Error: ECONNREFUSED 10.0.0.1:5432
    at C:/Users/BigotSmasher/Desktop/@Everything/quick-pt/SS-PT/tmp/worktrees/swan-coach-astra-owned-20260906/frontend/src/components/FoodTracker/FoodQualityTab.test.tsx:65:37
    at [90mfile:///C:/Users/BigotSmasher/Desktop/@Everything/quick-pt/SS-PT/tmp/worktrees/swan-coach-astra-owned-20260906/frontend/[39mnode_modules/[4m@vitest/runner[24m/dist/chunk-artifact.js:302:11
    at [90mfile:///C:/Users/BigotSmasher/Desktop/@Everything/quick-pt/SS-PT/tmp/worktrees/swan-coach-astra-owned-20260906/frontend/[39mnode_modules/[4m@vitest/runner[24m/dist/chunk-artifact.js:1903:26
    at [90mfile:///C:/Users/BigotSmasher/Desktop/@Everything/quick-pt/SS-PT/tmp/worktrees/swan-coach-astra-owned-20260906/frontend/[39mnode_modules/[4m@vitest/runner[24m/dist/chunk-artifact.js:2326:20
    at new Promise (<anonymous>)
    at runWithCancel [90m(file:///C:/Users/BigotSmasher/Desktop/@Everything/quick-pt/SS-PT/tmp/worktrees/swan-coach-astra-owned-20260906/frontend/[39mnode_modules/[4m@vitest/runner[24m/dist/chunk-artifact.js:2323:10[90m)[39m
    at [90mfile:///C:/Users/BigotSmasher/Desktop/@Everything/quick-pt/SS-PT/tmp/worktrees/swan-coach-astra-owned-20260906/frontend/[39mnode_modules/[4m@vitest/runner[24m/dist/chunk-artifact.js:2305:20
    at new Promise (<anonymous>)
    at runWithTimeout [90m(file:///C:/Users/BigotSmasher/Desktop/@Everything/quick-pt/SS-PT/tmp/worktrees/swan-coach-astra-owned-20260906/frontend/[39mnode_modules/[4m@vitest/runner[24m/dist/chunk-artifact.js:2272:10[90m)[39m
    at [90mfile:///C:/Users/BigotSmasher/Desktop/@Everything/quick-pt/SS-PT/tmp/worktrees/swan-coach-astra-owned-20260906/frontend/[39mnode_modules/[4m@vitest/runner[24m/dist/chunk-artifact.js:2955:64

 [32m✓[39m src/components/PlaudClipMerge/PlaudSegmentApprovalHardening.test.ts [2m([22m[2m5 tests[22m[2m)[22m[32m 5[2mms[22m[39m
[90mstdout[2m | src/components/BootcampBuilder/ExerciseDetailPanel.teachMe.test.ts
[22m[39m[API] Production mode: false
[API] Base URL: http://localhost:10000

 [32m✓[39m src/components/UniversalMasterSchedule/SessionDetailClientFeedbackPanel.test.tsx [2m([22m[2m3 tests[22m[2m)[22m[32m 222[2mms[22m[39m
 [32m✓[39m src/components/DashBoard/workspaces/NutritionWorkspace.styleExtraction.test.ts [2m([22m[2m3 tests[22m[2m)[22m[32m 4[2mms[22m[39m
 [32m✓[39m src/components/WorkoutLogger/WorkoutLoggerLensFrame.test.tsx [2m([22m[2m2 tests[22m[2m)[22m[32m 244[2mms[22m[39m
 [32m✓[39m src/components/FoodTracker/FoodQualityTab.test.tsx [2m([22m[2m3 tests[22m[2m)[22m[33m 585[2mms[22m[39m
 [32m✓[39m src/components/UniversalMasterSchedule/components/ScheduleModals.clientSourcePolicy.test.ts [2m([22m[2m3 tests[22m[2m)[22m[32m 3[2mms[22m[39m
 [32m✓[39m src/components/Social/Challenges/ChallengesView.joinToast.test.tsx [2m([22m[2m1 test[22m[2m)[22m[33m 528[2mms[22m[39m
     [33m[2m✓[22m[39m uses assigned workout completion copy after joining assigned-session challenges [33m 526[2mms[22m[39m
 [32m✓[39m src/components/UniversalMasterSchedule/ScheduleClientCreditsSourcePolicy.test.ts [2m([22m[2m3 tests[22m[2m)[22m[32m 5[2mms[22m[39m
 [32m✓[39m src/pages/Social/UserProfilePage.banner.contract.test.ts [2m([22m[2m4 tests[22m[2m)[22m[32m 3[2mms[22m[39m
 [32m✓[39m src/components/WorkoutLogger/useWorkoutLoggerDictation.provenance.test.tsx [2m([22m[2m6 tests[22m[2m)[22m[32m 28[2mms[22m[39m
 [32m✓[39m src/components/BootcampBuilder/ExerciseDetailPanel.teachMe.test.ts [2m([22m[2m6 tests[22m[2m)[22m[32m 4[2mms[22m[39m
 [32m✓[39m src/context/CartContextProvider.test.tsx [2m([22m[2m1 test[22m[2m)[22m[32m 59[2mms[22m[39m
 [32m✓[39m src/services/session-service.lifecycleRoutes.test.ts [2m([22m[2m3 tests[22m[2m)[22m[32m 6[2mms[22m[39m
 [32m✓[39m src/components/AvatarHome/PetAdoptionModal.adoptionLocks.test.tsx [2m([22m[2m2 tests[22m[2m)[22m[33m 463[2mms[22m[39m
     [33m[2m✓[22m[39m blocks concurrent adoption before React can rerender disabled state [33m 317[2mms[22m[39m
 [32m✓[39m src/components/Shared/TeachMeToggle.visibility.test.tsx [2m([22m[2m3 tests[22m[2m)[22m[33m 378[2mms[22m[39m
 [32m✓[39m src/components/BootcampBuilder/BootcampBuilderPlacement.test.ts [2m([22m[2m6 tests[22m[2m)[22m[32m 4[2mms[22m[39m
 [32m✓[39m src/components/UserDashboard/components/CoachVoiceRecapCard.truth.test.ts [2m([22m[2m6 tests[22m[2m)[22m[32m 4[2mms[22m[39m
 [32m✓[39m src/routes/adminDashboardLocalRecovery.contract.test.ts [2m([22m[2m4 tests[22m[2m)[22m[32m 5[2mms[22m[39m
 [32m✓[39m src/components/DashBoard/Pages/admin-specials/specialPricing.test.ts [2m([22m[2m8 tests[22m[2m)[22m[32m 5[2mms[22m[39m
 [32m✓[39m src/utils/manifestIntegrity.contract.test.ts [2m([22m[2m5 tests[22m[2m)[22m[32m 11[2mms[22m[39m
 [32m✓[39m src/components/WorkoutLogger/NASMExerciseRolodex.touchTarget.test.ts [2m([22m[2m4 tests[22m[2m)[22m[32m 4[2mms[22m[39m
 [32m✓[39m src/adapters/style-lens-swan/contract/__tests__/registryIntegrity.test.ts [2m([22m[2m6 tests[22m[2m)[22m[32m 7[2mms[22m[39m
[90mstdout[2m | src/components/UniversalMasterSchedule/Cards/SessionCard.test.tsx
[22m[39m[PERF] Schedule performance harness loaded. Use window.logPerfToggles() to see current state.

 [32m✓[39m src/components/BodyMap/BodyMap.clientTarget.test.ts [2m([22m[2m4 tests[22m[2m)[22m[32m 3[2mms[22m[39m
 [32m✓[39m src/components/DashBoard/Pages/challenges/ChallengeResultsFunnel.render.test.tsx [2m([22m[2m1 test[22m[2m)[22m[32m 58[2mms[22m[39m
 [32m✓[39m src/components/UniversalMasterSchedule/components/ScheduleStats.themeBridge.test.ts [2m([22m[2m2 tests[22m[2m)[22m[32m 4[2mms[22m[39m
 [32m✓[39m src/pages/support/SupportRoute.contract.test.ts [2m([22m[2m4 tests[22m[2m)[22m[32m 14[2mms[22m[39m
 [32m✓[39m src/components/DashBoard/Pages/admin-sessions/AdminSessions.clientSourcePolicy.test.ts [2m([22m[2m2 tests[22m[2m)[22m[32m 3[2mms[22m[39m
 [32m✓[39m src/components/DashBoard/workspaces/NutritionTodayPanel.reviewDraft.test.ts [2m([22m[2m4 tests[22m[2m)[22m[32m 4[2mms[22m[39m
 [32m✓[39m src/hooks/useDashboardQueries.test.tsx [2m([22m[2m2 tests[22m[2m)[22m[32m 19[2mms[22m[39m
 [32m✓[39m src/components/DashBoard/progress-proof/proofReel.test.ts [2m([22m[2m5 tests[22m[2m)[22m[32m 6[2mms[22m[39m
 [32m✓[39m src/components/UniversalMasterSchedule/Cards/SessionCard.test.tsx [2m([22m[2m7 tests[22m[2m)[22m[32m 237[2mms[22m[39m
[90mstdout[2m | src/hooks/useNurturePreview.test.ts
[22m[39m[API] Production mode: false
[API] Base URL: http://localhost:10000

 [32m✓[39m src/hooks/useNurturePreview.test.ts [2m([22m[2m6 tests[22m[2m)[22m[32m 5[2mms[22m[39m
 [32m✓[39m src/components/WorkoutLogger/VoiceMemoUpload.test.tsx [2m([22m[2m2 tests[22m[2m)[22m[32m 268[2mms[22m[39m
 [32m✓[39m src/components/UniversalMasterSchedule/SessionDetailPackageSummary.test.tsx [2m([22m[2m4 tests[22m[2m)[22m[32m 123[2mms[22m[39m
 [32m✓[39m src/components/UserDashboard/components/UserDashboardSidebarV3.outage.test.ts [2m([22m[2m4 tests[22m[2m)[22m[32m 18[2mms[22m[39m
 [32m✓[39m src/tests/missionHarnessConsoleNoise.test.ts [2m([22m[2m5 tests[22m[2m)[22m[32m 4[2mms[22m[39m
 [32m✓[39m src/components/Shared/DashboardTeachMeGuide.clientSupportActionRails.test.ts [2m([22m[2m1 test[22m[2m)[22m[32m 4[2mms[22m[39m
 [32m✓[39m src/components/FoodTracker/FoodIntakeForm.logic.test.ts [2m([22m[2m4 tests[22m[2m)[22m[32m 7[2mms[22m[39m
 [32m✓[39m src/hooks/useMacroSummary.test.tsx [2m([22m[2m3 tests[22m[2m)[22m[33m 315[2mms[22m[39m
 [32m✓[39m src/hooks/analytics/useClientProgressChartsResponseMapping.test.ts [2m([22m[2m4 tests[22m[2m)[22m[32m 4[2mms[22m[39m
 [32m✓[39m src/components/Shared/SwanExercisePicker/filters.test.ts [2m([22m[2m6 tests[22m[2m)[22m[32m 5[2mms[22m[39m
 [32m✓[39m src/components/UserDashboard/components/HomeTab.gates.contract.test.ts [2m([22m[2m6 tests[22m[2m)[22m[32m 4[2mms[22m[39m
 [32m✓[39m src/components/Social/Messaging/ConversationListPanel.groupThread.test.tsx [2m([22m[2m1 test[22m[2m)[22m[32m 270[2mms[22m[39m
 [32m✓[39m src/components/DashBoard/Pages/admin-packages/ProductVariantsManager.contract.test.tsx [2m([22m[2m4 tests[22m[2m)[22m[32m 3[2mms[22m[39m
 [32m✓[39m src/components/UniversalMasterSchedule/SessionDetailModal.alertReplacement.test.ts [2m([22m[2m3 tests[22m[2m)[22m[32m 5[2mms[22m[39m
 [32m✓[39m src/components/DashBoard/UniversalDashboardLayout.clientOnboardingGate.test.ts [2m([22m[2m5 tests[22m[2m)[22m[32m 3[2mms[22m[39m
 [32m✓[39m src/__tests__/noForbiddenTrainingLanguage.test.ts [2m([22m[2m1 test[22m[2m)[22m[33m 1560[2mms[22m[39m
     [33m[2m✓[22m[39m does not ship forbidden wellness terms in runtime source [33m 1558[2mms[22m[39m
 [32m✓[39m src/components/UniversalMasterSchedule/SessionDetailClientCancelReasonPanel.test.tsx [2m([22m[2m3 tests[22m[2m)[22m[32m 81[2mms[22m[39m
 [32m✓[39m src/components/WorkoutLogger/CompactProtocolSection.recommendedHint.test.tsx [2m([22m[2m4 tests[22m[2m)[22m[32m 118[2mms[22m[39m
 [32m✓[39m src/components/Admin/BuilderSubmitAuthPipeline.truth.test.ts [2m([22m[2m3 tests[22m[2m)[22m[32m 4[2mms[22m[39m
 [32m✓[39m src/components/WorkoutLogger/WorkoutLogger.draft.contract.test.ts [2m([22m[2m4 tests[22m[2m)[22m[32m 4[2mms[22m[39m
 [32m✓[39m src/context/ThemeContext/AppearanceStudio/derivePreviewStyle.test.ts [2m([22m[2m5 tests[22m[2m)[22m[32m 7[2mms[22m[39m
 [32m✓[39m src/components/WorkoutLogger/NASMEducationActions.typeContract.test.ts [2m([22m[2m4 tests[22m[2m)[22m[32m 3[2mms[22m[39m
 [32m✓[39m src/components/DashBoard/progress/ProgressChartRecoveryObservatory.logic.test.ts [2m([22m[2m3 tests[22m[2m)[22m[32m 4[2mms[22m[39m
 [32m✓[39m src/components/DashBoard/Pages/challenges/ChallengeCommandWorkspace.submissionsRefresh.test.tsx [2m([22m[2m3 tests[22m[2m)[22m[33m 544[2mms[22m[39m
     [33m[2m✓[22m[39m refreshes managed challenge drafts after approving a client submission [33m 370[2mms[22m[39m
 [32m✓[39m src/components/Charts/ExerciseHistoryChart.logic.test.ts [2m([22m[2m2 tests[22m[2m)[22m[32m 3[2mms[22m[39m
 [32m✓[39m src/components/Charts/charts/live/WeightProgressionLive.test.tsx [2m([22m[2m4 tests[22m[2m)[22m[32m 236[2mms[22m[39m
 [32m✓[39m src/components/Header/HeaderLayout.contract.test.ts [2m([22m[2m2 tests[22m[2m)[22m[32m 3[2mms[22m[39m
 [32m✓[39m src/adapters/style-lens-swan/styles/__tests__/lensSurfaceStyles.test.ts [2m([22m[2m8 tests[22m[2m)[22m[32m 5[2mms[22m[39m
 [32m✓[39m src/hooks/useWorkoutBuilderAPI.types.test.ts [2m([22m[2m3 tests[22m[2m)[22m[32m 6[2mms[22m[39m
 [32m✓[39m src/components/BootcampBuilder/BootcampBoardViews.test.ts [2m([22m[2m4 tests[22m[2m)[22m[32m 4[2mms[22m[39m
 [32m✓[39m src/components/WorkoutLogger/useGhostPreFill.writerDefaults.test.ts [2m([22m[2m5 tests[22m[2m)[22m[32m 4[2mms[22m[39m
 [32m✓[39m src/pages/legal/legalRoutes.contract.test.ts [2m([22m[2m5 tests[22m[2m)[22m[32m 5[2mms[22m[39m
 [32m✓[39m src/components/UniversalMasterSchedule/SessionDetailSeriesCallout.test.tsx [2m([22m[2m3 tests[22m[2m)[22m[32m 157[2mms[22m[39m
 [32m✓[39m src/components/UniversalMasterSchedule/utils/trainerScope.test.ts [2m([22m[2m3 tests[22m[2m)[22m[32m 6[2mms[22m[39m
 [32m✓[39m src/components/DashBoard/Pages/admin-sessions/AdminSessionsNewSessionPayload.logic.test.ts [2m([22m[2m2 tests[22m[2m)[22m[32m 23[2mms[22m[39m
 [32m✓[39m src/components/UniversalMasterSchedule/ApplyPaymentModal.styleExtraction.test.ts [2m([22m[2m2 tests[22m[2m)[22m[32m 5[2mms[22m[39m
 [32m✓[39m src/components/DashBoard/progress/ExerciseCodexMatrix.smartTargets.test.tsx [2m([22m[2m2 tests[22m[2m)[22m[33m 430[2mms[22m[39m
     [33m[2m✓[22m[39m client surface: untouched targets are buttons that deep-link to the logger [33m 387[2mms[22m[39m
 [32m✓[39m src/components/Admin/SMSLogsAuthPipeline.truth.test.ts [2m([22m[2m2 tests[22m[2m)[22m[32m 5[2mms[22m[39m
 [32m✓[39m src/components/UniversalMasterSchedule/ClientRecurringBookingModal.structure.test.ts [2m([22m[2m2 tests[22m[2m)[22m[32m 7[2mms[22m[39m
 [32m✓[39m src/components/DashBoard/AdminAccountAccessRoute.source.test.ts [2m([22m[2m5 tests[22m[2m)[22m[32m 4[2mms[22m[39m
 [32m✓[39m src/components/OrientationForm/orientationForm.authClient.test.tsx [2m([22m[2m1 test[22m[2m)[22m[33m 311[2mms[22m[39m
     [33m[2m✓[22m[39m does not render the public orientation signup form for an already active client account [33m 309[2mms[22m[39m
 [32m✓[39m src/pages/shop/components/PackageCard.inquiry.test.tsx [2m([22m[2m4 tests[22m[2m)[22m[33m 457[2mms[22m[39m
     [33m[2m✓[22m[39m shows "Ask About Pricing" (not Add to Cart) when prices are hidden and onInquire is wired [33m 331[2mms[22m[39m
 [32m✓[39m src/components/UniversalMasterSchedule/TrainingPlanProjectionLayer.mount.test.ts [2m([22m[2m3 tests[22m[2m)[22m[32m 3[2mms[22m[39m
 [32m✓[39m src/config/pricing.contract.test.ts [2m([22m[2m6 tests[22m[2m)[22m[32m 5[2mms[22m[39m
 [32m✓[39m src/components/WorkoutLogger/aiWorkoutEventReducers.test.ts [2m([22m[2m4 tests[22m[2m)[22m[32m 5[2mms[22m[39m
 [32m✓[39m src/components/UniversalMasterSchedule/hooks/useClientProgress.authPipeline.test.ts [2m([22m[2m2 tests[22m[2m)[22m[32m 6[2mms[22m[39m
 [32m✓[39m src/components/DashBoard/workspaces/NutritionWorkspace.entitlement.test.ts [2m([22m[2m4 tests[22m[2m)[22m[32m 3[2mms[22m[39m
 [32m✓[39m src/components/UserDashboard/components/HomePhotoLibraryPreview.test.tsx [2m([22m[2m2 tests[22m[2m)[22m[32m 295[2mms[22m[39m
 [32m✓[39m src/pages/onboarding/ClientOnboardingWizard.draftRestore.test.ts [2m([22m[2m6 tests[22m[2m)[22m[32m 4[2mms[22m[39m
 [32m✓[39m src/components/BootcampBuilder/BootcampDraftOps.test.ts [2m([22m[2m3 tests[22m[2m)[22m[32m 4[2mms[22m[39m
 [32m✓[39m src/pages/galleryViewPrefs.test.ts [2m([22m[2m8 tests[22m[2m)[22m[32m 6[2mms[22m[39m
 [32m✓[39m src/components/FoodScanner/ProductAnalysis.careCopy.test.ts [2m([22m[2m1 test[22m[2m)[22m[32m 4[2mms[22m[39m
 [32m✓[39m src/core/style-lens-os/v2/capability-manifest.schema.test.ts [2m([22m[2m5 tests[22m[2m)[22m[32m 5[2mms[22m[39m
 [32m✓[39m src/components/DashBoard/workspaces/useClientHubRoster.test.tsx [2m([22m[2m3 tests[22m[2m)[22m[32m 174[2mms[22m[39m
 [32m✓[39m src/components/WorkoutLogger/GhostDataRow.acceptAction.test.tsx [2m([22m[2m3 tests[22m[2m)[22m[32m 189[2mms[22m[39m
 [32m✓[39m src/components/BootcampBuilder/bootcampVideoEmbed.test.ts [2m([22m[2m5 tests[22m[2m)[22m[32m 4[2mms[22m[39m
 [32m✓[39m src/core/style-lens-os/ScopedLensFrame.test.tsx [2m([22m[2m2 tests[22m[2m)[22m[32m 31[2mms[22m[39m
 [32m✓[39m src/components/DashBoard/Pages/admin-dashboard/AdminStellarSidebar.workoutFirst.test.ts [2m([22m[2m4 tests[22m[2m)[22m[32m 5[2mms[22m[39m
[90mstdout[2m | src/services/supportIssueService.test.ts
[22m[39mAPI clients configured for SwanStudios backend

 [32m✓[39m src/services/supportIssueService.test.ts [2m([22m[2m3 tests[22m[2m)[22m[32m 6[2mms[22m[39m
 [32m✓[39m src/components/PlaudClipMerge/PlaudMergeReviewErrorSafety.test.tsx [2m([22m[2m1 test[22m[2m)[22m[32m 237[2mms[22m[39m
 [32m✓[39m src/components/ui/forge/forgeChartTheme.test.tsx [2m([22m[2m5 tests[22m[2m)[22m[32m 119[2mms[22m[39m
 [32m✓[39m src/hooks/useSubscription.anonymousGate.test.tsx [2m([22m[2m2 tests[22m[2m)[22m[32m 90[2mms[22m[39m
 [32m✓[39m src/components/WorkoutLogger/handoff/ProofChart.test.tsx [2m([22m[2m4 tests[22m[2m)[22m[32m 108[2mms[22m[39m
[90mstdout[2m | src/components/WorkoutLogger/ActivePlanContextStrip.test.tsx
[22m[39m[API] Production mode: false
[API] Base URL: http://localhost:10000

 [32m✓[39m src/components/BootcampBuilder/BootcampBuilderPage.composition.test.ts [2m([22m[2m4 tests[22m[2m)[22m[32m 6[2mms[22m[39m
[90mstdout[2m | src/components/WorkoutLogger/ActivePlanContextStrip.test.tsx
[22m[39mAPI clients configured for SwanStudios backend

 [32m✓[39m src/components/UserDashboard/backgrounds/UserDashboardBackgrounds.mount.contract.test.ts [2m([22m[2m1 test[22m[2m)[22m[32m 5[2mms[22m[39m
 [32m✓[39m src/components/Social/Challenges/ChallengesView.cards.team.test.tsx [2m([22m[2m3 tests[22m[2m)[22m[32m 120[2mms[22m[39m
 [32m✓[39m src/components/WorkoutLogger/ActivePlanContextStrip.test.tsx [2m([22m[2m5 tests[22m[2m)[22m[32m 143[2mms[22m[39m
 [32m✓[39m src/components/WorkoutLogger/CorrectiveRecommendationsPanel.styleExtraction.test.ts [2m([22m[2m3 tests[22m[2m)[22m[32m 4[2mms[22m[39m
 [32m✓[39m src/components/Social/Messaging/messagingApiFetch.test.ts [2m([22m[2m4 tests[22m[2m)[22m[32m 8[2mms[22m[39m
 [32m✓[39m src/components/DashBoard/Pages/admin-specials/AdminSpecialsTable.render.test.tsx [2m([22m[2m2 tests[22m[2m)[22m[32m 222[2mms[22m[39m
[90mstdout[2m | src/components/DashBoard/UniversalDashboardLayout.routeRegistry.test.ts
[22m[39m[API] Production mode: false
[API] Base URL: http://localhost:10000

[90mstdout[2m | src/components/DashBoard/UniversalDashboardLayout.routeRegistry.test.ts
[22m[39mAPI clients configured for SwanStudios backend

 [32m✓[39m src/services/pdf/brandIdentity.test.ts [2m([22m[2m5 tests[22m[2m)[22m[32m 4[2mms[22m[39m
 [32m✓[39m src/components/DashBoard/progress-proof/ProofReelStrip.test.tsx [2m([22m[2m3 tests[22m[2m)[22m[32m 198[2mms[22m[39m
 [32m✓[39m src/components/DashBoard/Pages/admin-sessions/AdminSessions.dataSyncExtraction.test.ts [2m([22m[2m2 tests[22m[2m)[22m[32m 4[2mms[22m[39m
 [32m✓[39m src/components/WorkoutLogger/recentExercises.test.ts [2m([22m[2m5 tests[22m[2m)[22m[32m 6[2mms[22m[39m
 [32m✓[39m src/components/Celebrations/XPCounter.test.tsx [2m([22m[2m3 tests[22m[2m)[22m[32m 151[2mms[22m[39m
 [32m✓[39m src/utils/workout/plaudMapperConvergence.test.ts [2m([22m[2m1 test[22m[2m)[22m[32m 3[2mms[22m[39m
 [32m✓[39m src/components/WorkoutLogger/handoff/StreakGoalModule.test.tsx [2m([22m[2m7 tests[22m[2m)[22m[32m 142[2mms[22m[39m
 [32m✓[39m src/components/UserDashboard/UserDashboardTeachCoachRoute.test.ts [2m([22m[2m5 tests[22m[2m)[22m[32m 4[2mms[22m[39m
 [32m✓[39m src/components/EquipmentManager/equipmentScanRetry.test.ts [2m([22m[2m7 tests[22m[2m)[22m[32m 4[2mms[22m[39m
[90mstdout[2m | src/services/coachCommandClientService.test.ts
[22m[39mAPI clients configured for SwanStudios backend

 [32m✓[39m src/services/coachCommandClientService.test.ts [2m([22m[2m3 tests[22m[2m)[22m[32m 6[2mms[22m[39m
 [32m✓[39m src/components/UniversalMasterSchedule/DragDrop/DragDropManager.themeBridge.test.ts [2m([22m[2m2 tests[22m[2m)[22m[32m 3[2mms[22m[39m
[90mstdout[2m | src/services/adminSupportIssueService.test.ts
[22m[39mAPI clients configured for SwanStudios backend

 [32m✓[39m src/theme/tokens.themeAware.test.ts [2m([22m[2m5 tests[22m[2m)[22m[32m 3[2mms[22m[39m
 [32m✓[39m src/services/adminSupportIssueService.test.ts [2m([22m[2m1 test[22m[2m)[22m[32m 5[2mms[22m[39m
 [32m✓[39m src/components/FoodTracker/FarmGardenLocalFood.test.ts [2m([22m[2m2 tests[22m[2m)[22m[32m 6[2mms[22m[39m
[90mstdout[2m | src/components/DashBoard/UniversalDashboardLayout.routeRegistry.test.ts
[22m[39m[PERF] Schedule performance harness loaded. Use window.logPerfToggles() to see current state.

 [32m✓[39m src/components/DashBoard/progress/ProgressChartWarRoomBoard.logic.test.ts [2m([22m[2m2 tests[22m[2m)[22m[32m 5[2mms[22m[39m
 [32m✓[39m src/components/marketing/PrismCapture/prismGateParity.test.ts [2m([22m[2m3 tests[22m[2m)[22m[32m 4[2mms[22m[39m
 [32m✓[39m src/pages/about/credentialPhrasing.contract.test.ts [2m([22m[2m2 tests[22m[2m)[22m[33m 5933[2mms[22m[39m
     [33m[2m✓[22m[39m no source file claims "NASM-certified" (frontend src + backend services/routes/controllers) [33m 3004[2mms[22m[39m
     [33m[2m✓[22m[39m no source file fabricates a "Certified Personal Trainer" credential default (P0-2) [33m 2928[2mms[22m[39m
 [32m✓[39m src/components/DashBoard/progress/ProgressChartWarRoomBoard.test.tsx [2m([22m[2m1 test[22m[2m)[22m[33m 331[2mms[22m[39m
     [33m[2m✓[22m[39m adds, reorders, and persists selected chart tiles [33m 329[2mms[22m[39m
 [32m✓[39m src/components/WorkoutLogger/useScreenWakeLock.test.ts [2m([22m[2m4 tests[22m[2m)[22m[32m 76[2mms[22m[39m
 [32m✓[39m src/components/DashBoard/UniversalDashboardLayout.routeRegistry.test.ts [2m([22m[2m3 tests[22m[2m)[22m[32m 13[2mms[22m[39m
 [32m✓[39m src/pages/support/SupportReportGuidance.test.tsx [2m([22m[2m2 tests[22m[2m)[22m[32m 173[2mms[22m[39m
 [32m✓[39m src/components/UserDashboard/components/ObservatoryShellAdapter.navParity.test.ts [2m([22m[2m4 tests[22m[2m)[22m[32m 5[2mms[22m[39m
 [32m✓[39m src/components/AdvancedGamification/components/GhostMode/GhostModeBanner.display.test.tsx [2m([22m[2m2 tests[22m[2m)[22m[32m 120[2mms[22m[39m
 [32m✓[39m src/hooks/social/useSocialFriends.test.tsx [2m([22m[2m1 test[22m[2m)[22m[32m 77[2mms[22m[39m
[90mstdout[2m | src/hooks/useEquipmentAPI.test.ts
[22m[39m[API] Production mode: false
[API] Base URL: http://localhost:10000

 [32m✓[39m src/hooks/useEquipmentAPI.test.ts [2m([22m[2m4 tests[22m[2m)[22m[32m 6[2mms[22m[39m
[90mstdout[2m | src/hooks/useAIChat.proposals.test.ts
[22m[39m[API] Production mode: false
[API] Base URL: http://localhost:10000

 [32m✓[39m src/pages/support/SupportReportComposer.idempotency.test.tsx [2m([22m[2m1 test[22m[2m)[22m[33m 346[2mms[22m[39m
     [33m[2m✓[22m[39m reuses the same client request UUID after a failed response [33m 344[2mms[22m[39m
 [32m✓[39m src/hooks/useAIChat.proposals.test.ts [2m([22m[2m5 tests[22m[2m)[22m[32m 4[2mms[22m[39m
 [32m✓[39m src/services/dashboardSurfaceContext.test.ts [2m([22m[2m5 tests[22m[2m)[22m[32m 4[2mms[22m[39m
 [32m✓[39m src/components/DashBoard/progress-proof/ProgressChartActionBar.ctaHierarchy.test.tsx [2m([22m[2m1 test[22m[2m)[22m[32m 280[2mms[22m[39m
 [32m✓[39m src/components/Shared/DashboardTeachMeGuide.adminSecondaryRoutes.test.ts [2m([22m[2m2 tests[22m[2m)[22m[32m 4[2mms[22m[39m
 [32m✓[39m src/components/UserDashboard/components/HomeTrainingCommandStrip.test.tsx [2m([22m[2m1 test[22m[2m)[22m[32m 215[2mms[22m[39m
 [32m✓[39m src/components/Shared/DashboardTeachMeGuide.logTodayRoutes.test.ts [2m([22m[2m10 tests[22m[2m)[22m[32m 5[2mms[22m[39m
 [32m✓[39m src/components/WorkoutLogger/WorkoutLogger.ghostReapply.test.ts [2m([22m[2m3 tests[22m[2m)[22m[32m 4[2mms[22m[39m
 [32m✓[39m src/pages/support/SupportReporterIssueDetail.test.tsx [2m([22m[2m1 test[22m[2m)[22m[32m 198[2mms[22m[39m
 [32m✓[39m src/components/UserDashboard/components/DailyHealthLoop.test.tsx [2m([22m[2m2 tests[22m[2m)[22m[33m 373[2mms[22m[39m
 [32m✓[39m src/components/UserDashboard/components/CreativeGalleryCard.test.tsx [2m([22m[2m2 tests[22m[2m)[22m[32m 205[2mms[22m[39m
 [32m✓[39m src/components/DashBoard/Pages/admin-sessions/AdminSessions.accessibilityContract.test.ts [2m([22m[2m2 tests[22m[2m)[22m[32m 3[2mms[22m[39m
 [32m✓[39m src/hooks/useTrainerTodaySessions.fetch.test.tsx [2m([22m[2m2 tests[22m[2m)[22m[32m 157[2mms[22m[39m
 [32m✓[39m src/components/UniversalMasterSchedule/SessionDetailCommandPanel.test.tsx [2m([22m[2m2 tests[22m[2m)[22m[32m 176[2mms[22m[39m
 [32m✓[39m src/services/workout-session-service.test.ts [2m([22m[2m2 tests[22m[2m)[22m[32m 5[2mms[22m[39m
 [32m✓[39m src/components/Charts/MetricConstellation.test.tsx [2m([22m[2m3 tests[22m[2m)[22m[32m 76[2mms[22m[39m
 [32m✓[39m src/components/DashBoard/progress-proof/PrCelebration.test.tsx [2m([22m[2m3 tests[22m[2m)[22m[32m 228[2mms[22m[39m
Error: tab exploded
    at Bomb (C:/Users/BigotSmasher/Desktop/@Everything/quick-pt/SS-PT/tmp/worktrees/swan-coach-astra-owned-20260906/frontend/src/components/DashBoard/TabErrorBoundary.test.tsx:12:26)
    at renderWithHooks (C:\Users\BigotSmasher\Desktop\@Everything\quick-pt\SS-PT\tmp\worktrees\swan-coach-astra-owned-20260906\frontend\node_modules\react-dom\cjs\react-dom.development.js:15486:18)
    at mountIndeterminateComponent (C:\Users\BigotSmasher\Desktop\@Everything\quick-pt\SS-PT\tmp\worktrees\swan-coach-astra-owned-20260906\frontend\node_modules\react-dom\cjs\react-dom.development.js:20103:13)
    at beginWork (C:\Users\BigotSmasher\Desktop\@Everything\quick-pt\SS-PT\tmp\worktrees\swan-coach-astra-owned-20260906\frontend\node_modules\react-dom\cjs\react-dom.development.js:21626:16)
    at HTMLUnknownElement.callCallback (C:\Users\BigotSmasher\Desktop\@Everything\quick-pt\SS-PT\tmp\worktrees\swan-coach-astra-owned-20260906\frontend\node_modules\react-dom\cjs\react-dom.development.js:4164:14)
    at HTMLUnknownElement.callTheUserObjectsOperation (C:\Users\BigotSmasher\Desktop\@Everything\quick-pt\SS-PT\tmp\worktrees\swan-coach-astra-owned-20260906\frontend\node_modules\jsdom\lib\jsdom\living\generated\EventListener.js:26:30)
    at innerInvokeEventListeners (C:\Users\BigotSmasher\Desktop\@Everything\quick-pt\SS-PT\tmp\worktrees\swan-coach-astra-owned-20260906\frontend\node_modules\jsdom\lib\jsdom\living\events\EventTarget-impl.js:360:16)
    at invokeEventListeners (C:\Users\BigotSmasher\Desktop\@Everything\quick-pt\SS-PT\tmp\worktrees\swan-coach-astra-owned-20260906\frontend\node_modules\jsdom\lib\jsdom\living\events\EventTarget-impl.js:296:3)
    at HTMLUnknownElementImpl._dispatch (C:\Users\BigotSmasher\Desktop\@Everything\quick-pt\SS-PT\tmp\worktrees\swan-coach-astra-owned-20260906\frontend\node_modules\jsdom\lib\jsdom\living\events\EventTarget-impl.js:243:9)
    at HTMLUnknownElementImpl.dispatchEvent (C:\Users\BigotSmasher\Desktop\@Everything\quick-pt\SS-PT\tmp\worktrees\swan-coach-astra-owned-20260906\frontend\node_modules\jsdom\lib\jsdom\living\events\EventTarget-impl.js:114:17)
 [32m✓[39m src/utils/tokenDebugTool.redaction.test.ts [2m([22m[2m4 tests[22m[2m)[22m[32m 4[2mms[22m[39m
 [32m✓[39m src/components/DashBoard/Pages/admin-waivers/AdminWaiversTable.render.test.tsx [2m([22m[2m2 tests[22m[2m)[22m[32m 218[2mms[22m[39m
Error: tab exploded
    at Bomb (C:/Users/BigotSmasher/Desktop/@Everything/quick-pt/SS-PT/tmp/worktrees/swan-coach-astra-owned-20260906/frontend/src/components/DashBoard/TabErrorBoundary.test.tsx:12:26)
    at renderWithHooks (C:\Users\BigotSmasher\Desktop\@Everything\quick-pt\SS-PT\tmp\worktrees\swan-coach-astra-owned-20260906\frontend\node_modules\react-dom\cjs\react-dom.development.js:15486:18)
    at mountIndeterminateComponent (C:\Users\BigotSmasher\Desktop\@Everything\quick-pt\SS-PT\tmp\worktrees\swan-coach-astra-owned-20260906\frontend\node_modules\react-dom\cjs\react-dom.development.js:20103:13)
    at beginWork (C:\Users\BigotSmasher\Desktop\@Everything\quick-pt\SS-PT\tmp\worktrees\swan-coach-astra-owned-20260906\frontend\node_modules\react-dom\cjs\react-dom.development.js:21626:16)
    at HTMLUnknownElement.callCallback (C:\Users\BigotSmasher\Desktop\@Everything\quick-pt\SS-PT\tmp\worktrees\swan-coach-astra-owned-20260906\frontend\node_modules\react-dom\cjs\react-dom.development.js:4164:14)
    at HTMLUnknownElement.callTheUserObjectsOperation (C:\Users\BigotSmasher\Desktop\@Everything\quick-pt\SS-PT\tmp\worktrees\swan-coach-astra-owned-20260906\frontend\node_modules\jsdom\lib\jsdom\living\generated\EventListener.js:26:30)
    at innerInvokeEventListeners (C:\Users\BigotSmasher\Desktop\@Everything\quick-pt\SS-PT\tmp\worktrees\swan-coach-astra-owned-20260906\frontend\node_modules\jsdom\lib\jsdom\living\events\EventTarget-impl.js:360:16)
    at invokeEventListeners (C:\Users\BigotSmasher\Desktop\@Everything\quick-pt\SS-PT\tmp\worktrees\swan-coach-astra-owned-20260906\frontend\node_modules\jsdom\lib\jsdom\living\events\EventTarget-impl.js:296:3)
    at HTMLUnknownElementImpl._dispatch (C:\Users\BigotSmasher\Desktop\@Everything\quick-pt\SS-PT\tmp\worktrees\swan-coach-astra-owned-20260906\frontend\node_modules\jsdom\lib\jsdom\living\events\EventTarget-impl.js:243:9)
    at HTMLUnknownElementImpl.dispatchEvent (C:\Users\BigotSmasher\Desktop\@Everything\quick-pt\SS-PT\tmp\worktrees\swan-coach-astra-owned-20260906\frontend\node_modules\jsdom\lib\jsdom\living\events\EventTarget-impl.js:114:17)
 [32m✓[39m src/components/DashBoard/progress-proof/ProgressProofCockpit.test.tsx [2m([22m[2m2 tests[22m[2m)[22m[33m 371[2mms[22m[39m
 [32m✓[39m src/components/WorkoutLogger/workoutLoggerVoiceImport.test.ts [2m([22m[2m3 tests[22m[2m)[22m[32m 4[2mms[22m[39m
Error: first render fails
    at Flaky (C:/Users/BigotSmasher/Desktop/@Everything/quick-pt/SS-PT/tmp/worktrees/swan-coach-astra-owned-20260906/frontend/src/components/DashBoard/TabErrorBoundary.test.tsx:45:30)
    at renderWithHooks (C:\Users\BigotSmasher\Desktop\@Everything\quick-pt\SS-PT\tmp\worktrees\swan-coach-astra-owned-20260906\frontend\node_modules\react-dom\cjs\react-dom.development.js:15486:18)
    at mountIndeterminateComponent (C:\Users\BigotSmasher\Desktop\@Everything\quick-pt\SS-PT\tmp\worktrees\swan-coach-astra-owned-20260906\frontend\node_modules\react-dom\cjs\react-dom.development.js:20103:13)
    at beginWork (C:\Users\BigotSmasher\Desktop\@Everything\quick-pt\SS-PT\tmp\worktrees\swan-coach-astra-owned-20260906\frontend\node_modules\react-dom\cjs\react-dom.development.js:21626:16)
    at HTMLUnknownElement.callCallback (C:\Users\BigotSmasher\Desktop\@Everything\quick-pt\SS-PT\tmp\worktrees\swan-coach-astra-owned-20260906\frontend\node_modules\react-dom\cjs\react-dom.development.js:4164:14)
    at HTMLUnknownElement.callTheUserObjectsOperation (C:\Users\BigotSmasher\Desktop\@Everything\quick-pt\SS-PT\tmp\worktrees\swan-coach-astra-owned-20260906\frontend\node_modules\jsdom\lib\jsdom\living\generated\EventListener.js:26:30)
    at innerInvokeEventListeners (C:\Users\BigotSmasher\Desktop\@Everything\quick-pt\SS-PT\tmp\worktrees\swan-coach-astra-owned-20260906\frontend\node_modules\jsdom\lib\jsdom\living\events\EventTarget-impl.js:360:16)
    at invokeEventListeners (C:\Users\BigotSmasher\Desktop\@Everything\quick-pt\SS-PT\tmp\worktrees\swan-coach-astra-owned-20260906\frontend\node_modules\jsdom\lib\jsdom\living\events\EventTarget-impl.js:296:3)
    at HTMLUnknownElementImpl._dispatch (C:\Users\BigotSmasher\Desktop\@Everything\quick-pt\SS-PT\tmp\worktrees\swan-coach-astra-owned-20260906\frontend\node_modules\jsdom\lib\jsdom\living\events\EventTarget-impl.js:243:9)
    at HTMLUnknownElementImpl.dispatchEvent (C:\Users\BigotSmasher\Desktop\@Everything\quick-pt\SS-PT\tmp\worktrees\swan-coach-astra-owned-20260906\frontend\node_modules\jsdom\lib\jsdom\living\events\EventTarget-impl.js:114:17)
Error: first render fails
    at Flaky (C:/Users/BigotSmasher/Desktop/@Everything/quick-pt/SS-PT/tmp/worktrees/swan-coach-astra-owned-20260906/frontend/src/components/DashBoard/TabErrorBoundary.test.tsx:45:30)
    at renderWithHooks (C:\Users\BigotSmasher\Desktop\@Everything\quick-pt\SS-PT\tmp\worktrees\swan-coach-astra-owned-20260906\frontend\node_modules\react-dom\cjs\react-dom.development.js:15486:18)
    at mountIndeterminateComponent (C:\Users\BigotSmasher\Desktop\@Everything\quick-pt\SS-PT\tmp\worktrees\swan-coach-astra-owned-20260906\frontend\node_modules\react-dom\cjs\react-dom.development.js:20103:13)
    at beginWork (C:\Users\BigotSmasher\Desktop\@Everything\quick-pt\SS-PT\tmp\worktrees\swan-coach-astra-owned-20260906\frontend\node_modules\react-dom\cjs\react-dom.development.js:21626:16)
    at HTMLUnknownElement.callCallback (C:\Users\BigotSmasher\Desktop\@Everything\quick-pt\SS-PT\tmp\worktrees\swan-coach-astra-owned-20260906\frontend\node_modules\react-dom\cjs\react-dom.development.js:4164:14)
    at HTMLUnknownElement.callTheUserObjectsOperation (C:\Users\BigotSmasher\Desktop\@Everything\quick-pt\SS-PT\tmp\worktrees\swan-coach-astra-owned-20260906\frontend\node_modules\jsdom\lib\jsdom\living\generated\EventListener.js:26:30)
    at innerInvokeEventListeners (C:\Users\BigotSmasher\Desktop\@Everything\quick-pt\SS-PT\tmp\worktrees\swan-coach-astra-owned-20260906\frontend\node_modules\jsdom\lib\jsdom\living\events\EventTarget-impl.js:360:16)
    at invokeEventListeners (C:\Users\BigotSmasher\Desktop\@Everything\quick-pt\SS-PT\tmp\worktrees\swan-coach-astra-owned-20260906\frontend\node_modules\jsdom\lib\jsdom\living\events\EventTarget-impl.js:296:3)
    at HTMLUnknownElementImpl._dispatch (C:\Users\BigotSmasher\Desktop\@Everything\quick-pt\SS-PT\tmp\worktrees\swan-coach-astra-owned-20260906\frontend\node_modules\jsdom\lib\jsdom\living\events\EventTarget-impl.js:243:9)
    at HTMLUnknownElementImpl.dispatchEvent (C:\Users\BigotSmasher\Desktop\@Everything\quick-pt\SS-PT\tmp\worktrees\swan-coach-astra-owned-20260906\frontend\node_modules\jsdom\lib\jsdom\living\events\EventTarget-impl.js:114:17)
 [32m✓[39m src/components/WorkoutLogger/runner/runnerStyles.test.ts [2m([22m[2m4 tests[22m[2m)[22m[32m 6[2mms[22m[39m
 [32m✓[39m src/components/DashBoard/TabErrorBoundary.test.tsx [2m([22m[2m3 tests[22m[2m)[22m[32m 165[2mms[22m[39m
 [32m✓[39m src/hooks/useWorkoutMcp.planGeneration.privacy.test.tsx [2m([22m[2m1 test[22m[2m)[22m[32m 3[2mms[22m[39m
 [32m✓[39m src/components/seo/SeoHead.contract.test.ts [2m([22m[2m3 tests[22m[2m)[22m[32m 4[2mms[22m[39m
 [32m✓[39m src/components/WorkoutLogger/OPTPhaseIndicator.contract.test.ts [2m([22m[2m4 tests[22m[2m)[22m[32m 4[2mms[22m[39m
 [32m✓[39m src/components/CoachDock/BootcampVoiceProposalTray.test.tsx [2m([22m[2m2 tests[22m[2m)[22m[32m 166[2mms[22m[39m
 [32m✓[39m src/services/authRequestPolicy.test.ts [2m([22m[2m5 tests[22m[2m)[22m[32m 4[2mms[22m[39m
[90mstdout[2m | src/components/TrainerDashboard/ClientProgress/EnhancedClientProgressView.workoutHistory.test.tsx
[22m[39m[API] Production mode: false
[API] Base URL: http://localhost:10000

[90mstdout[2m | src/components/TrainerDashboard/ClientProgress/EnhancedClientProgressView.workoutHistory.test.tsx
[22m[39mAPI clients configured for SwanStudios backend

 [32m✓[39m src/utils/realtimeSocketUrl.test.ts [2m([22m[2m5 tests[22m[2m)[22m[32m 4[2mms[22m[39m
Error: handoff render blew up
    at default (C:/Users/BigotSmasher/Desktop/@Everything/quick-pt/SS-PT/tmp/worktrees/swan-coach-astra-owned-20260906/frontend/src/components/WorkoutLogger/handoff/WorkoutLoggerHandoffMount.errorBoundary.test.tsx:13:26)
    at renderWithHooks (C:\Users\BigotSmasher\Desktop\@Everything\quick-pt\SS-PT\tmp\worktrees\swan-coach-astra-owned-20260906\frontend\node_modules\react-dom\cjs\react-dom.development.js:15486:18)
    at mountIndeterminateComponent (C:\Users\BigotSmasher\Desktop\@Everything\quick-pt\SS-PT\tmp\worktrees\swan-coach-astra-owned-20260906\frontend\node_modules\react-dom\cjs\react-dom.development.js:20103:13)
    at beginWork (C:\Users\BigotSmasher\Desktop\@Everything\quick-pt\SS-PT\tmp\worktrees\swan-coach-astra-owned-20260906\frontend\node_modules\react-dom\cjs\react-dom.development.js:21626:16)
    at HTMLUnknownElement.callCallback (C:\Users\BigotSmasher\Desktop\@Everything\quick-pt\SS-PT\tmp\worktrees\swan-coach-astra-owned-20260906\frontend\node_modules\react-dom\cjs\react-dom.development.js:4164:14)
    at HTMLUnknownElement.callTheUserObjectsOperation (C:\Users\BigotSmasher\Desktop\@Everything\quick-pt\SS-PT\tmp\worktrees\swan-coach-astra-owned-20260906\frontend\node_modules\jsdom\lib\jsdom\living\generated\EventListener.js:26:30)
    at innerInvokeEventListeners (C:\Users\BigotSmasher\Desktop\@Everything\quick-pt\SS-PT\tmp\worktrees\swan-coach-astra-owned-20260906\frontend\node_modules\jsdom\lib\jsdom\living\events\EventTarget-impl.js:360:16)
    at invokeEventListeners (C:\Users\BigotSmasher\Desktop\@Everything\quick-pt\SS-PT\tmp\worktrees\swan-coach-astra-owned-20260906\frontend\node_modules\jsdom\lib\jsdom\living\events\EventTarget-impl.js:296:3)
    at HTMLUnknownElementImpl._dispatch (C:\Users\BigotSmasher\Desktop\@Everything\quick-pt\SS-PT\tmp\worktrees\swan-coach-astra-owned-20260906\frontend\node_modules\jsdom\lib\jsdom\living\events\EventTarget-impl.js:243:9)
    at HTMLUnknownElementImpl.dispatchEvent (C:\Users\BigotSmasher\Desktop\@Everything\quick-pt\SS-PT\tmp\worktrees\swan-coach-astra-owned-20260906\frontend\node_modules\jsdom\lib\jsdom\living\events\EventTarget-impl.js:114:17)
Error: handoff render blew up
    at default (C:/Users/BigotSmasher/Desktop/@Everything/quick-pt/SS-PT/tmp/worktrees/swan-coach-astra-owned-20260906/frontend/src/components/WorkoutLogger/handoff/WorkoutLoggerHandoffMount.errorBoundary.test.tsx:13:26)
    at renderWithHooks (C:\Users\BigotSmasher\Desktop\@Everything\quick-pt\SS-PT\tmp\worktrees\swan-coach-astra-owned-20260906\frontend\node_modules\react-dom\cjs\react-dom.development.js:15486:18)
    at mountIndeterminateComponent (C:\Users\BigotSmasher\Desktop\@Everything\quick-pt\SS-PT\tmp\worktrees\swan-coach-astra-owned-20260906\frontend\node_modules\react-dom\cjs\react-dom.development.js:20103:13)
    at beginWork (C:\Users\BigotSmasher\Desktop\@Everything\quick-pt\SS-PT\tmp\worktrees\swan-coach-astra-owned-20260906\frontend\node_modules\react-dom\cjs\react-dom.development.js:21626:16)
    at HTMLUnknownElement.callCallback (C:\Users\BigotSmasher\Desktop\@Everything\quick-pt\SS-PT\tmp\worktrees\swan-coach-astra-owned-20260906\frontend\node_modules\react-dom\cjs\react-dom.development.js:4164:14)
    at HTMLUnknownElement.callTheUserObjectsOperation (C:\Users\BigotSmasher\Desktop\@Everything\quick-pt\SS-PT\tmp\worktrees\swan-coach-astra-owned-20260906\frontend\node_modules\jsdom\lib\jsdom\living\generated\EventListener.js:26:30)
    at innerInvokeEventListeners (C:\Users\BigotSmasher\Desktop\@Everything\quick-pt\SS-PT\tmp\worktrees\swan-coach-astra-owned-20260906\frontend\node_modules\jsdom\lib\jsdom\living\events\EventTarget-impl.js:360:16)
    at invokeEventListeners (C:\Users\BigotSmasher\Desktop\@Everything\quick-pt\SS-PT\tmp\worktrees\swan-coach-astra-owned-20260906\frontend\node_modules\jsdom\lib\jsdom\living\events\EventTarget-impl.js:296:3)
    at HTMLUnknownElementImpl._dispatch (C:\Users\BigotSmasher\Desktop\@Everything\quick-pt\SS-PT\tmp\worktrees\swan-coach-astra-owned-20260906\frontend\node_modules\jsdom\lib\jsdom\living\events\EventTarget-impl.js:243:9)
    at HTMLUnknownElementImpl.dispatchEvent (C:\Users\BigotSmasher\Desktop\@Everything\quick-pt\SS-PT\tmp\worktrees\swan-coach-astra-owned-20260906\frontend\node_modules\jsdom\lib\jsdom\living\events\EventTarget-impl.js:114:17)
 [32m✓[39m src/components/WorkoutLogger/handoff/WorkoutLoggerHandoffMount.errorBoundary.test.tsx [2m([22m[2m1 test[22m[2m)[22m[32m 26[2mms[22m[39m
 [32m✓[39m src/components/NewCheckout/checkoutReceipt.test.ts [2m([22m[2m2 tests[22m[2m)[22m[32m 8[2mms[22m[39m
 [32m✓[39m src/components/UserDashboard/dashboardVisibleLanguageContract.test.ts [2m([22m[2m2 tests[22m[2m)[22m[32m 4[2mms[22m[39m
[90mstdout[2m | src/components/DashBoard/Pages/trainer-dashboard/TrainerHomeNextActionCard.test.tsx
[22m[39m[API] Production mode: false
[API] Base URL: http://localhost:10000

 [32m✓[39m src/components/Charts/charts/live/BodyFatTrendLine.test.tsx [2m([22m[2m3 tests[22m[2m)[22m[32m 256[2mms[22m[39m
 [32m✓[39m src/components/FoodTracker/FoodSearchPanel.logic.proxy.test.ts [2m([22m[2m2 tests[22m[2m)[22m[32m 5[2mms[22m[39m
[90mstdout[2m | src/components/DashBoard/Pages/trainer-dashboard/TrainerHomeNextActionCard.test.tsx
[22m[39mAPI clients configured for SwanStudios backend

 [32m✓[39m src/components/TrainerDashboard/ClientProgress/EnhancedClientProgressView.workoutHistory.test.tsx [2m([22m[2m1 test[22m[2m)[22m[32m 215[2mms[22m[39m
 [32m✓[39m src/pages/activationPasswordPolicyCopy.test.ts [2m([22m[2m1 test[22m[2m)[22m[32m 3[2mms[22m[39m
[90mstdout[2m | src/hooks/gamification/useGamificationRealtime.structure.test.ts
[22m[39m[API] Production mode: false
[API] Base URL: http://localhost:10000

[90mstdout[2m | src/hooks/gamification/useGamificationRealtime.structure.test.ts
[22m[39mAPI clients configured for SwanStudios backend

[90mstdout[2m | src/pages/support/SupportErrorPrefill.test.tsx
[22m[39mAPI clients configured for SwanStudios backend

 [32m✓[39m src/components/DashBoard/Pages/trainer-dashboard/TrainerHomeNextActionCard.test.tsx [2m([22m[2m1 test[22m[2m)[22m[32m 222[2mms[22m[39m
 [32m✓[39m src/components/PlaudClipMerge/PlaudClipUploader.test.tsx [2m([22m[2m2 tests[22m[2m)[22m[32m 188[2mms[22m[39m
 [32m✓[39m src/components/BootcampBuilder/useBootcampAiEvents.voiceProposal.test.tsx [2m([22m[2m2 tests[22m[2m)[22m[32m 18[2mms[22m[39m
 [32m✓[39m src/components/DashBoard/Pages/trainer-dashboard/SwanCoachDockTrainer.themeBridge.test.ts [2m([22m[2m2 tests[22m[2m)[22m[32m 3[2mms[22m[39m
 [32m✓[39m src/components/UniversalMasterSchedule/Views/AgendaView.themeBridge.test.ts [2m([22m[2m2 tests[22m[2m)[22m[32m 4[2mms[22m[39m
 [32m✓[39m src/services/pdfAutoTable.test.ts [2m([22m[2m5 tests[22m[2m)[22m[32m 6[2mms[22m[39m
 [32m✓[39m src/components/WorkoutLogger/WorkoutLoggerVoiceImportSection.contract.test.ts [2m([22m[2m2 tests[22m[2m)[22m[32m 3[2mms[22m[39m
 [32m✓[39m src/core/style-lens-os/styleLensBoundary.test.ts [2m([22m[2m2 tests[22m[2m)[22m[32m 17[2mms[22m[39m
 [32m✓[39m src/components/BootcampBuilder/ExplanationsStrip.render.test.tsx [2m([22m[2m2 tests[22m[2m)[22m[32m 64[2mms[22m[39m
 [32m✓[39m src/components/ui/LoadingSpinner.retryContract.test.ts [2m([22m[2m1 test[22m[2m)[22m[32m 3[2mms[22m[39m
 [32m✓[39m src/components/BootcampBuilder/ClassPreviewPanel.contract.test.ts [2m([22m[2m3 tests[22m[2m)[22m[32m 3[2mms[22m[39m
 [32m✓[39m src/components/UniversalMasterSchedule/components/SessionCard.styleExtraction.test.ts [2m([22m[2m2 tests[22m[2m)[22m[32m 4[2mms[22m[39m
 [32m✓[39m src/components/WorkoutLogger/ExerciseAutocomplete.tokenContract.test.ts [2m([22m[2m2 tests[22m[2m)[22m[32m 4[2mms[22m[39m
 [32m✓[39m src/components/BootcampBuilder/useBootcampWorkflowStage.test.tsx [2m([22m[2m3 tests[22m[2m)[22m[32m 16[2mms[22m[39m
 [32m✓[39m src/pages/support/SupportErrorPrefill.test.tsx [2m([22m[2m1 test[22m[2m)[22m[33m 410[2mms[22m[39m
     [33m[2m✓[22m[39m prefills only safe route context and submits as an error-boundary report [33m 408[2mms[22m[39m
[90mstdout[2m | src/services/enhancedClientDashboardService.scheduleRoutes.test.ts
[22m[39m🔧 EnhancedClientDashboardService Configuration: {
  isProduction: [33mfalse[39m,
  API_BASE_URL: [32m'http://localhost:10000'[39m,
  WEBSOCKET_URL: [32m'http://localhost:10000'[39m,
  hostname: [32m'localhost'[39m,
  environment: [32m'test'[39m
}

 [32m✓[39m src/services/enhancedClientDashboardService.scheduleRoutes.test.ts [2m([22m[2m2 tests[22m[2m)[22m[32m 5[2mms[22m[39m
 [32m✓[39m src/hooks/gamification/useGamificationRealtime.structure.test.ts [2m([22m[2m3 tests[22m[2m)[22m[32m 4[2mms[22m[39m
 [32m✓[39m src/components/Admin/NutritionPlanBuilder.structure.test.ts [2m([22m[2m2 tests[22m[2m)[22m[32m 6[2mms[22m[39m
 [32m✓[39m src/pages/gallery/GalleryReferralModal.truth.test.ts [2m([22m[2m2 tests[22m[2m)[22m[32m 5[2mms[22m[39m
 [32m✓[39m src/components/TrainerDashboard/ClientProgress/ClientProgressView.themeBridge.test.ts [2m([22m[2m2 tests[22m[2m)[22m[32m 5[2mms[22m[39m
 [32m✓[39m src/pages/ClaimAccountPage.claimTokenContract.test.ts [2m([22m[2m2 tests[22m[2m)[22m[32m 5[2mms[22m[39m
[90mstdout[2m | src/services/plaudIntakeService.test.ts
[22m[39m[API] Production mode: false
[API] Base URL: http://localhost:10000

 [32m✓[39m src/services/plaudIntakeService.test.ts [2m([22m[2m4 tests[22m[2m)[22m[32m 3[2mms[22m[39m
 [32m✓[39m src/components/AvatarHome/HomeWorld.test.tsx [2m([22m[2m3 tests[22m[2m)[22m[32m 260[2mms[22m[39m
 [32m✓[39m src/components/TrainerDashboard/ClientManagement/trainerClientReportExport.test.ts [2m([22m[2m2 tests[22m[2m)[22m[32m 3[2mms[22m[39m
 [32m✓[39m src/components/UniversalMasterSchedule/SessionContract.types.test.ts [2m([22m[2m1 test[22m[2m)[22m[32m 3[2mms[22m[39m
 [32m✓[39m src/components/UniversalMasterSchedule/Views/MonthView.themeBridge.test.ts [2m([22m[2m2 tests[22m[2m)[22m[32m 3[2mms[22m[39m
 [32m✓[39m src/pages/contactpage/contactApiBase.test.ts [2m([22m[2m3 tests[22m[2m)[22m[32m 5[2mms[22m[39m
 [32m✓[39m src/pages/activationPasswordPolicy.test.ts [2m([22m[2m13 tests[22m[2m)[22m[32m 4[2mms[22m[39m
 [32m✓[39m src/types/gamificationProgression.test.ts [2m([22m[2m3 tests[22m[2m)[22m[32m 5[2mms[22m[39m
 [32m✓[39m src/components/DashBoard/UniversalDashboardLayout.themeComposition.test.ts [2m([22m[2m2 tests[22m[2m)[22m[32m 3[2mms[22m[39m
 [32m✓[39m src/components/Admin/ClientTrainerAssignments.structure.test.ts [2m([22m[2m2 tests[22m[2m)[22m[32m 5[2mms[22m[39m
 [32m✓[39m src/components/Shared/DashboardTeachMeGuide.adminSelfPlanner.test.ts [2m([22m[2m2 tests[22m[2m)[22m[32m 4[2mms[22m[39m
 [32m✓[39m src/context/ThemeContext/AppearanceStudio/colorwayFamilies.test.ts [2m([22m[2m5 tests[22m[2m)[22m[32m 5[2mms[22m[39m
 [32m✓[39m src/components/UniversalMasterSchedule/Config/SessionTypeManager.structure.test.ts [2m([22m[2m2 tests[22m[2m)[22m[32m 6[2mms[22m[39m
 [32m✓[39m src/components/UserDashboard/components/WorkoutsTabTransformers.test.ts [2m([22m[2m2 tests[22m[2m)[22m[32m 3[2mms[22m[39m
 [32m✓[39m src/components/UniversalMasterSchedule/components/ScheduleHeader.themeBridge.test.ts [2m([22m[2m2 tests[22m[2m)[22m[32m 4[2mms[22m[39m
 [32m✓[39m src/components/DashBoard/workspaces/ClientActivationQueuePanel.structure.test.ts [2m([22m[2m2 tests[22m[2m)[22m[32m 5[2mms[22m[39m
 [32m✓[39m src/components/DashBoard/progress-proof/LatestMovementDigest.test.tsx [2m([22m[2m3 tests[22m[2m)[22m[32m 95[2mms[22m[39m
 [32m✓[39m src/components/DashBoard/UniversalDashboardLayout.logWorkoutRedirect.test.ts [2m([22m[2m3 tests[22m[2m)[22m[32m 3[2mms[22m[39m
 [32m✓[39m src/components/WorkoutLogger/CompactProtocolSection.touchTarget.test.ts [2m([22m[2m3 tests[22m[2m)[22m[32m 3[2mms[22m[39m
 [32m✓[39m src/components/UniversalMasterSchedule/Cards/SessionCard.styleExtraction.test.ts [2m([22m[2m2 tests[22m[2m)[22m[32m 4[2mms[22m[39m
 [32m✓[39m src/components/UniversalMasterSchedule/Views/ViewSelector.themeBridge.test.ts [2m([22m[2m2 tests[22m[2m)[22m[32m 3[2mms[22m[39m
 [32m✓[39m src/components/DashBoard/Pages/admin-workout-planner/WorkoutPlannerPageLayout.extraction.test.ts [2m([22m[2m2 tests[22m[2m)[22m[32m 3[2mms[22m[39m
 [32m✓[39m src/components/CoachDock/BootcampCoachDockMount.voiceProposal.test.tsx [2m([22m[2m1 test[22m[2m)[22m[32m 147[2mms[22m[39m
 [32m✓[39m src/components/DashBoard/Pages/admin-workout-planner/WorkoutPlannerPage.styleExtraction.test.ts [2m([22m[2m2 tests[22m[2m)[22m[32m 4[2mms[22m[39m
 [32m✓[39m src/context/SocketContext.unsignedJwt.test.tsx [2m([22m[2m2 tests[22m[2m)[22m[32m 19[2mms[22m[39m
 [32m✓[39m src/components/DashBoard/Pages/trainer-dashboard/TrainerAssessmentsPage.clientIdentity.test.ts [2m([22m[2m2 tests[22m[2m)[22m[32m 3[2mms[22m[39m
 [32m✓[39m src/components/DashBoard/Pages/admin-workout-planner/WorkoutPlannerStatusAssistantStrip.extraction.test.ts [2m([22m[2m2 tests[22m[2m)[22m[32m 4[2mms[22m[39m
 [32m✓[39m src/components/DashBoard/Pages/coach-assistant/CoachActionProposalCard.profileCoverage.test.ts [2m([22m[2m1 test[22m[2m)[22m[32m 3[2mms[22m[39m
 [32m✓[39m src/components/DashBoard/Pages/coach-assistant/CoachCommandCenterRouteMount.test.ts [2m([22m[2m1 test[22m[2m)[22m[32m 3[2mms[22m[39m
 [32m✓[39m src/components/DashBoard/Pages/coach-assistant/CoachCommandCenter.commandTitle.test.ts [2m([22m[2m3 tests[22m[2m)[22m[32m 3[2mms[22m[39m
 [32m✓[39m src/components/WorkoutLogger/WorkoutLogger.submitGuard.test.ts [2m([22m[2m5 tests[22m[2m)[22m[32m 3[2mms[22m[39m
 [32m✓[39m src/components/Charts/charts/radar/NutritionBalanceRadar.test.tsx [2m([22m[2m4 tests[22m[2m)[22m[32m 3[2mms[22m[39m
 [32m✓[39m src/components/CoachIntentBar/intentBarConsumer.test.ts [2m([22m[2m3 tests[22m[2m)[22m[32m 4[2mms[22m[39m
 [32m✓[39m src/core/perf/PerformanceTierProvider.test.tsx [2m([22m[2m1 test[22m[2m)[22m[32m 17[2mms[22m[39m
 [32m✓[39m src/components/DashBoard/Pages/admin-sessions/AdminSessions.trainerAssignmentCardExtraction.test.ts [2m([22m[2m2 tests[22m[2m)[22m[32m 4[2mms[22m[39m
 [32m✓[39m src/components/DashBoard/AdminFeatureAccessNav.source.test.ts [2m([22m[2m3 tests[22m[2m)[22m[32m 3[2mms[22m[39m
 [32m✓[39m src/pages/shop/storePriceGating.contract.test.ts [2m([22m[2m4 tests[22m[2m)[22m[32m 3[2mms[22m[39m
 [32m✓[39m src/components/VariationEngine/VariationEnginePage.clientId.test.ts [2m([22m[2m3 tests[22m[2m)[22m[32m 3[2mms[22m[39m
 [32m✓[39m src/pages/shop/components/storeCatalog.test.ts [2m([22m[2m2 tests[22m[2m)[22m[32m 3[2mms[22m[39m
 [32m✓[39m src/components/DashBoard/Pages/admin-dashboard/AdminStellarSidebar.mobileNav.contract.test.ts [2m([22m[2m3 tests[22m[2m)[22m[32m 4[2mms[22m[39m
 [32m✓[39m src/components/WorkoutLogger/VoiceMemoUpload.contract.test.ts [2m([22m[2m3 tests[22m[2m)[22m[32m 3[2mms[22m[39m
 [32m✓[39m src/components/EquipmentManager/equipmentScanInputs.test.ts [2m([22m[2m3 tests[22m[2m)[22m[32m 5[2mms[22m[39m
 [32m✓[39m src/components/WorkoutLogger/SessionSummaryForm.styleExtraction.test.ts [2m([22m[2m2 tests[22m[2m)[22m[32m 4[2mms[22m[39m
 [32m✓[39m src/components/DashBoard/Pages/admin-clients/components/WorkoutHistoryExerciseTable.test.ts [2m([22m[2m1 test[22m[2m)[22m[32m 3[2mms[22m[39m
 [32m✓[39m src/pages/FoodScanner/FoodScannerPage.safeErrors.test.ts [2m([22m[2m2 tests[22m[2m)[22m[32m 3[2mms[22m[39m
 [32m✓[39m src/components/UniversalMasterSchedule/Conflicts/ConflictPanel.themeBridge.test.ts [2m([22m[2m3 tests[22m[2m)[22m[32m 3[2mms[22m[39m
 [32m✓[39m src/components/DashBoard/Pages/admin-clients/components/WorkoutHistoryPanel.styles.test.ts [2m([22m[2m1 test[22m[2m)[22m[32m 3[2mms[22m[39m
 [32m✓[39m src/components/DashBoard/Pages/admin-workout-planner/plannerLogic/resolveNbaPresentation.test.ts [2m([22m[2m8 tests[22m[2m)[22m[32m 4[2mms[22m[39m
 [32m✓[39m src/components/DashBoard/Pages/coach-assistant/hooks/useTranscriptIntake.types.test.ts [2m([22m[2m2 tests[22m[2m)[22m[32m 3[2mms[22m[39m
 [32m✓[39m src/components/DashBoard/progress-proof/ProofFacetRail.test.tsx [2m([22m[2m3 tests[22m[2m)[22m[32m 114[2mms[22m[39m
 [32m✓[39m src/components/DashBoard/Pages/admin-workout-planner/plannerLogic/scrubPlanTemplate.test.ts [2m([22m[2m2 tests[22m[2m)[22m[32m 4[2mms[22m[39m
 [32m✓[39m src/components/DashBoard/Pages/coach-assistant/VoiceRecordingOverlay.styleExtraction.test.ts [2m([22m[2m3 tests[22m[2m)[22m[32m 3[2mms[22m[39m
 [32m✓[39m src/components/DashBoard/Pages/coach-assistant/utils/parsedWorkoutToLogPayload.types.test.ts [2m([22m[2m2 tests[22m[2m)[22m[32m 3[2mms[22m[39m
 [32m✓[39m src/components/WorkoutLogger/ExerciseMediaPreview.test.tsx [2m([22m[2m2 tests[22m[2m)[22m[32m 48[2mms[22m[39m
 [32m✓[39m src/components/DashBoard/UniversalDashboardLayout.clientSourceRoute.test.ts [2m([22m[2m3 tests[22m[2m)[22m[32m 3[2mms[22m[39m
 [32m✓[39m src/components/WorkoutLogger/useWorkoutDraft.restEndsAt.test.ts [2m([22m[2m3 tests[22m[2m)[22m[32m 3[2mms[22m[39m
 [32m✓[39m src/components/DashBoard/workspaces/NutritionLearnTab.test.tsx [2m([22m[2m2 tests[22m[2m)[22m[33m 523[2mms[22m[39m
     [33m[2m✓[22m[39m keeps education copy care-first without deficiency or deficit framing [33m 305[2mms[22m[39m
 [32m✓[39m src/components/NewCheckout/CheckoutView.themeContract.test.ts [2m([22m[2m2 tests[22m[2m)[22m[32m 3[2mms[22m[39m
 [32m✓[39m src/components/UserDashboard/components/swanCoachDashboardRoute.test.ts [2m([22m[2m18 tests[22m[2m)[22m[32m 4[2mms[22m[39m
 [32m✓[39m src/components/DashBoard/Pages/admin-client-progress/admin-client-progress-view.V2.themeBridge.test.ts [2m([22m[2m2 tests[22m[2m)[22m[32m 4[2mms[22m[39m
 [32m✓[39m src/components/UserDashboard/backgrounds/UserDashboardBackgroundControlsDisclosure.test.tsx [2m([22m[2m1 test[22m[2m)[22m[33m 811[2mms[22m[39m
     [33m[2m✓[22m[39m keeps the recipe grid closed until the background picker button is opened [33m 808[2mms[22m[39m
 [32m✓[39m src/components/WorkoutLogger/SessionSummaryForm.deductionLabel.test.tsx [2m([22m[2m4 tests[22m[2m)[22m[32m 99[2mms[22m[39m
 [32m✓[39m src/components/DashBoard/Pages/admin-dashboard/components/stateTruthResiduals.test.ts [2m([22m[2m2 tests[22m[2m)[22m[32m 3[2mms[22m[39m
 [32m✓[39m src/components/Shared/DashboardTeachMeGuide.trainerOverview.test.ts [2m([22m[2m1 test[22m[2m)[22m[32m 4[2mms[22m[39m
 [32m✓[39m src/components/WorkoutLogger/WorkoutLogger.challengeReceiptSource.test.ts [2m([22m[2m2 tests[22m[2m)[22m[32m 3[2mms[22m[39m
 [32m✓[39m src/components/FoodTracker/FoodTrackerSafeErrors.truth.test.ts [2m([22m[2m1 test[22m[2m)[22m[32m 4[2mms[22m[39m
 [32m✓[39m src/hooks/analytics/useClientProgressCharts.fetch.test.tsx [2m([22m[2m1 test[22m[2m)[22m[32m 22[2mms[22m[39m
 [32m✓[39m src/core/style-lens-os/StyleLensIntegration.contract.test.ts [2m([22m[2m3 tests[22m[2m)[22m[32m 4[2mms[22m[39m
 [32m✓[39m src/components/Home/PremiumServicesSection.test.tsx [2m([22m[2m5 tests[22m[2m)[22m[32m 279[2mms[22m[39m
 [32m✓[39m src/pages/checkout/CheckoutCancel.themeContract.test.ts [2m([22m[2m3 tests[22m[2m)[22m[32m 4[2mms[22m[39m
 [32m✓[39m src/utils/workoutPlanHorizonTokens.test.ts [2m([22m[2m3 tests[22m[2m)[22m[32m 4[2mms[22m[39m
 [32m✓[39m src/components/UniversalMasterSchedule/components/BookingDrawer.themeBridge.test.ts [2m([22m[2m1 test[22m[2m)[22m[32m 2[2mms[22m[39m
 [32m✓[39m src/components/DashBoard/Pages/admin-support/OwnerSupportInboxRoute.contract.test.ts [2m([22m[2m2 tests[22m[2m)[22m[32m 4[2mms[22m[39m
 [32m✓[39m src/components/UniversalMasterSchedule/Views/WeekView.clientSourcePolicy.test.tsx [2m([22m[2m2 tests[22m[2m)[22m[32m 193[2mms[22m[39m
 [32m✓[39m src/components/Social/Messaging/MessageThread.safeError.test.tsx [2m([22m[2m1 test[22m[2m)[22m[32m 240[2mms[22m[39m
 [32m✓[39m src/hooks/useBackendConnection.healthPath.source.test.ts [2m([22m[2m2 tests[22m[2m)[22m[32m 3[2mms[22m[39m
 [32m✓[39m src/components/WorkoutLogger/QuickLogMode.touchTarget.test.ts [2m([22m[2m3 tests[22m[2m)[22m[32m 3[2mms[22m[39m
 [32m✓[39m src/components/DashBoard/Pages/admin-sessions/AdminSessions.exportExtraction.test.ts [2m([22m[2m2 tests[22m[2m)[22m[32m 3[2mms[22m[39m
 [32m✓[39m src/components/WorkoutManagement/WorkoutManagementThemeBridge.contract.test.ts [2m([22m[2m1 test[22m[2m)[22m[32m 4[2mms[22m[39m
 [32m✓[39m src/components/DashBoard/Pages/admin-clients/components/WorkoutHistorySessionFooter.test.ts [2m([22m[2m1 test[22m[2m)[22m[32m 3[2mms[22m[39m
 [32m✓[39m src/components/DashBoard/Pages/admin-clients/components/WorkoutHistoryPersonalRecordsTab.test.ts [2m([22m[2m1 test[22m[2m)[22m[32m 3[2mms[22m[39m
 [32m✓[39m src/components/DashBoard/Pages/admin-client-progress/admin-client-progress-view.V2.clientId.test.ts [2m([22m[2m2 tests[22m[2m)[22m[32m 4[2mms[22m[39m
 [32m✓[39m src/components/DashBoard/Pages/admin-dashboard/MeasurementEntryController.test.ts [2m([22m[2m1 test[22m[2m)[22m[32m 3[2mms[22m[39m
 [32m✓[39m src/components/DashBoard/Pages/admin-packages/admin-packages-view.styleExtraction.test.ts [2m([22m[2m2 tests[22m[2m)[22m[32m 5[2mms[22m[39m
[90mstdout[2m | src/components/Charts/charts/live/RecoverySignalBars.sanitizer.test.ts
[22m[39m[API] Production mode: false
[API] Base URL: http://localhost:10000

 [32m✓[39m src/components/Charts/charts/live/RecoverySignalBars.sanitizer.test.ts [2m([22m[2m2 tests[22m[2m)[22m[32m 3[2mms[22m[39m
 [32m✓[39m src/components/AvatarHome/readyPlayerMeUrl.test.ts [2m([22m[2m3 tests[22m[2m)[22m[32m 3[2mms[22m[39m
 [32m✓[39m src/components/UserDashboard/components/HomeTabTrendingPanel.test.tsx [2m([22m[2m2 tests[22m[2m)[22m[32m 179[2mms[22m[39m
 [32m✓[39m src/components/DashBoard/Pages/admin-clients/components/WorkoutHistoryExerciseLedgerTab.test.ts [2m([22m[2m1 test[22m[2m)[22m[32m 3[2mms[22m[39m
 [32m✓[39m src/components/ui/buttons/GlowButton.lensTone.test.tsx [2m([22m[2m4 tests[22m[2m)[22m[32m 233[2mms[22m[39m
 [32m✓[39m src/components/BootcampBuilder/ExerciseRolodexPanel.layout.test.ts [2m([22m[2m2 tests[22m[2m)[22m[32m 3[2mms[22m[39m
 [32m✓[39m src/components/UniversalMasterSchedule/UniversalMasterSchedule.adminBookingContract.test.ts [2m([22m[2m1 test[22m[2m)[22m[32m 2[2mms[22m[39m
 [32m✓[39m src/components/UniversalMasterSchedule/Config/SessionTypeManager.logic.test.ts [2m([22m[2m6 tests[22m[2m)[22m[32m 3[2mms[22m[39m
 [32m✓[39m src/components/ui/StyledBox.test.tsx [2m([22m[2m3 tests[22m[2m)[22m[32m 113[2mms[22m[39m
 [32m✓[39m src/components/UniversalMasterSchedule/Views/WeekView.keyboardActivation.test.tsx [2m([22m[2m1 test[22m[2m)[22m[33m 448[2mms[22m[39m
     [33m[2m✓[22m[39m activates day headers, empty slots, and session cards from the keyboard [33m 445[2mms[22m[39m
 [32m✓[39m src/utils/progressProofStatusText.test.ts [2m([22m[2m2 tests[22m[2m)[22m[32m 3[2mms[22m[39m
 [32m✓[39m src/components/BootcampBuilder/useBootcampSlotActions.test.tsx [2m([22m[2m1 test[22m[2m)[22m[32m 14[2mms[22m[39m
 [32m✓[39m src/components/UserDashboard/components/CreativeGalleryModal.test.tsx [2m([22m[2m2 tests[22m[2m)[22m[32m 139[2mms[22m[39m
 [32m✓[39m src/pages/shop/components/SpecialBadge.test.tsx [2m([22m[2m4 tests[22m[2m)[22m[32m 96[2mms[22m[39m
 [32m✓[39m src/components/UniversalMasterSchedule/components/ScheduleModals.themeBridge.test.ts [2m([22m[2m1 test[22m[2m)[22m[32m 2[2mms[22m[39m
 [32m✓[39m src/pages/support/SupportErrorBoundary.contract.test.ts [2m([22m[2m2 tests[22m[2m)[22m[32m 3[2mms[22m[39m
 [32m✓[39m src/components/DashBoard/workspaces/ClientsWorkspace.lineCap.test.ts [2m([22m[2m3 tests[22m[2m)[22m[32m 4[2mms[22m[39m
 [32m✓[39m src/components/Shared/AICommandBar.retirement.test.ts [2m([22m[2m1 test[22m[2m)[22m[32m 5[2mms[22m[39m
 [32m✓[39m src/hooks/menuStateBoundary.contract.test.ts [2m([22m[2m2 tests[22m[2m)[22m[32m 5[2mms[22m[39m
 [32m✓[39m src/components/Shared/DashboardTeachMeGuide.adminClientHub.test.ts [2m([22m[2m1 test[22m[2m)[22m[32m 3[2mms[22m[39m
 [32m✓[39m src/components/DashBoard/Pages/trainer-gamification/hooks/useTrainerGamification.realData.test.ts [2m([22m[2m3 tests[22m[2m)[22m[32m 5[2mms[22m[39m
 [32m✓[39m src/components/DashBoard/Pages/admin-clients/components/WorkoutHistoryPanel.truth.test.ts [2m([22m[2m2 tests[22m[2m)[22m[32m 3[2mms[22m[39m
 [32m✓[39m src/components/DashBoard/shared/client-training/todayTrainingFeatureFlag.test.ts [2m([22m[2m2 tests[22m[2m)[22m[32m 3[2mms[22m[39m
 [32m✓[39m src/components/BootcampBuilder/bootcampRunAcquisition.test.ts [2m([22m[2m2 tests[22m[2m)[22m[32m 5[2mms[22m[39m
 [32m✓[39m src/components/Admin/ClientTrainerAssignments.clientSourcePolicy.test.ts [2m([22m[2m1 test[22m[2m)[22m[32m 3[2mms[22m[39m
 [32m✓[39m src/hooks/useSocket.test.ts [2m([22m[2m3 tests[22m[2m)[22m[32m 3[2mms[22m[39m
 [32m✓[39m src/components/UniversalMasterSchedule/components/ScheduleStats.clientSourcePolicy.test.ts [2m([22m[2m2 tests[22m[2m)[22m[32m 3[2mms[22m[39m
 [32m✓[39m src/components/TrainerDashboard/ClientManagement/MyClientsView.logicExtraction.test.ts [2m([22m[2m2 tests[22m[2m)[22m[32m 4[2mms[22m[39m
 [32m✓[39m src/services/universal-master-schedule-session-response.test.ts [2m([22m[2m4 tests[22m[2m)[22m[32m 4[2mms[22m[39m
 [32m✓[39m src/components/Shop/ProductDetail.imageSanitize.contract.test.tsx [2m([22m[2m3 tests[22m[2m)[22m[32m 3[2mms[22m[39m
 [32m✓[39m src/services/universal-master-schedule-ai-service.test.ts [2m([22m[2m1 test[22m[2m)[22m[32m 4[2mms[22m[39m
 [32m✓[39m src/components/DashBoard/workspaces/ClientsWorkspace.onboardingWorkbench.test.tsx [2m([22m[2m1 test[22m[2m)[22m[32m 3[2mms[22m[39m
 [32m✓[39m src/components/Shared/DashboardTeachMeGuide.adminTrainerEnablement.test.ts [2m([22m[2m1 test[22m[2m)[22m[32m 4[2mms[22m[39m
 [32m✓[39m src/pages/launchAuditRegressions.contract.test.ts [2m([22m[2m2 tests[22m[2m)[22m[32m 5[2mms[22m[39m
 [32m✓[39m src/components/DashBoard/Pages/admin-gamification/components/AchievementManager.test.tsx [2m([22m[2m1 test[22m[2m)[22m[33m 447[2mms[22m[39m
     [33m[2m✓[22m[39m saves edited achievement drafts through the existing update callback contract [33m 445[2mms[22m[39m
[90mstdout[2m | src/hooks/useBackendConnection.recovery.test.tsx[2m > [22m[2museBackendConnection unavailable recovery[2m > [22m[2mautomatically reconnects after the API recovers from an unavailable state
[22m[39mAttempting initial connection to: https://sswanstudios.test
Attempting reconnection, current retry count: 0/1
Checking backend health at: https://sswanstudios.test/api/health

[90mstderr[2m | src/hooks/useBackendConnection.recovery.test.tsx[2m > [22m[2museBackendConnection unavailable recovery[2m > [22m[2mautomatically reconnects after the API recovers from an unavailable state
[22m[39m❌ Backend health check failed: API request failed

[90mstdout[2m | src/hooks/useBackendConnection.recovery.test.tsx[2m > [22m[2museBackendConnection unavailable recovery[2m > [22m[2mautomatically reconnects after the API recovers from an unavailable state
[22m[39m❌ Health check failed, incrementing retry count to 1/1
🛑 Max retries reached after increment, marking backend unavailable

[90mstdout[2m | src/hooks/useBackendConnection.recovery.test.tsx[2m > [22m[2museBackendConnection unavailable recovery[2m > [22m[2mautomatically reconnects after the API recovers from an unavailable state
[22m[39mChecking backend health at: https://sswanstudios.test/api/health

[90mstdout[2m | src/hooks/useBackendConnection.recovery.test.tsx[2m > [22m[2museBackendConnection unavailable recovery[2m > [22m[2mautomatically reconnects after the API recovers from an unavailable state
[22m[39m✅ Backend health check SUCCESS - server is running

 [32m✓[39m src/hooks/useBackendConnection.recovery.test.tsx [2m([22m[2m1 test[22m[2m)[22m[32m 29[2mms[22m[39m
 [32m✓[39m src/components/Shared/ShareToFeedModal.payload.test.ts [2m([22m[2m2 tests[22m[2m)[22m[32m 4[2mms[22m[39m
 [32m✓[39m src/pages/shop/StoreV3.pricingTrust.contract.test.tsx [2m([22m[2m2 tests[22m[2m)[22m[32m 3[2mms[22m[39m
 [32m✓[39m src/components/DashBoard/Pages/admin-clients/components/CopilotGeneratingState.test.ts [2m([22m[2m1 test[22m[2m)[22m[32m 3[2mms[22m[39m
 [32m✓[39m src/components/DashBoard/Pages/admin-clients/components/WorkoutHistorySessionCard.test.ts [2m([22m[2m1 test[22m[2m)[22m[32m 4[2mms[22m[39m
 [32m✓[39m src/components/UserDashboard/components/ClientDashboardHome.communityMedia.test.tsx [2m([22m[2m1 test[22m[2m)[22m[33m 325[2mms[22m[39m
     [33m[2m✓[22m[39m opens the latest post image in a full-image dialog [33m 323[2mms[22m[39m
 [32m✓[39m src/components/DashBoard/workspaces/clients-team/MasterDetailCardStyles.touchTarget.test.ts [2m([22m[2m2 tests[22m[2m)[22m[32m 3[2mms[22m[39m
 [32m✓[39m src/components/WorkoutLogger/WorkoutLogger.cancelConfirmationContract.test.ts [2m([22m[2m3 tests[22m[2m)[22m[32m 3[2mms[22m[39m
 [32m✓[39m src/components/DashBoard/workspaces/ClientsWorkspace.intentMode.test.tsx [2m([22m[2m1 test[22m[2m)[22m[33m 1649[2mms[22m[39m
     [33m[2m✓[22m[39m makes the admin log-workout intent visible before the client pick [33m 1646[2mms[22m[39m
[90mstdout[2m | src/services/sessionService.test.ts
[22m[39m[API] Production mode: false
[API] Base URL: http://localhost:10000

 [32m✓[39m src/services/sessionService.test.ts [2m([22m[2m2 tests[22m[2m)[22m[32m 3[2mms[22m[39m
 [32m✓[39m src/components/Admin/AutomationManager.confirmationContract.test.ts [2m([22m[2m2 tests[22m[2m)[22m[32m 4[2mms[22m[39m
 [32m✓[39m src/routes/emergencyAdminGate.contract.test.ts [2m([22m[2m2 tests[22m[2m)[22m[32m 3[2mms[22m[39m
 [32m✓[39m src/components/Shared/DashboardTeachMeGuide.adminRouteRefiners.structure.test.ts [2m([22m[2m1 test[22m[2m)[22m[32m 3[2mms[22m[39m
 [32m✓[39m src/components/DashBoard/Pages/admin-clients/components/longHorizonErrors.test.ts [2m([22m[2m2 tests[22m[2m)[22m[32m 4[2mms[22m[39m
 [32m✓[39m src/components/ClientProgressCharts/ShareChartModal.payload.test.ts [2m([22m[2m2 tests[22m[2m)[22m[32m 5[2mms[22m[39m
 [32m✓[39m src/utils/apiConnectivityFixer.contract.test.ts [2m([22m[2m2 tests[22m[2m)[22m[32m 4[2mms[22m[39m
 [32m✓[39m src/components/UniversalMasterSchedule/components/ClientTimeline.themeBridge.test.ts [2m([22m[2m1 test[22m[2m)[22m[32m 3[2mms[22m[39m
 [32m✓[39m src/components/BootcampBuilder/ExerciseRolodexPanel.composition.test.ts [2m([22m[2m2 tests[22m[2m)[22m[32m 4[2mms[22m[39m
 [32m✓[39m src/components/DashBoard/Pages/client-dashboard/observatory/ClientObservatoryHero.coachAction.test.ts [2m([22m[2m2 tests[22m[2m)[22m[32m 4[2mms[22m[39m
 [32m✓[39m src/components/DashBoard/Pages/admin-clients/components/CopilotIdleState.test.tsx [2m([22m[2m2 tests[22m[2m)[22m[32m 186[2mms[22m[39m
 [32m✓[39m src/pages/postPasswordChangeRoute.test.ts [2m([22m[2m2 tests[22m[2m)[22m[32m 3[2mms[22m[39m
 [32m✓[39m src/components/Shared/DashboardTeachMeGuide.adminPeopleRoutes.test.ts [2m([22m[2m1 test[22m[2m)[22m[32m 5[2mms[22m[39m
 [32m✓[39m src/components/TrainerDashboard/ClientManagement/MyClientsView.dataHookExtraction.test.ts [2m([22m[2m2 tests[22m[2m)[22m[32m 4[2mms[22m[39m
 [32m✓[39m src/components/DashBoard/workspaces/clients-team/useClientAccountLifecycle.confirmationContract.test.ts [2m([22m[2m1 test[22m[2m)[22m[32m 4[2mms[22m[39m
 [32m✓[39m src/components/Admin/PhotoManager.confirmationContract.test.ts [2m([22m[2m2 tests[22m[2m)[22m[32m 4[2mms[22m[39m
 [32m✓[39m src/components/DashBoard/Pages/admin-clients/components/WorkoutHistoryPanel.layoutStyles.test.ts [2m([22m[2m1 test[22m[2m)[22m[32m 2[2mms[22m[39m
 [32m✓[39m src/components/DashBoard/Pages/admin-clients/components/useWorkoutHistoryEditor.test.ts [2m([22m[2m1 test[22m[2m)[22m[32m 3[2mms[22m[39m
 [32m✓[39m src/components/DashBoard/Pages/client-dashboard/observatory/ClientObservatoryProgressCube.source.test.ts [2m([22m[2m2 tests[22m[2m)[22m[32m 3[2mms[22m[39m
 [32m✓[39m src/components/DashBoard/workspaces/clients-team/tabs/WorkoutHistoryTimeline.circuitContract.test.tsx [2m([22m[2m1 test[22m[2m)[22m[32m 4[2mms[22m[39m
 [32m✓[39m src/components/DashBoard/workspaces/clients-team/ClientDetailView.themeBridge.test.ts [2m([22m[2m1 test[22m[2m)[22m[32m 3[2mms[22m[39m
 [32m✓[39m src/components/DashBoard/shared/plan-pdf/workoutPlanPdfUrl.test.ts [2m([22m[2m1 test[22m[2m)[22m[32m 3[2mms[22m[39m
 [32m✓[39m src/components/DashBoard/Pages/coach-assistant/SwanCoachAssistantPage.teachPrompt.test.tsx [2m([22m[2m1 test[22m[2m)[22m[32m 4[2mms[22m[39m
 [32m✓[39m src/components/DashBoard/Pages/admin-clients/components/WorkoutHistoryPanelHeader.test.ts [2m([22m[2m1 test[22m[2m)[22m[32m 3[2mms[22m[39m
 [32m✓[39m src/components/DashBoard/Pages/admin-dashboard/overview/AdminOverviewAssistantPrompts.config.test.ts [2m([22m[2m2 tests[22m[2m)[22m[32m 4[2mms[22m[39m
 [32m✓[39m src/components/DashBoard/workspaces/clients-team/ClientDetailView.responsiveTabs.test.ts [2m([22m[2m2 tests[22m[2m)[22m[32m 3[2mms[22m[39m
 [32m✓[39m src/components/DashBoard/Pages/coach-assistant/coachRecentClients.test.ts [2m([22m[2m2 tests[22m[2m)[22m[32m 3[2mms[22m[39m
 [32m✓[39m src/components/DashBoard/workspaces/security/SecurityScoreCard.truth.test.ts [2m([22m[2m1 test[22m[2m)[22m[32m 3[2mms[22m[39m
 [32m✓[39m src/pages/HomePage/components/sections/trainerRecruitmentLinks.contract.test.ts [2m([22m[2m2 tests[22m[2m)[22m[32m 2[2mms[22m[39m
 [32m✓[39m src/components/DashBoard/workspaces/security/VulnerabilityScannerPanel.truth.test.ts [2m([22m[2m1 test[22m[2m)[22m[32m 3[2mms[22m[39m
 [32m✓[39m src/components/WorkoutLogger/runner/shell/zones/ContextOverflow.test.tsx [2m([22m[2m1 test[22m[2m)[22m[32m 180[2mms[22m[39m
 [32m✓[39m src/components/DashBoard/Pages/admin-clients/components/LongHorizonWorkflowExtraction.test.ts [2m([22m[2m1 test[22m[2m)[22m[32m 3[2mms[22m[39m
 [32m✓[39m src/components/DashBoard/Pages/admin-workout-planner/plannerLogic/plannerSelectors.test.ts [2m([22m[2m2 tests[22m[2m)[22m[32m 3[2mms[22m[39m
 [32m✓[39m src/components/DashBoard/Pages/admin-clients/components/CopilotDraftReviewStyles.test.ts [2m([22m[2m1 test[22m[2m)[22m[32m 3[2mms[22m[39m
 [32m✓[39m src/components/DashBoard/Pages/admin-clients/components/CopilotPanelContent.test.ts [2m([22m[2m1 test[22m[2m)[22m[32m 3[2mms[22m[39m
 [32m✓[39m src/components/DashBoard/workspaces/clients-team/tabs/ProgressTabContent.clientId.test.tsx [2m([22m[2m1 test[22m[2m)[22m[32m 111[2mms[22m[39m
 [32m✓[39m src/components/DashBoard/workspaces/clients-team/clientSourceDisplay.test.ts [2m([22m[2m1 test[22m[2m)[22m[32m 2[2mms[22m[39m
 [32m✓[39m src/components/DashBoard/Pages/admin-clients/components/LongHorizonContentStyles.test.ts [2m([22m[2m1 test[22m[2m)[22m[32m 2[2mms[22m[39m
 [32m✓[39m src/components/DashBoard/Pages/admin-clients/components/workoutHistoryFormatters.test.ts [2m([22m[2m3 tests[22m[2m)[22m[32m 20[2mms[22m[39m
 [32m✓[39m src/components/DashBoard/workspaces/clients-team/MasterDetailStyles.lineCap.test.ts [2m([22m[2m1 test[22m[2m)[22m[32m 3[2mms[22m[39m
 [32m✓[39m src/components/UserDashboard/components/SwanCoachActionLauncher.test.tsx [2m([22m[2m1 test[22m[2m)[22m[33m 1091[2mms[22m[39m
     [33m[2m✓[22m[39m carries typed drafts into the personal Coach composer without putting the draft in the URL [33m 1088[2mms[22m[39m
 [32m✓[39m src/components/DashBoard/Pages/admin-dashboard/overview/AdminSystemHealthPanel.truth.test.tsx [2m([22m[2m2 tests[22m[2m)[22m[32m 146[2mms[22m[39m
 [32m✓[39m src/components/DashBoard/Pages/coach-assistant/styles/CoachMarkdownStyles.touchTarget.test.ts [2m([22m[2m1 test[22m[2m)[22m[32m 3[2mms[22m[39m
 [32m✓[39m src/components/DashBoard/Pages/coach-assistant/useCoachSessionDraft.test.ts [2m([22m[2m1 test[22m[2m)[22m[32m 2[2mms[22m[39m
 [32m✓[39m src/components/Admin/NotesManager.confirmationContract.test.ts [2m([22m[2m2 tests[22m[2m)[22m[32m 4[2mms[22m[39m
 [32m✓[39m src/components/DashBoard/Pages/coach-assistant/coachPresenceState.test.ts [2m([22m[2m2 tests[22m[2m)[22m[32m 3[2mms[22m[39m
 [32m✓[39m src/components/UniversalMasterSchedule/Views/WeekView.styleExtraction.test.ts [2m([22m[2m1 test[22m[2m)[22m[32m 3[2mms[22m[39m
 [32m✓[39m src/components/ui/ErrorBoundary.retryContract.test.ts [2m([22m[2m1 test[22m[2m)[22m[32m 3[2mms[22m[39m
 [32m✓[39m src/components/UniversalMasterSchedule/Views/DayViewStacked.themeBridge.test.ts [2m([22m[2m1 test[22m[2m)[22m[32m 3[2mms[22m[39m
 [32m✓[39m src/components/video/VideoPlayer.retryContract.test.ts [2m([22m[2m1 test[22m[2m)[22m[32m 3[2mms[22m[39m
 [32m✓[39m src/components/BootcampBuilder/BootcampEquipmentProfileFilter.test.ts [2m([22m[2m2 tests[22m[2m)[22m[32m 3[2mms[22m[39m
 [32m✓[39m src/components/UniversalMasterSchedule/SessionAllocationManager.liveData.test.ts [2m([22m[2m2 tests[22m[2m)[22m[32m 3[2mms[22m[39m
 [32m✓[39m src/components/DashBoard/Pages/admin-dashboard/MeasurementEntryChartStyles.test.ts [2m([22m[2m1 test[22m[2m)[22m[32m 3[2mms[22m[39m
 [32m✓[39m src/components/DashBoard/Pages/admin-gamification/useAdminGamificationController.confirmationContract.test.ts [2m([22m[2m1 test[22m[2m)[22m[32m 3[2mms[22m[39m
 [32m✓[39m src/components/UniversalMasterSchedule/Views/DayView.themeBridge.test.ts [2m([22m[2m1 test[22m[2m)[22m[32m 3[2mms[22m[39m
 [32m✓[39m src/components/UniversalMasterSchedule/ui/CustomSelect.themeBridge.test.ts [2m([22m[2m1 test[22m[2m)[22m[32m 3[2mms[22m[39m
 [32m✓[39m src/components/DashBoard/Pages/admin-workout-planner/WorkoutPlannerRolodexPanel.extraction.test.ts [2m([22m[2m1 test[22m[2m)[22m[32m 2[2mms[22m[39m
 [32m✓[39m src/pages/OptimizedSignupModal.clientSource.test.ts [2m([22m[2m3 tests[22m[2m)[22m[32m 3[2mms[22m[39m
 [32m✓[39m src/components/DashBoard/Pages/admin-dashboard/MeasurementEntryModalStyles.test.ts [2m([22m[2m1 test[22m[2m)[22m[32m 3[2mms[22m[39m
 [32m✓[39m src/components/TrainerDashboard/ClientManagement/MyClientsView.clientIdentity.test.ts [2m([22m[2m2 tests[22m[2m)[22m[32m 3[2mms[22m[39m
 [32m✓[39m src/components/WorkoutLogger/LoggerDictationStrip.l4.test.tsx [2m([22m[2m2 tests[22m[2m)[22m[32m 169[2mms[22m[39m
 [32m✓[39m src/components/DashBoard/Pages/admin-workout-planner/WorkoutPlannerSavedPlansSection.extraction.test.ts [2m([22m[2m1 test[22m[2m)[22m[32m 3[2mms[22m[39m
 [32m✓[39m src/components/UniversalMasterSchedule/ui/StyledCard.themeBridge.test.ts [2m([22m[2m1 test[22m[2m)[22m[32m 3[2mms[22m[39m
 [32m✓[39m src/utils/pageViewTrackerRules.test.ts [2m([22m[2m3 tests[22m[2m)[22m[32m 3[2mms[22m[39m
 [32m✓[39m src/components/DashBoard/Pages/admin-waivers/AdminWaiversManager.confirmationContract.test.ts [2m([22m[2m2 tests[22m[2m)[22m[32m 3[2mms[22m[39m
 [32m✓[39m src/components/Shared/DashboardTeachMeGuide.adminSpecialRoutes.test.ts [2m([22m[2m1 test[22m[2m)[22m[32m 4[2mms[22m[39m
 [32m✓[39m src/components/Schedule/ScheduleErrorBoundary.retryContract.test.ts [2m([22m[2m1 test[22m[2m)[22m[32m 3[2mms[22m[39m
 [32m✓[39m src/components/UserDashboard/UserDashboardHomeSpacing.contract.test.ts [2m([22m[2m1 test[22m[2m)[22m[32m 3[2mms[22m[39m
 [32m✓[39m src/components/DashBoard/LaunchControlPolicy.contract.test.ts [2m([22m[2m2 tests[22m[2m)[22m[32m 3[2mms[22m[39m
 [32m✓[39m src/components/DashBoard/UniversalDashboardLayout.clientDetailsRedirect.test.ts [2m([22m[2m1 test[22m[2m)[22m[32m 2[2mms[22m[39m
 [32m✓[39m src/components/DashBoard/Pages/admin-dashboard/MeasurementEntryExtraction.test.ts [2m([22m[2m1 test[22m[2m)[22m[32m 2[2mms[22m[39m
 [32m✓[39m src/components/DashBoard/Pages/admin-dashboard/MeasurementEntryChangeUtils.test.ts [2m([22m[2m4 tests[22m[2m)[22m[32m 4[2mms[22m[39m
 [32m✓[39m src/components/DashBoard/Pages/coach-assistant/CoachCommandCenterAudienceAndDraftTruth.test.ts [2m([22m[2m2 tests[22m[2m)[22m[32m 3[2mms[22m[39m
 [32m✓[39m src/components/UniversalMasterSchedule/ui/CustomModal.themeBridge.test.ts [2m([22m[2m1 test[22m[2m)[22m[32m 3[2mms[22m[39m
 [32m✓[39m src/pages/ForgotPasswordModal.contract.test.ts [2m([22m[2m2 tests[22m[2m)[22m[32m 3[2mms[22m[39m
 [32m✓[39m src/components/UserDashboard/components/HomeDashboardSearchPanel.test.tsx [2m([22m[2m1 test[22m[2m)[22m[32m 220[2mms[22m[39m
 [32m✓[39m src/components/Social/Feed/TrendingHashtags.test.tsx [2m([22m[2m2 tests[22m[2m)[22m[32m 75[2mms[22m[39m
 [32m✓[39m src/components/UniversalMasterSchedule/hooks/useCalendarData.realtimeContract.test.ts [2m([22m[2m1 test[22m[2m)[22m[32m 3[2mms[22m[39m
 [32m✓[39m src/config/previewFlags.test.ts [2m([22m[2m8 tests[22m[2m)[22m[32m 11[2mms[22m[39m
 [32m✓[39m src/hooks/coachInputOrigin.test.ts [2m([22m[2m5 tests[22m[2m)[22m[32m 3[2mms[22m[39m
 [32m✓[39m src/components/UniversalMasterSchedule/RecurringSessionModal.logic.test.ts [2m([22m[2m2 tests[22m[2m)[22m[32m 3[2mms[22m[39m
 [32m✓[39m src/routes/protected-route.retryContract.test.ts [2m([22m[2m1 test[22m[2m)[22m[32m 3[2mms[22m[39m
 [32m✓[39m src/components/UniversalMasterSchedule/ui/SearchableSelect.themeBridge.test.ts [2m([22m[2m1 test[22m[2m)[22m[32m 3[2mms[22m[39m
 [32m✓[39m src/services/mcp/workoutMcpService.recommendations.test.ts [2m([22m[2m1 test[22m[2m)[22m[32m 5[2mms[22m[39m
 [32m✓[39m src/components/DashBoard/workspaces/NutritionTodayPanel.trainingDay.test.ts [2m([22m[2m3 tests[22m[2m)[22m[32m 3[2mms[22m[39m
 [32m✓[39m src/components/UserDashboard/components/CommunityTab.test.tsx [2m([22m[2m3 tests[22m[2m)[22m[32m 280[2mms[22m[39m
 [32m✓[39m src/components/UniversalMasterSchedule/ui/Typography.themeBridge.test.ts [2m([22m[2m1 test[22m[2m)[22m[32m 4[2mms[22m[39m
 [32m✓[39m src/components/UniversalMasterSchedule/ui/StyledButton.themeBridge.test.ts [2m([22m[2m1 test[22m[2m)[22m[32m 3[2mms[22m[39m
 [32m✓[39m src/components/UserDashboard/components/HomeTrainingCommandStrip.mount.test.ts [2m([22m[2m2 tests[22m[2m)[22m[32m 3[2mms[22m[39m
 [32m✓[39m src/components/WorkoutLogger/handoff/usePostSaveHandoffFlag.test.ts [2m([22m[2m5 tests[22m[2m)[22m[32m 3[2mms[22m[39m
 [32m✓[39m src/services/gamificationRewardsService.test.ts [2m([22m[2m1 test[22m[2m)[22m[32m 4[2mms[22m[39m
 [32m✓[39m src/components/UniversalMasterSchedule/Views/WeekView.themeBridge.test.ts [2m([22m[2m1 test[22m[2m)[22m[32m 2[2mms[22m[39m
 [32m✓[39m src/components/UniversalMasterSchedule/RecurringSeriesModal.confirmationContract.test.ts [2m([22m[2m2 tests[22m[2m)[22m[32m 4[2mms[22m[39m
 [32m✓[39m src/utils/plaudRouteGuards.test.ts [2m([22m[2m4 tests[22m[2m)[22m[32m 2[2mms[22m[39m
 [32m✓[39m src/components/UniversalMasterSchedule/components/ScheduleStats.logic.test.ts [2m([22m[2m2 tests[22m[2m)[22m[32m 3[2mms[22m[39m
 [32m✓[39m src/components/UniversalMasterSchedule/Conflicts/ConflictPanel.logic.test.ts [2m([22m[2m2 tests[22m[2m)[22m[32m 4[2mms[22m[39m
 [32m✓[39m src/utils/spaRoutingFix.test.ts [2m([22m[2m1 test[22m[2m)[22m[32m 7[2mms[22m[39m
 [32m✓[39m src/pages/AscensionPage/components/TierCarousel.themeContract.test.ts [2m([22m[2m1 test[22m[2m)[22m[32m 3[2mms[22m[39m
 [32m✓[39m src/hooks/useRestaurantSearch.test.tsx [2m([22m[2m1 test[22m[2m)[22m[32m 14[2mms[22m[39m
 [32m✓[39m src/components/UniversalMasterSchedule/ui/Skeleton.themeBridge.test.ts [2m([22m[2m1 test[22m[2m)[22m[32m 4[2mms[22m[39m
 [32m✓[39m src/components/FoodTracker/MealPlanTab.motion.test.ts [2m([22m[2m3 tests[22m[2m)[22m[32m 4[2mms[22m[39m
 [32m✓[39m src/components/Shared/CrystallineLockOverlay.touchTarget.test.ts [2m([22m[2m1 test[22m[2m)[22m[32m 3[2mms[22m[39m
 [32m✓[39m src/components/BootcampBuilder/BootcampSlotActionBar.test.tsx [2m([22m[2m1 test[22m[2m)[22m[32m 150[2mms[22m[39m
 [32m✓[39m src/pages/gallery/GalleryCheckoutReturnFeedback.truth.test.ts [2m([22m[2m1 test[22m[2m)[22m[32m 3[2mms[22m[39m
 [32m✓[39m src/components/TrainerDashboard/ClientManagement/MyClientsView.exportReport.test.ts [2m([22m[2m1 test[22m[2m)[22m[32m 3[2mms[22m[39m
 [32m✓[39m src/pages/support/supportErrorRoute.test.ts [2m([22m[2m2 tests[22m[2m)[22m[32m 3[2mms[22m[39m
[90mstdout[2m | src/components/UniversalMasterSchedule/hooks/useSessionCredits.test.ts
[22m[39m[API] Production mode: false
[API] Base URL: http://localhost:10000

 [32m✓[39m src/components/UniversalMasterSchedule/hooks/useSessionCredits.test.ts [2m([22m[2m2 tests[22m[2m)[22m[32m 4[2mms[22m[39m
 [32m✓[39m src/components/UniversalMasterSchedule/utils/scheduleTimeSlots.test.ts [2m([22m[2m2 tests[22m[2m)[22m[32m 4[2mms[22m[39m
 [32m✓[39m src/components/DashBoard/Pages/admin-dashboard/MeasurementEntryFormStyles.test.ts [2m([22m[2m1 test[22m[2m)[22m[32m 3[2mms[22m[39m
 [32m✓[39m src/components/NewCheckout/CheckoutView.apiContract.test.ts [2m([22m[2m1 test[22m[2m)[22m[32m 3[2mms[22m[39m
 [32m✓[39m src/components/WorkoutLogger/WorkoutLogger.pdf.test.ts [2m([22m[2m1 test[22m[2m)[22m[32m 3[2mms[22m[39m
 [32m✓[39m src/components/UniversalMasterSchedule/ui/Spinner.themeBridge.test.ts [2m([22m[2m1 test[22m[2m)[22m[32m 3[2mms[22m[39m
 [32m✓[39m src/pages/AscensionPage/components/VaultCard.themeContract.test.ts [2m([22m[2m1 test[22m[2m)[22m[32m 3[2mms[22m[39m
 [32m✓[39m src/components/DashBoard/Pages/admin-workout-planner/WorkoutPlannerPage.confirmationContract.test.ts [2m([22m[2m1 test[22m[2m)[22m[32m 3[2mms[22m[39m
 [32m✓[39m src/components/DashBoard/Pages/client-dashboard/ClientMyWorkoutsPage.logic.test.ts [2m([22m[2m2 tests[22m[2m)[22m[32m 4[2mms[22m[39m
 [32m✓[39m src/components/UniversalMasterSchedule/ScheduleLifecycleRoutes.contract.test.ts [2m([22m[2m1 test[22m[2m)[22m[32m 3[2mms[22m[39m
 [32m✓[39m src/components/UniversalMasterSchedule/Views/MonthView.logic.test.ts [2m([22m[2m2 tests[22m[2m)[22m[32m 3[2mms[22m[39m
 [32m✓[39m src/components/Shared/DashboardTeachMeGuide.adminScheduleRoutes.test.ts [2m([22m[2m1 test[22m[2m)[22m[32m 3[2mms[22m[39m
 [32m✓[39m src/components/TrainerDashboard/ClientManagement/MyClientsView.sectionsExtraction.test.ts [2m([22m[2m2 tests[22m[2m)[22m[32m 4[2mms[22m[39m
 [32m✓[39m src/components/UniversalMasterSchedule/trainingPlanProjectionFeatureFlag.test.ts [2m([22m[2m1 test[22m[2m)[22m[32m 2[2mms[22m[39m
 [32m✓[39m src/components/DashBoard/Pages/admin-workout-planner/WorkoutPlannerBuilderPanel.sections.test.tsx [2m([22m[2m1 test[22m[2m)[22m[32m 154[2mms[22m[39m
 [32m✓[39m src/components/DashBoard/Pages/admin-dashboard/MeasurementEntryDetailModal.test.ts [2m([22m[2m1 test[22m[2m)[22m[32m 3[2mms[22m[39m
 [32m✓[39m src/components/DashBoard/Pages/admin-onboarding/UnifiedOnboardingWizard.routeContract.test.ts [2m([22m[2m2 tests[22m[2m)[22m[32m 3[2mms[22m[39m
 [32m✓[39m src/utils/jwtTokenShape.test.ts [2m([22m[2m3 tests[22m[2m)[22m[32m 4[2mms[22m[39m
 [32m✓[39m src/components/DashBoard/Pages/admin-sessions/AdminSessions.dialogTypeContract.test.ts [2m([22m[2m1 test[22m[2m)[22m[32m 4[2mms[22m[39m
 [32m✓[39m src/pages/subscription/SubscriptionSuccessPage.themeContract.test.ts [2m([22m[2m1 test[22m[2m)[22m[32m 3[2mms[22m[39m
 [32m✓[39m src/components/DashBoard/Pages/admin-dashboard/MeasurementEntryClientPanel.test.ts [2m([22m[2m1 test[22m[2m)[22m[32m 3[2mms[22m[39m
 [32m✓[39m src/components/DashBoard/Pages/admin-dashboard/MeasurementEntryFormPanel.test.ts [2m([22m[2m1 test[22m[2m)[22m[32m 3[2mms[22m[39m
 [32m✓[39m src/pages/AscensionPage/components/DonationSlider.themeContract.test.ts [2m([22m[2m1 test[22m[2m)[22m[32m 3[2mms[22m[39m
 [32m✓[39m src/components/DashBoard/Pages/admin-sessions/AdminSessionsDeepLink.routeContract.test.ts [2m([22m[2m1 test[22m[2m)[22m[32m 3[2mms[22m[39m
 [32m✓[39m src/components/UserDashboard/components/UserDashboardStatusStatesV3.retryContract.test.ts [2m([22m[2m1 test[22m[2m)[22m[32m 3[2mms[22m[39m
 [32m✓[39m src/components/Shared/DashboardTeachMeGuide.userProfileSummary.test.ts [2m([22m[2m1 test[22m[2m)[22m[32m 5[2mms[22m[39m
 [32m✓[39m src/components/DashBoard/Pages/admin-dashboard/MeasurementEntryRecentPanel.test.ts [2m([22m[2m1 test[22m[2m)[22m[32m 3[2mms[22m[39m
 [32m✓[39m src/services/clientTimeZoneHeader.test.ts [2m([22m[2m2 tests[22m[2m)[22m[32m 18[2mms[22m[39m
 [32m✓[39m src/pages/AscensionPage/AscensionPage.themeContract.test.ts [2m([22m[2m1 test[22m[2m)[22m[32m 3[2mms[22m[39m
 [32m✓[39m src/__tests__/enhancedProgressAnalyticsTruth.test.ts [2m([22m[2m1 test[22m[2m)[22m[32m 4[2mms[22m[39m
 [32m✓[39m src/services/enhancedClientDashboardService.test.ts [2m([22m[2m1 test[22m[2m)[22m[32m 3[2mms[22m[39m
 [32m✓[39m src/components/NewCheckout/OrderReviewStep.themeContract.test.ts [2m([22m[2m1 test[22m[2m)[22m[32m 2[2mms[22m[39m
 [32m✓[39m src/components/Shared/TeachMeToggle.touchTarget.test.ts [2m([22m[2m2 tests[22m[2m)[22m[32m 3[2mms[22m[39m
 [32m✓[39m src/components/UniversalMasterSchedule/ApplyPaymentModal.themeBridge.test.ts [2m([22m[2m1 test[22m[2m)[22m[32m 3[2mms[22m[39m
 [32m✓[39m src/components/DashBoard/Pages/admin-sessions/useAdminSessionsDialogState.deepLink.test.tsx [2m([22m[2m1 test[22m[2m)[22m[32m 21[2mms[22m[39m
 [32m✓[39m src/components/TrainerDashboard/ClientProgress/EnhancedClientProgressView.dataContract.test.ts [2m([22m[2m1 test[22m[2m)[22m[32m 3[2mms[22m[39m
 [32m✓[39m src/__tests__/useNotificationsTruth.test.ts [2m([22m[2m1 test[22m[2m)[22m[32m 4[2mms[22m[39m
 [32m✓[39m src/pages/pageAlerts.contract.test.ts [2m([22m[2m2 tests[22m[2m)[22m[32m 4[2mms[22m[39m
 [32m✓[39m src/components/DashBoard/Pages/admin-trainers/EnhancedTrainerDataManagement.promptContract.test.ts [2m([22m[2m2 tests[22m[2m)[22m[32m 3[2mms[22m[39m
 [32m✓[39m src/components/UniversalMasterSchedule/DragDrop/DroppableSlot.themeBridge.test.ts [2m([22m[2m1 test[22m[2m)[22m[32m 3[2mms[22m[39m
 [32m✓[39m src/components/NewCheckout/CheckoutButton.themeContract.test.ts [2m([22m[2m1 test[22m[2m)[22m[32m 3[2mms[22m[39m
 [32m✓[39m src/components/UniversalMasterSchedule/components/ScheduleCalendar.themeBridge.test.ts [2m([22m[2m1 test[22m[2m)[22m[32m 3[2mms[22m[39m
 [32m✓[39m src/config/coachCommandFlags.test.ts [2m([22m[2m2 tests[22m[2m)[22m[32m 4[2mms[22m[39m
 [32m✓[39m src/hooks/analytics/useClientProgressCharts.lineCap.test.ts [2m([22m[2m2 tests[22m[2m)[22m[32m 3[2mms[22m[39m
 [32m✓[39m src/components/DashBoard/Pages/admin-workout-planner/LongHorizonScheduleView.structure.test.ts [2m([22m[2m1 test[22m[2m)[22m[32m 3[2mms[22m[39m
 [32m✓[39m src/components/DashBoard/Pages/admin-dashboard/MeasurementEntryBaseStyles.test.ts [2m([22m[2m1 test[22m[2m)[22m[32m 3[2mms[22m[39m
 [32m✓[39m src/components/BodyMap/BodyMap.insightsSource.test.ts [2m([22m[2m1 test[22m[2m)[22m[32m 3[2mms[22m[39m
 [32m✓[39m src/utils/clientSource.test.ts [2m([22m[2m2 tests[22m[2m)[22m[32m 3[2mms[22m[39m
 [32m✓[39m src/components/TrainerDashboard/ClientManagement/ClientManagement.index.truth.test.ts [2m([22m[2m2 tests[22m[2m)[22m[32m 3[2mms[22m[39m
 [32m✓[39m src/services/pdfExportService.populatedPlanStructure.test.ts [2m([22m[2m1 test[22m[2m)[22m[32m 3[2mms[22m[39m
 [32m✓[39m src/components/WorkoutLogger/handoff/postSaveHandoffFlag.test.ts [2m([22m[2m3 tests[22m[2m)[22m[32m 4[2mms[22m[39m
 [32m✓[39m src/components/DashBoard/Pages/admin-workout-planner/WorkoutPlannerPageLayout.structure.test.ts [2m([22m[2m1 test[22m[2m)[22m[32m 3[2mms[22m[39m
 [32m✓[39m src/context/AuthContext.clientSource.test.ts [2m([22m[2m1 test[22m[2m)[22m[32m 3[2mms[22m[39m
 [32m✓[39m src/components/DashBoard/Pages/client-dashboard/ClientMyWorkoutsStyles.lineCap.test.ts [2m([22m[2m2 tests[22m[2m)[22m[32m 3[2mms[22m[39m
 [32m✓[39m src/components/UniversalMasterSchedule/ui/StyledInput.themeBridge.test.ts [2m([22m[2m1 test[22m[2m)[22m[32m 2[2mms[22m[39m
 [32m✓[39m src/components/NewCheckout/SuccessPage.themeContract.test.ts [2m([22m[2m1 test[22m[2m)[22m[32m 2[2mms[22m[39m
 [32m✓[39m src/utils/serviceWorkerRegistration.consolePolicy.test.ts [2m([22m[2m1 test[22m[2m)[22m[32m 3[2mms[22m[39m
 [32m✓[39m src/tests/config/vercelConfig.test.ts [2m([22m[2m1 test[22m[2m)[22m[32m 3[2mms[22m[39m
 [32m✓[39m src/components/WorkoutLogger/OverloadSuggestion.touchTarget.test.ts [2m([22m[2m2 tests[22m[2m)[22m[32m 4[2mms[22m[39m
 [32m✓[39m src/components/DashBoard/Pages/admin-workout-planner/SavedPlanCard.structure.test.ts [2m([22m[2m1 test[22m[2m)[22m[32m 3[2mms[22m[39m
 [32m✓[39m src/hooks/useCoachCommandCatalog.test.ts [2m([22m[2m2 tests[22m[2m)[22m[32m 3[2mms[22m[39m
 [32m✓[39m src/components/TrainerDashboard/ClientManagement/MyClientsView.clientCardExtraction.test.ts [2m([22m[2m2 tests[22m[2m)[22m[32m 4[2mms[22m[39m
 [32m✓[39m src/pages/gallery/GalleryCreditCheckout.truth.test.ts [2m([22m[2m1 test[22m[2m)[22m[32m 3[2mms[22m[39m
 [32m✓[39m src/components/DashBoard/Pages/admin-client-progress/admin-client-progress-view.V2.rankTitle.test.ts [2m([22m[2m2 tests[22m[2m)[22m[32m 3[2mms[22m[39m
 [32m✓[39m src/utils/socialPostShareUrl.test.ts [2m([22m[2m3 tests[22m[2m)[22m[32m 3[2mms[22m[39m
 [32m✓[39m src/__tests__/useToastEntropy.test.ts [2m([22m[2m1 test[22m[2m)[22m[32m 3[2mms[22m[39m
 [32m✓[39m src/components/PlaudClipMerge/PlaudMergeReview.helpers.test.ts [2m([22m[2m1 test[22m[2m)[22m[32m 3[2mms[22m[39m
 [32m✓[39m src/components/UniversalMasterSchedule/RecurringSessionModal.structure.test.ts [2m([22m[2m1 test[22m[2m)[22m[32m 3[2mms[22m[39m
 [32m✓[39m src/components/WorkoutLogger/WorkoutLogger.entropy.test.ts [2m([22m[2m1 test[22m[2m)[22m[32m 3[2mms[22m[39m
 [32m✓[39m src/components/UserDashboard/UserDashboard.V3.teachCoach.test.ts [2m([22m[2m1 test[22m[2m)[22m[32m 3[2mms[22m[39m
 [32m✓[39m src/components/TrainerDashboard/WorkoutLogging/EnhancedWorkoutLogger.identity.test.ts [2m([22m[2m3 tests[22m[2m)[22m[32m 3[2mms[22m[39m
 [32m✓[39m src/components/UserDashboard/HomeTabVisionRightRail.priority.test.ts [2m([22m[2m1 test[22m[2m)[22m[32m 3[2mms[22m[39m
 [32m✓[39m src/components/MembershipBadge/MembershipBadge.clientSource.test.tsx [2m([22m[2m2 tests[22m[2m)[22m[32m 83[2mms[22m[39m
 [32m✓[39m src/components/AvatarHome/LevelGate.progress.test.tsx [2m([22m[2m1 test[22m[2m)[22m[32m 148[2mms[22m[39m
 [32m✓[39m src/components/Shared/GlobalClientSelector.closeKey.contract.test.ts [2m([22m[2m1 test[22m[2m)[22m[32m 3[2mms[22m[39m
 [32m✓[39m src/components/DashBoard/UniversalDashboardLayout.mobileSidebar.contract.test.ts [2m([22m[2m1 test[22m[2m)[22m[32m 3[2mms[22m[39m
 [32m✓[39m src/components/DashBoard/Pages/admin-workout-planner/WorkoutPlannerCommandPanel.sections.test.tsx [2m([22m[2m1 test[22m[2m)[22m[32m 169[2mms[22m[39m
 [32m✓[39m src/hooks/useBootcampAPI.types.test.ts [2m([22m[2m1 test[22m[2m)[22m[32m 3[2mms[22m[39m
 [32m✓[39m src/services/coachIntakeService.types.test.ts [2m([22m[2m1 test[22m[2m)[22m[32m 3[2mms[22m[39m
 [32m✓[39m src/components/UserDashboard/components/ErrorBoundary.retryContract.test.ts [2m([22m[2m1 test[22m[2m)[22m[32m 2[2mms[22m[39m
 [32m✓[39m src/components/WorkoutManagement/ExerciseLibrary.goalReload.contract.test.ts [2m([22m[2m1 test[22m[2m)[22m[32m 3[2mms[22m[39m
[90mstdout[2m | src/components/Charts/charts/heatmap/WorkoutHeatmapCalendar.truth.test.tsx
[22m[39m[API] Production mode: false
[API] Base URL: http://localhost:10000

[90mstdout[2m | src/components/Charts/charts/live/MuscleGroupBalanceBars.sanitizer.test.ts
[22m[39m[API] Production mode: false
[API] Base URL: http://localhost:10000

 [32m✓[39m src/components/Charts/charts/live/MuscleGroupBalanceBars.sanitizer.test.ts [2m([22m[2m1 test[22m[2m)[22m[32m 3[2mms[22m[39m
 [32m✓[39m src/components/Social/Friends/FriendsList.confirmationContract.test.ts [2m([22m[2m2 tests[22m[2m)[22m[32m 3[2mms[22m[39m
 [32m✓[39m src/components/Charts/charts/heatmap/WorkoutHeatmapCalendar.truth.test.tsx [2m([22m[2m1 test[22m[2m)[22m[32m 125[2mms[22m[39m
 [32m✓[39m src/components/WorkoutManagement/WorkoutPlanBuilder.saveContract.test.ts [2m([22m[2m1 test[22m[2m)[22m[32m 3[2mms[22m[39m
 [32m✓[39m src/components/WorkoutLogger/TempoInput.touchTarget.test.ts [2m([22m[2m2 tests[22m[2m)[22m[32m 3[2mms[22m[39m
 [32m✓[39m src/components/Social/Feed/PostCard.confirmationContract.test.ts [2m([22m[2m2 tests[22m[2m)[22m[32m 3[2mms[22m[39m
 [32m✓[39m src/hooks/useBarcodeCamera.test.ts [2m([22m[2m1 test[22m[2m)[22m[32m 3[2mms[22m[39m
 [32m✓[39m src/components/DashBoard/Pages/user-management/modern-user-management.truth.test.ts [2m([22m[2m1 test[22m[2m)[22m[32m 3[2mms[22m[39m
 [32m✓[39m src/components/DashBoard/progress-proof/ProgressChartActionBar.touchTarget.test.ts [2m([22m[2m1 test[22m[2m)[22m[32m 3[2mms[22m[39m
 [32m✓[39m src/pages/gallery/VIPConversionModal.authPersistence.test.ts [2m([22m[2m1 test[22m[2m)[22m[32m 3[2mms[22m[39m
 [32m✓[39m src/components/WorkoutManagement/ExerciseLibrary.deadControls.contract.test.ts [2m([22m[2m1 test[22m[2m)[22m[32m 2[2mms[22m[39m
 [32m✓[39m src/routes/error-boundary.retryContract.test.ts [2m([22m[2m1 test[22m[2m)[22m[32m 3[2mms[22m[39m
 [32m✓[39m src/components/BootcampBuilder/BootcampSlotIntegration.test.ts [2m([22m[2m1 test[22m[2m)[22m[32m 3[2mms[22m[39m
 [32m✓[39m src/pages/GalleryPage.photoCount.test.ts [2m([22m[2m2 tests[22m[2m)[22m[32m 3[2mms[22m[39m
 [32m✓[39m src/components/DashBoard/workspaces/ClientsWorkspaceEmptyState.test.tsx [2m([22m[2m1 test[22m[2m)[22m[32m 157[2mms[22m[39m
 [32m✓[39m src/components/BootcampBuilder/BootcampV3AlwaysEditable.test.ts [2m([22m[2m1 test[22m[2m)[22m[32m 3[2mms[22m[39m
[90mstdout[2m | src/services/api.service.test.ts
[22m[39m[API] Production mode: false
[API] Base URL: http://localhost:10000

 [32m✓[39m src/services/api.service.test.ts [2m([22m[2m1 test[22m[2m)[22m[32m 3[2mms[22m[39m
[90mstdout[2m | src/context/FeatureAccessContext.coachCommandFlags.test.tsx
[22m[39m[API] Production mode: false
[API] Base URL: http://localhost:10000

 [32m✓[39m src/pages/gallery/GallerySupportActions.truth.test.ts [2m([22m[2m1 test[22m[2m)[22m[32m 3[2mms[22m[39m
[90mstdout[2m | src/context/FeatureAccessContext.coachCommandFlags.test.tsx
[22m[39mAPI clients configured for SwanStudios backend

 [32m✓[39m src/context/FeatureAccessContext.coachCommandFlags.test.tsx [2m([22m[2m1 test[22m[2m)[22m[32m 3[2mms[22m[39m
[90mstdout[2m | src/components/Shared/EquipmentProfilePicker.navigation.test.ts
[22m[39m[API] Production mode: false
[API] Base URL: http://localhost:10000

 [32m✓[39m src/components/ui/motionStyleProps.test.ts [2m([22m[2m1 test[22m[2m)[22m[32m 3[2mms[22m[39m
 [32m✓[39m src/components/Shared/EquipmentProfilePicker.navigation.test.ts [2m([22m[2m1 test[22m[2m)[22m[32m 2[2mms[22m[39m
 [32m✓[39m src/components/UniversalMasterSchedule/hooks/useSessionTemplates.truth.test.ts [2m([22m[2m1 test[22m[2m)[22m[32m 2[2mms[22m[39m
 [32m✓[39m src/components/UniversalMasterSchedule/ui/SearchableSelect.truth.test.ts [2m([22m[2m1 test[22m[2m)[22m[32m 2[2mms[22m[39m
 [32m✓[39m src/components/DashBoard/Pages/coach-assistant/AttachmentPreview.touchTarget.test.ts [2m([22m[2m1 test[22m[2m)[22m[32m 3[2mms[22m[39m
 [32m✓[39m src/components/UserDashboard/hooks/useEditProfileForm.chartTruth.test.tsx [2m([22m[2m1 test[22m[2m)[22m[32m 9[2mms[22m[39m
 [32m✓[39m src/components/BadgeCreator/BadgeCreatorPayloadSafety.test.ts [2m([22m[2m1 test[22m[2m)[22m[32m 4[2mms[22m[39m
 [32m✓[39m src/components/DashBoard/Pages/coach-assistant/CoachIntakeWorkspace.utils.test.ts [2m([22m[2m1 test[22m[2m)[22m[32m 3[2mms[22m[39m
 [32m✓[39m src/components/ui/Breadcrumbs.truth.test.ts [2m([22m[2m1 test[22m[2m)[22m[32m 2[2mms[22m[39m
 [32m✓[39m src/pages/gallery/GalleryPageVipCta.truth.test.ts [2m([22m[2m1 test[22m[2m)[22m[32m 2[2mms[22m[39m
 [32m✓[39m src/components/AdvancedCartInteractions.truth.test.ts [2m([22m[2m1 test[22m[2m)[22m[32m 2[2mms[22m[39m
 [32m✓[39m src/__tests__/indexHtmlProductionPreload.test.ts [2m([22m[2m1 test[22m[2m)[22m[32m 2[2mms[22m[39m
 [32m✓[39m src/components/WorkoutManagement/TrainingScheduleStep.swanCoachCopy.contract.test.ts [2m([22m[2m1 test[22m[2m)[22m[32m 2[2mms[22m[39m
 [32m✓[39m src/components/DashBoard/Pages/admin-clients/components/WorkoutCopilotPanelStructure.test.ts [2m([22m[2m1 test[22m[2m)[22m[32m 2[2mms[22m[39m
 [32m✓[39m src/components/DashBoard/workspaces/clients-team/nutritionDate.test.ts [2m([22m[2m2 tests[22m[2m)[22m[32m 3[2mms[22m[39m
 [32m✓[39m src/components/Checkout/OrderSummaryComponent.taxContract.test.ts [2m([22m[2m1 test[22m[2m)[22m[32m 2[2mms[22m[39m
 [32m✓[39m src/components/WorkoutManagement/WorkoutPlanBuilder.defaultHorizon.contract.test.ts [2m([22m[2m1 test[22m[2m)[22m[32m 2[2mms[22m[39m
 [32m✓[39m src/components/Charts/victoryStyleProps.test.ts [2m([22m[2m1 test[22m[2m)[22m[32m 2[2mms[22m[39m
 [32m✓[39m src/components/PWA/PWAInstallPrompt.alertContract.test.ts [2m([22m[2m1 test[22m[2m)[22m[32m 2[2mms[22m[39m
 [32m✓[39m src/context/SessionContext.truth.test.ts [2m([22m[2m1 test[22m[2m)[22m[32m 2[2mms[22m[39m
 [32m✓[39m src/components/TrainerDashboard/ClientManagement/MyClientsView.logic.test.ts [2m([22m[2m1 test[22m[2m)[22m[32m 2[2mms[22m[39m
 [32m✓[39m src/components/ui/reactWindowStyleProps.test.ts [2m([22m[2m1 test[22m[2m)[22m[32m 2[2mms[22m[39m
 [32m✓[39m src/components/DashBoard/Pages/admin-workout-planner/plannerLogic/endpointFor.test.ts [2m([22m[2m3 tests[22m[2m)[22m[32m 2[2mms[22m[39m
 [32m✓[39m src/components/DashBoard/workspaces/NutritionTodayPanel.structure.test.ts [2m([22m[2m1 test[22m[2m)[22m[32m 2[2mms[22m[39m
 [32m✓[39m src/hooks/analytics/useWorkoutAnalytics.types.test.ts [2m([22m[2m1 test[22m[2m)[22m[32m 1[2mms[22m[39m
[90mstdout[2m | src/components/Schedule/schedule.module.test.ts[2m > [22m[2mSchedule module load[2m > [22m[2mimports without unresolved runtime references
[22m[39m[API] Production mode: false
[API] Base URL: http://localhost:10000

[90mstdout[2m | src/components/Schedule/schedule.module.test.ts[2m > [22m[2mSchedule module load[2m > [22m[2mimports without unresolved runtime references
[22m[39mAPI clients configured for SwanStudios backend

[90mstdout[2m | src/components/Schedule/schedule.module.test.ts[2m > [22m[2mSchedule module load[2m > [22m[2mimports without unresolved runtime references
[22m[39m[PERF] Schedule performance harness loaded. Use window.logPerfToggles() to see current state.

 [32m✓[39m src/components/Schedule/schedule.module.test.ts [2m([22m[2m1 test[22m[2m)[22m[33m 575[2mms[22m[39m
     [33m[2m✓[22m[39m imports without unresolved runtime references [33m 574[2mms[22m[39m

[31m⎯⎯⎯⎯⎯⎯⎯[39m[1m[41m Failed Tests 5 [49m[22m[31m⎯⎯⎯⎯⎯⎯⎯[39m

[41m[1m FAIL [22m[49m src/components/DashBoard/Pages/coach-assistant/CoachActionProposalSplitPlanPanel.identity.test.ts[2m > [22mCoachActionProposalSplitPlanPanel identity contract[2m > [22mkeeps legacy Swan Coach proposal review modules wired for backward-compatible transcripts
[31m[1mAssertionError[22m: expected 'import { useContext } from \'react\';…' to contain '<CoachActionProposalSplitPlanPanel de…'[39m

[32m- Expected[39m
[31m+ Received[39m

[32m- <CoachActionProposalSplitPlanPanel detail={detail} />[39m
[31m+ import { useContext } from 'react';[39m
[31m+ import { AuthContext } from '../../../../context/authContextState';[39m
[31m+ import { UNSAFE_LocationContext } from 'react-router-dom';[39m
[31m+ import { CheckCircle2, ClipboardCheck, ExternalLink, Eye, Loader2, ShieldCheck, XCircle } from 'lucide-react';[39m
[31m+ import type { CoachActionProposal } from './SwanCoachTypes';[39m
[31m+ import { CoachProposalGateRail } from './CoachProposalGateRail';[39m
[31m+ import { CoachActionProposalSplitPlanPanel } from './CoachActionProposalSplitPlanPanel';[39m
[31m+ import { ProposalAccessLinkActions } from './CoachClaimLinkActions';[39m
[31m+ import {[39m
[31m+   ActionButton,[39m
[31m+   ActionLink,[39m
[31m+   Actions,[39m
[31m+   Card,[39m
[31m+   DetailPanel,[39m
[31m+   Header,[39m
[31m+   Label,[39m
[31m+   Row,[39m
[31m+   StatusText,[39m
[31m+   Value,[39m
[31m+ } from './CoachActionProposalCard.styles';[39m
[31m+ import {[39m
[31m+   safeProposalTitle,[39m
[31m+   type CoachActionProposalCardProps,[39m
[31m+ } from './CoachActionProposalCard.logic';[39m
[31m+ import { useCoachActionProposalController } from './useCoachActionProposalController';[39m
[31m+ [39m
[31m+ /** Current router pathname without throwing outside a <Router> (bare test mounts). */[39m
[31m+ function useLocationPathname(): string | null {[39m
[31m+   const ctx = useContext(UNSAFE_LocationContext) as { location?: { pathname?: string } } | null;[39m
[31m+   if (ctx?.location?.pathname) return ctx.location.pathname;[39m
[31m+   return typeof window === 'undefined' ? null : window.location.pathname;[39m
[31m+ }[39m
[31m+ [39m
[31m+ /** Scope changes remount private state; sibling proposal cards stay independent. */[39m
[31m+ export function CoachActionProposalCard(props: CoachActionProposalCardProps) {[39m
[31m+   const auth = useContext(AuthContext);[39m
[31m+   const pathname = useLocationPathname();[39m
[31m+   if (auth && !auth.user) return null;[39m
[31m+   const scope = [auth?.user?.id ?? 'standalone', pathname, props.proposal.id, props.proposal.summary?.clientId].join(':');[39m
[31m+   return <CoachActionProposalInstance key={scope} {...props} />;[39m
[31m+ }[39m
[31m+ [39m
[31m+ function CoachActionProposalInstance({ proposal, onProposalAction }: CoachActionProposalCardProps) {[39m
[31m+   const locationPathname = useLocationPathname();[39m
[31m+   const controller = useCoachActionProposalController({ proposal, onProposalAction, locationPathname });[39m
[31m+   const {[39m
[31m+     status,[39m
[31m+     busy,[39m
[31m+     detail,[39m
[31m+     generatedProposals,[39m
[31m+     message,[39m
[31m+     error,[39m
[31m+     workoutOutcome: outcome,[39m
[31m+     checkingResult,[39m
[31m+     createdClientRoute,[39m
[31m+     accessHandoff,[39m
[31m+     clarificationOptions,[39m
[31m+     approveLabel,[39m
[31m+     isClarification,[39m
[31m+     detailRows,[39m
[31m+     terminalMessage,[39m
[31m+     visibleStatus,[39m
[31m+     rows,[39m
[31m+     accessLabel,[39m
[31m+     accessExpires,[39m
[31m+     approveDisabled,[39m
[31m+     showReject,[39m
[31m+     showCheckResult,[39m
[31m+     detailHidden,[39m
[31m+     recordRoute,[39m
[31m+     runLoadDetails,[39m
[31m+     runApprove,[39m
[31m+     runCheckResult,[39m
[31m+     runClarificationAnswer,[39m
[31m+     runReject,[39m
[31m+   } = controller;[39m
[31m+   const pending = status === 'PENDING';[39m
[31m+ [39m
[31m+   return ([39m
[31m+     <>[39m
[31m+       <Card>[39m
[31m+         <Header><ShieldCheck size={16} /> {safeProposalTitle(proposal.type)}</Header>[39m
[31m+         {rows.map(([label, value]) => ([39m
[31m+           <Row key={label}><Label>{label}</Label><Value>{value}</Value></Row>[39m
[31m+         ))}[39m
[31m+         <Row><Label>Status</Label><Value>{visibleStatus}</Value></Row>[39m
[31m+         <CoachProposalGateRail summary={proposal.summary || {}} />[39m
[31m+         {detailRows.length > 0 && !detailHidden && ([39m
[31m+           <DetailPanel>[39m
[31m+             {detailRows.map(([label, value]) => ([39m
[31m+               <Row key={label}><Label>{label}</Label><Value>{value}</Value></Row>[39m
[31m+             ))}[39m
[31m+           </DetailPanel>[39m
[31m+         )}[39m
[31m+         <CoachActionProposalSplitPlanPanel detail={detailHidden ? null : detail} />[39m
[31m+         {pending && isClarification && clarificationOptions.length > 0 && ([39m
[31m+           <Actions aria-label="Clarification answer options">[39m
[31m+             {clarificationOptions.map((option) => ([39m
[31m+               <ActionButton type="button" key={option.value} onClick={() => runClarificationAnswer(option.value)} disabled={!!busy}>[39m
[31m+                 {busy === 'clarification' ? <Loader2 size={16} /> : <CheckCircle2 size={16} />}{option.label}[39m
[31m+               </ActionButton>[39m
[31m+             ))}[39m
[31m+           </Actions>[39m
[31m+         )}[39m
[31m+         {pending && outcome?.kind !== 'commit_unknown' && ([39m
[31m+           <Actions>[39m
[31m+             <ActionButton type="button" onClick={runLoadDetails} disabled={!!busy || checkingResult}>[39m
[31m+               {busy === 'detail' ? <Loader2 size={16} /> : <Eye size={16} />}Review details[39m
[31m+             </ActionButton>[39m
[31m+             {!isClarification && ([39m
[31m+               <ActionButton type="button" onClick={runApprove} disabled={approveDisabled}>[39m
[31m+                 {busy === 'approve' ? <Loader2 size={16} /> : <ClipboardCheck size={16} />}{approveLabel}[39m
[31m+               </ActionButton>[39m
[31m+             )}[39m
[31m+             {showReject && ([39m
[31m+               <ActionButton type="button" $danger onClick={runReject} disabled={!!busy || checkingResult}>[39m
[31m+                 {busy === 'reject' ? <Loader2 size={16} /> : <XCircle size={16} />}Reject[39m
[31m+               </ActionButton>[39m
[31m+             )}[39m
[31m+           </Actions>[39m
[31m+         )}[39m
[31m+         {showCheckResult && ([39m
[31m+           <Actions aria-label="Workout result recovery">[39m
[31m+             <ActionButton type="button" onClick={runCheckResult} disabled={!!busy || checkingResult}>[39m
[31m+               {checkingResult ? <Loader2 size={16} /> : <Eye size={16} />}Check result[39m
[31m+             </ActionButton>[39m
[31m+           </Actions>[39m
[31m+         )}[39m
[31m+         {!pending && !message && !outcome && !error && terminalMessage && ([39m
[31m+           <StatusText><CheckCircle2 size={14} /> {terminalMessage}</StatusText>[39m
[31m+         )}[39m
[31m+         {message && <StatusText><CheckCircle2 size={14} /> {message}</StatusText>}[39m
[31m+         {accessLabel && ([39m
[31m+           <DetailPanel aria-label="Client access handoff">[39m
[31m+             <Row><Label>Access</Label><Value>{accessLabel}</Value></Row>[39m
[31m+             {accessHandoff?.claimCode && <Row><Label>Claim code</Label><Value>{accessHandoff.claimCode}</Value></Row>}[39m
[31m+             {accessExpires && <Row><Label>Expires</Label><Value>{accessExpires}</Value></Row>}[39m
[31m+           </DetailPanel>[39m
[31m+         )}[39m
[31m+         {accessHandoff?.claimUrl && <ProposalAccessLinkActions url={accessHandoff.claimUrl} label="claim link" />}[39m
[31m+         {accessHandoff?.resetUrl && <ProposalAccessLinkActions url={accessHandoff.resetUrl} label="reset link" />}[39m
[31m+         {createdClientRoute && ([39m
[31m+           <Actions aria-label="Onboarding next steps"><ActionLink to={createdClientRoute}><ExternalLink size={16} />Open Client Hub</ActionLink></Actions>[39m
[31m+         )}[39m
[31m+         {recordRoute && ([39m
[31m+           <Actions aria-label="Workout record"><ActionLink to={recordRoute}><ExternalLink size={16} />View workout record</ActionLink></Actions>[39m
[31m+         )}[39m
[31m+         {error && <StatusText $error>{error}</StatusText>}[39m
[31m+       </Card>[39m
[31m+       {generatedProposals.map((generatedProposal: CoachActionProposal) => ([39m
[31m+         <CoachActionProposalCard key={generatedProposal.id} proposal={generatedProposal} onProposalAction={onProposalAction} />[39m
[31m+       ))}[39m
[31m+     </>[39m
[31m+   );[39m
[31m+ }[39m
[31m+ [39m
[31m+ export default CoachActionProposalCard;[39m
[31m+[39m

[36m [2m❯[22m src/components/DashBoard/Pages/coach-assistant/CoachActionProposalSplitPlanPanel.identity.test.ts:[2m32:32[22m[39m
    [90m 30|[39m     [34mexpect[39m(messagesSource)[33m.[39m[34mtoContain[39m([32m'<CoachMessage'[39m)[33m;[39m
    [90m 31|[39m     expect(messageSource).toContain('<CoachActionProposalCard key={pro…
    [90m 32|[39m     expect(proposalCardSource).toContain('<CoachActionProposalSplitPla…
    [90m   |[39m                                [31m^[39m
    [90m 33|[39m     [34mexpect[39m(proposalServiceSource)[33m.[39m[34mtoContain[39m([32m'/api/coach/proposals/'[39m)[33m;[39m
    [90m 34|[39m   })[33m;[39m

[31m[2m⎯⎯⎯⎯⎯⎯⎯⎯⎯⎯⎯⎯⎯⎯⎯⎯⎯⎯⎯⎯⎯⎯⎯⎯[1/5]⎯[22m[39m

[41m[1m FAIL [22m[49m src/components/DashBoard/Pages/coach-assistant/CoachCommandCenter.sectionSplit.test.ts[2m > [22mCoachCommandCenter section split[2m > [22mdelegates the mounted page shell to capped section components
[31m[1mAssertionError[22m: expected 309 to be less than or equal to 300[39m
[36m [2m❯[22m src/components/DashBoard/Pages/coach-assistant/CoachCommandCenter.sectionSplit.test.ts:[2m35:46[22m[39m
    [90m 33|[39m     const reviewPanelSource = readCoachFile('CoachCommandCenterReviewP…
    [90m 34|[39m
    [90m 35|[39m     [34mexpect[39m(pageSource[33m.[39m[34msplit[39m([36m/\r?\n/[39m)[33m.[39mlength)[33m.[39m[34mtoBeLessThanOrEqual[39m([34m300[39m)[33m;[39m
    [90m   |[39m                                              [31m^[39m
    [90m 36|[39m     expect(pageSource).toContain("from './CoachCommandCenter.controlle…
    [90m 37|[39m     expect(pageSource).toContain("from './useCoachCommandCenterDrawerE…

[31m[2m⎯⎯⎯⎯⎯⎯⎯⎯⎯⎯⎯⎯⎯⎯⎯⎯⎯⎯⎯⎯⎯⎯⎯⎯[2/5]⎯[22m[39m

[41m[1m FAIL [22m[49m src/components/DashBoard/Pages/coach-assistant/CoachCommandCenterNotebook.test.tsx[2m > [22mCoachCommandCenter client notebook[2m > [22msaves repeated dictated or typed notes directly to the pinned client profile
[31m[1mAssertionError[22m[39m: expected "vi.fn()" to be called with arguments: [ '/api/notes/41', { …(4) } ][90m

Number of calls: [1m0[22m
[39m

Ignored nodes: comments, script, style
[36m<html>[39m
  [36m<head />[39m
  [36m<body>[39m
    [36m<div>[39m
      [36m<div[39m
        [33mclass[39m=[32m"sc-dkPvMp bhUrpt"[39m
        [33mdata-console-root[39m=[32m"true"[39m
        [33mdata-voice-state[39m=[32m"idle"[39m
        [33mstyle[39m=[32m"--mobile-dock-space: 18px;"[39m
      [36m>[39m
        [36m<div[39m
          [33maria-hidden[39m=[32m"true"[39m
          [33mclass[39m=[32m"sc-lgasgJ hzWPNN"[39m
        [36m/>[39m
        [36m<div[39m
          [33mclass[39m=[32m"bridge-shell is-chat-tab"[39m
        [36m>[39m
          [36m<header[39m
            [33mclass[39m=[32m"client-bar glass"[39m
          [36m>[39m
            [36m<div[39m
              [33maria-label[39m=[32m"Current coach context"[39m
              [33mclass[39m=[32m"now-coaching"[39m
            [36m>[39m
              [36m<span[39m
                [33mclass[39m=[32m"now-label"[39m
              [36m>[39m
                [0mNow coaching[0m
              [36m</span>[39m
              [36m<strong[39m
                [33mclass[39m=[32m"client-name"[39m
              [36m>[39m
                [0mAva Stone[0m
              [36m</strong>[39m
              [36m<label[39m
                [33mclass[39m=[32m"main-client-picker"[39m
              [36m>[39m
                [36m<span>[39m
                  [0mMain client[0m
                [36m</span>[39m
                [36m<select[39m
                  [33maria-label[39m=[32m"Main client"[39m
                [36m>[39m
                  [36m<option[39m
                    [33mvalue[39m=[32m""[39m
                  [36m>[39m
                    [0mNo main client[0m
                  [36m</option>[39m
                  [36m<option[39m
                    [33mvalue[39m=[32m"41"[39m
                  [36m>[39m
                    [0mAva Stone[0m
                  [36m</option>[39m
                  [36m<option[39m
                    [33mvalue[39m=[32m"52"[39m
                  [36m>[39m
                    [0mBen Harbor[0m
                  [36m</option>[39m
                [36m</select>[39m
              [36m</label>[39m
            [36m</div>[39m
            [36m<div[39m
              [33mclass[39m=[32m"client-bar-tools"[39m
            [36m>[39m
              [36m<button[39m
                [33maria-label[39m=[32m"New chat"[39m
                [33mclass[39m=[32m"new-client-button"[39m
                [33mtype[39m=[32m"button"[39m
              [36m>[39m
                [36m<svg[39m
                  [33maria-hidden[39m=[32m"true"[39m
                  [33mclass[39m=[32m"lucide lucide-plus "[39m
                  [33mfill[39m=[32m"none"[39m
                  [33mheight[39m=[32m"18"[39m
                  [33mstroke[39m=[32m"currentColor"[39m
                  [33mstroke-linecap[39m=[32m"round"[39m
                  [33mstroke-linejoin[39m=[32m"round"[39m
                  [33mstroke-width[39m=[32m"2"[39m
                  [33mviewBox[39m=[32m"0 0 24 24"[39m
                  [33mwidth[39m=[32m"18"[39m
                  [33mxmlns[39m=[32m"http://www.w3.org/2000/svg"[39m
                [36m>[39m
                  [36m<path[39m
                    [33md[39m=[32m"M5 12h14"[39m
                  [36m/>[39m
                  [36m<path[39m
                    [33md[39m=[32m"M12 5v14"[39m
                  [36m/>[39m
                [36m</svg>[39m
                [36m<span>[39m
                  [0mNew[0m
                [36m</span>[39m
              [36m</button>[39m
              [36m<button[39m
                [33maria-controls[39m=[32m"coach-command-ops"[39m
                [33maria-expanded[39m=[32m"false"[39m
                [33maria-haspopup[39m=[32m"dialog"[39m
                [33maria-label[39m=[32m"More coach actions"[39m
                [33mclass[39m=[32m"ops-button"[39m
                [33mtype[39m=[32m"button"[39m
              [36m>[39m
                [36m<svg[39m
                  [33maria-hidden[39m=[32m"true"[39m
                  [33mclass[39m=[32m"lucide lucide-more-horizontal "[39m
                  [33mfill[39m=[32m"none"[39m
                  [33mheight[39m=[32m"20"[39m
                  [33mstroke[39m=[32m"currentColor"[39m
                  [33mstroke-linecap[39m=[32m"round"[39m
                  [33mstroke-linejoin[39m=[32m"round"[39m
                  [33mstroke-width[39m=[32m"2"[39m
                  [33mviewBox[39m=[32m"0 0 24 24"[39m
                  [33mwidth[39m=[32m"20"[39m
                  [33mxmlns[39m=[32m"http://www.w3.org/2000/svg"[39m
                [36m>[39m
                  [36m<circle[39m
                    [33mcx[39m=[32m"12"[39m
                    [33mcy[39m=[32m"12"[39m
                    [33mr[39m=[32m"1"[39m
                  [36m/>[39m
                  [36m<circle[39m
                    [33mcx[39m=[32m"19"[39m
                    [33mcy[39m=[32m"12"[39m
                    [33mr[39m=[32m"1"[39m
                  [36m/>[39m
                  [36m<circle[39m
                    [33mcx[39m=[32m"5"[39m
                    [33mcy[39m=[32m"12"[39m
                    [33mr[39m=[32m"1"[39m
                  [36m/>[39m
                [36m</svg>[39m
                [36m<span>[39m
                  [0mMore[0m
                [36m</span>[39m
              [36m</button>[39m
            [36m</div>[39m
          [36m</header>[39m
          [36m<div[39m
            [33maria-hidden[39m=[32m"true"[39m
            [33mclass[39m=[32m"coach-presence-line"[39m
          [36m/>[39m
          [36m<div[39m
            [33maria-label[39m=[32m"Swan Coach sections"[39m
            [33mclass[39m=[32m"tab-bar"[39m
            [33mrole[39m=[32m"tablist"[39m
          [36m>[39m
            [36m<button[39m
              [33maria-controls[39m=[32m"coach-tabpanel-talk"[39m
              [33maria-label[39m=[32m"Talk"[39m
              [33maria-selected[39m=[32m"true"[39m
              [33mclass[39m=[32m"tab-button is-active"[39m
              [33mid[39m=[32m"coach-tab-talk"[39m
              [33mrole[39m=[32m"tab"[39m
              [33mtabindex[39m=[32m"0"[39m
              [33mtype[39m=[32m"button"[39m
            [36m>[39m
              [36m<svg[39m
                [33maria-hidden[39m=[32m"true"[39m
                [33mclass[39m=[32m"lucide lucide-mic "[39m
                [33mfill[39m=[32m"none"[39m
                [33mheight[39m=[32m"18"[39m
                [33mstroke[39m=[32m"currentColor"[39m
                [33mstroke-linecap[39m=[32m"round"[39m
                [33mstroke-linejoin[39m=[32m"round"[39m
                [33mstroke-width[39m=[32m...
[36m [2m❯[22m src/components/DashBoard/Pages/coach-assistant/CoachCommandCenterNotebook.test.tsx:[2m44:27[22m[39m
    [90m 42|[39m
    [90m 43|[39m     [35mawait[39m [34mwaitFor[39m(() [33m=>[39m {
    [90m 44|[39m       [34mexpect[39m(apiPostMock)[33m.[39m[34mtoHaveBeenCalledWith[39m([32m'/api/notes/41'[39m[33m,[39m {
    [90m   |[39m                           [31m^[39m
    [90m 45|[39m         content: 'Left knee felt stable; completed goblet squats at a …
    [90m 46|[39m         noteType[33m:[39m [32m'observation'[39m[33m,[39m
[90m [2m❯[22m runWithExpensiveErrorDiagnosticsDisabled node_modules/@testing-library/dom/dist/config.js:[2m47:12[22m[39m
[90m [2m❯[22m checkCallback node_modules/@testing-library/dom/dist/wait-for.js:[2m124:77[22m[39m
[90m [2m❯[22m Timeout.checkRealTimersCallback node_modules/@testing-library/dom/dist/wait-for.js:[2m118:16[22m[39m

[31m[2m⎯⎯⎯⎯⎯⎯⎯⎯⎯⎯⎯⎯⎯⎯⎯⎯⎯⎯⎯⎯⎯⎯⎯⎯[3/5]⎯[22m[39m

[41m[1m FAIL [22m[49m src/components/DashBoard/Pages/coach-assistant/CoachCommandCenterPage.context.test.tsx[2m > [22mCoachCommandCenterPage route context[2m > [22mcarries schedule context from the command route into command and chat lanes
[31m[1mAssertionError[22m[39m: expected "vi.fn()" to be called with arguments: [ …(2) ][90m

Received:

[1m  1st vi.fn() call:

[22m[33m@@ -1,8 +1,10 @@[90m
[2m  [[22m
[2m    "Log workout: squats 3 sets of 10.",[22m
[2m    {[22m
[31m+     "commandType": undefined,[90m
[31m+     "inputMode": "text",[90m
[2m      "routeContext": {[22m
[2m        "intent": "log_workout",[22m
[2m        "scheduledSessionCredits": 2,[22m
[2m        "scheduledSessionDate": "2026-06-07",[22m
[2m        "scheduledSessionId": "777",[22m
[39m[90m

Number of calls: [1m1[22m
[39m

Ignored nodes: comments, script, style
[36m<html>[39m
  [36m<head />[39m
  [36m<body>[39m
    [36m<div>[39m
      [36m<div[39m
        [33mclass[39m=[32m"sc-dkPvMp bhUrpt"[39m
        [33mdata-console-root[39m=[32m"true"[39m
        [33mdata-voice-state[39m=[32m"idle"[39m
        [33mstyle[39m=[32m"--mobile-dock-space: 18px;"[39m
      [36m>[39m
        [36m<div[39m
          [33maria-hidden[39m=[32m"true"[39m
          [33mclass[39m=[32m"sc-lgasgJ hzWPNN"[39m
        [36m/>[39m
        [36m<div[39m
          [33mclass[39m=[32m"bridge-shell is-chat-tab"[39m
        [36m>[39m
          [36m<header[39m
            [33mclass[39m=[32m"client-bar glass"[39m
          [36m>[39m
            [36m<div[39m
              [33maria-label[39m=[32m"Current coach context"[39m
              [33mclass[39m=[32m"now-coaching"[39m
            [36m>[39m
              [36m<span[39m
                [33mclass[39m=[32m"now-label"[39m
              [36m>[39m
                [0mNow coaching[0m
              [36m</span>[39m
              [36m<strong[39m
                [33mclass[39m=[32m"client-name"[39m
              [36m>[39m
                [0mClient #424242[0m
              [36m</strong>[39m
              [36m<label[39m
                [33mclass[39m=[32m"main-client-picker"[39m
              [36m>[39m
                [36m<span>[39m
                  [0mMain client[0m
                [36m</span>[39m
                [36m<select[39m
                  [33maria-label[39m=[32m"Main client"[39m
                [36m>[39m
                  [36m<option[39m
                    [33mvalue[39m=[32m""[39m
                  [36m>[39m
                    [0mNo main client[0m
                  [36m</option>[39m
                  [36m<option[39m
                    [33mvalue[39m=[32m"41"[39m
                  [36m>[39m
                    [0mAva Stone[0m
                  [36m</option>[39m
                  [36m<option[39m
                    [33mvalue[39m=[32m"52"[39m
                  [36m>[39m
                    [0mBen Harbor[0m
                  [36m</option>[39m
                [36m</select>[39m
              [36m</label>[39m
            [36m</div>[39m
            [36m<div[39m
              [33mclass[39m=[32m"client-bar-tools"[39m
            [36m>[39m
              [36m<button[39m
                [33maria-label[39m=[32m"New chat"[39m
                [33mclass[39m=[32m"new-client-button"[39m
                [33mtype[39m=[32m"button"[39m
              [36m>[39m
                [36m<svg[39m
                  [33maria-hidden[39m=[32m"true"[39m
                  [33mclass[39m=[32m"lucide lucide-plus "[39m
                  [33mfill[39m=[32m"none"[39m
                  [33mheight[39m=[32m"18"[39m
                  [33mstroke[39m=[32m"currentColor"[39m
                  [33mstroke-linecap[39m=[32m"round"[39m
                  [33mstroke-linejoin[39m=[32m"round"[39m
                  [33mstroke-width[39m=[32m"2"[39m
                  [33mviewBox[39m=[32m"0 0 24 24"[39m
                  [33mwidth[39m=[32m"18"[39m
                  [33mxmlns[39m=[32m"http://www.w3.org/2000/svg"[39m
                [36m>[39m
                  [36m<path[39m
                    [33md[39m=[32m"M5 12h14"[39m
                  [36m/>[39m
                  [36m<path[39m
                    [33md[39m=[32m"M12 5v14"[39m
                  [36m/>[39m
                [36m</svg>[39m
                [36m<span>[39m
                  [0mNew[0m
                [36m</span>[39m
              [36m</button>[39m
              [36m<button[39m
                [33maria-controls[39m=[32m"coach-command-ops"[39m
                [33maria-expanded[39m=[32m"false"[39m
                [33maria-haspopup[39m=[32m"dialog"[39m
                [33maria-label[39m=[32m"More coach actions"[39m
                [33mclass[39m=[32m"ops-button"[39m
                [33mtype[39m=[32m"button"[39m
              [36m>[39m
                [36m<svg[39m
                  [33maria-hidden[39m=[32m"true"[39m
                  [33mclass[39m=[32m"lucide lucide-more-horizontal "[39m
                  [33mfill[39m=[32m"none"[39m
                  [33mheight[39m=[32m"20"[39m
                  [33mstroke[39m=[32m"currentColor"[39m
                  [33mstroke-linecap[39m=[32m"round"[39m
                  [33mstroke-linejoin[39m=[32m"round"[39m
                  [33mstroke-width[39m=[32m"2"[39m
                  [33mviewBox[39m=[32m"0 0 24 24"[39m
                  [33mwidth[39m=[32m"20"[39m
                  [33mxmlns[39m=[32m"http://www.w3.org/2000/svg"[39m
                [36m>[39m
                  [36m<circle[39m
                    [33mcx[39m=[32m"12"[39m
                    [33mcy[39m=[32m"12"[39m
                    [33mr[39m=[32m"1"[39m
                  [36m/>[39m
                  [36m<circle[39m
                    [33mcx[39m=[32m"19"[39m
                    [33mcy[39m=[32m"12"[39m
                    [33mr[39m=[32m"1"[39m
                  [36m/>[39m
                  [36m<circle[39m
                    [33mcx[39m=[32m"5"[39m
                    [33mcy[39m=[32m"12"[39m
                    [33mr[39m=[32m"1"[39m
                  [36m/>[39m
                [36m</svg>[39m
                [36m<span>[39m
                  [0mMore[0m
                [36m</span>[39m
              [36m</button>[39m
            [36m</div>[39m
          [36m</header>[39m
          [36m<div[39m
            [33maria-hidden[39m=[32m"true"[39m
            [33mclass[39m=[32m"coach-presence-line"[39m
          [36m/>[39m
          [36m<div[39m
            [33maria-label[39m=[32m"Swan Coach sections"[39m
            [33mclass[39m=[32m"tab-bar"[39m
            [33mrole[39m=[32m"tablist"[39m
          [36m>[39m
            [36m<button[39m
              [33maria-controls[39m=[32m"coach-tabpanel-talk"[39m
              [33maria-label[39m=[32m"Talk"[39m
              [33maria-selected[39m=[32m"true"[39m
              [33mclass[39m=[32m"tab-button is-active"[39m
              [33mid[39m=[32m"coach-tab-talk"[39m
              [33mrole[39m=[32m"tab"[39m
              [33mtabindex[39m=[32m"0"[39m
              [33mtype[39m=[32m"button"[39m
            [36m>[39m
              [36m<svg[39m
                [33maria-hidden[39m=[32m"true"[39m
                [33mclass[39m=[32m"lucide lucide-mic "[39m
                [33mfill[39m=[32m"none"[39m
                [33mheight[39m=[32m"18"[39m
                [33mstroke[39m=[32m"currentColor"[39m
                [33mstroke-linecap[39m=[32m"round"[39m
                [33mstroke-linejoin[39m=[32m"round"[39m
                [33mstroke-width[39m=...
[36m [2m❯[22m src/components/DashBoard/Pages/coach-assistant/CoachCommandCenterPage.context.test.tsx:[2m139:34[22m[39m
    [90m137|[39m
    [90m138|[39m     [35mawait[39m [34mwaitFor[39m(() [33m=>[39m {
    [90m139|[39m       expect(executeCommandMock).toHaveBeenCalledWith('Log workout: sq…
    [90m   |[39m                                  [31m^[39m
    [90m140|[39m         selectedClientId[33m:[39m [34m424242[39m[33m,[39m
    [90m141|[39m         routeContext[33m:[39m {
[90m [2m❯[22m runWithExpensiveErrorDiagnosticsDisabled node_modules/@testing-library/dom/dist/config.js:[2m47:12[22m[39m
[90m [2m❯[22m checkCallback node_modules/@testing-library/dom/dist/wait-for.js:[2m124:77[22m[39m
[90m [2m❯[22m Timeout.checkRealTimersCallback node_modules/@testing-library/dom/dist/wait-for.js:[2m118:16[22m[39m

[31m[2m⎯⎯⎯⎯⎯⎯⎯⎯⎯⎯⎯⎯⎯⎯⎯⎯⎯⎯⎯⎯⎯⎯⎯⎯[4/5]⎯[22m[39m

[41m[1m FAIL [22m[49m src/components/DashBoard/workspaces/clients-team/tabs/TrainingTabContent.defaultSection.test.tsx[2m > [22mTrainingTabContent daily workflow default[2m > [22mforwards scheduled session context into inline Swan workout commands
[31m[1mAssertionError[22m: expected "vi.fn()" to be called with arguments: [ Array(2) ][90m

Received:

[1m  1st vi.fn() call:

[22m[33m@@ -1,8 +1,9 @@[90m
[2m  [[22m
[2m    "Log bench press 3 sets of 10",[22m
[2m    {[22m
[31m+     "inputMode": "text",[90m
[2m      "routeContext": {[22m
[2m        "intent": "daily_training_command",[22m
[2m        "scheduledSessionCredits": 2,[22m
[2m        "scheduledSessionDate": "2026-06-07",[22m
[2m        "scheduledSessionId": "72",[22m
[31m[90m

Number of calls: [1m1[22m
[31m[39m
[36m [2m❯[22m src/components/DashBoard/workspaces/clients-team/tabs/TrainingTabContent.defaultSection.test.tsx:[2m241:40[22m[39m
    [90m239|[39m     await user.click(screen.getByRole('button', { name: /send to coach…
    [90m240|[39m     await waitFor(() => expect(commandMock.executeCommand).toHaveBeenC…
    [90m241|[39m     [34mexpect[39m(commandMock[33m.[39mexecuteCommand)[33m.[39m[34mtoHaveBeenCalledWith[39m(
    [90m   |[39m                                        [31m^[39m
    [90m242|[39m       [32m'Log bench press 3 sets of 10'[39m[33m,[39m
    [90m243|[39m       {

[31m[2m⎯⎯⎯⎯⎯⎯⎯⎯⎯⎯⎯⎯⎯⎯⎯⎯⎯⎯⎯⎯⎯⎯⎯⎯[5/5]⎯[22m[39m


[2m Test Files [22m [1m[31m5 failed[39m[22m[2m | [22m[1m[32m1636 passed[39m[22m[90m (1641)[39m
[2m      Tests [22m [1m[31m5 failed[39m[22m[2m | [22m[1m[32m8529 passed[39m[22m[90m (8534)[39m
[2m   Start at [22m 13:01:57
[2m   Duration [22m 117.73s[2m (transform 71.22s, setup 299.59s, import 498.94s, tests 536.37s, environment 1831.27s)[22m

